order_id,user_id,order_amount,payment_method,user_total_orders,user_rto_count,user_rto_rate,is_first_order,device_order_velocity_24h,pincode_risk_tier,address_completeness_score,ip_shipping_distance_tier,cart_item_count,order_hour,target_is_rto
ord_46059026,cust_921246,3766.42,COD,16,0,0.0,0,1,TIER_1_METRO,0.778,0,1,20,0
ord_73632143,cust_931653,862.72,CARD,4,0,0.0,0,1,TIER_3_HIGH_RISK,0.739,0,1,12,0
ord_53864137,cust_850681,1470.8,NETBANKING,3,0,0.0,0,1,TIER_1_METRO,0.869,2,1,20,0
ord_83858509,cust_326709,1411.36,UPI,0,0,0.0,1,1,TIER_1_METRO,0.738,0,1,1,0
ord_75201633,cust_544374,4430.34,COD,6,0,0.0,0,1,TIER_1_METRO,0.51,0,1,5,0
ord_92713087,cust_403060,841.6,COD,2,0,0.0,0,1,TIER_2,0.884,0,2,17,0
ord_55827857,cust_896425,942.6,COD,8,0,0.0,0,1,TIER_3_HIGH_RISK,0.476,2,1,3,1
ord_76893896,cust_747786,1369.42,COD,5,0,0.0,0,1,TIER_1_METRO,0.755,0,2,7,0
ord_12112368,cust_131368,1280.53,UPI,11,1,0.0909,0,2,TIER_3_HIGH_RISK,0.62,0,1,14,1
ord_83825351,cust_455060,12216.56,COD,0,0,0.0,1,1,TIER_2,0.871,0,4,14,0
ord_75860676,cust_272596,478.36,COD,3,0,0.0,0,5,TIER_2,0.84,0,1,13,1
ord_98132318,cust_965756,1753.23,COD,16,3,0.1875,0,1,TIER_2,0.834,0,2,23,0
ord_97960491,cust_938714,1191.75,COD,0,0,0.0,1,1,TIER_1_METRO,0.62,1,1,3,1
ord_49365735,cust_259435,6679.05,UPI,16,4,0.25,0,1,TIER_2,0.777,2,1,0,0
ord_88507230,cust_352641,791.07,COD,3,0,0.0,0,3,TIER_3_HIGH_RISK,0.754,1,5,9,1
ord_67318243,cust_121157,1271.52,COD,4,0,0.0,0,1,TIER_1_METRO,0.699,3,2,2,1
ord_30927338,cust_501295,742.5,UPI,21,0,0.0,0,1,TIER_1_METRO,0.855,1,2,16,0
ord_85147626,cust_487740,312.55,COD,5,0,0.0,0,2,TIER_2,0.66,0,2,23,0
ord_31878426,cust_234564,285.68,COD,0,0,0.0,1,1,TIER_2,0.77,1,1,22,0
ord_51631125,cust_315342,1477.82,UPI,13,0,0.0,0,1,TIER_2,0.931,2,1,11,0
ord_63459288,cust_518597,1249.37,COD,0,0,0.0,1,1,TIER_3_HIGH_RISK,0.879,0,1,22,1
ord_40271732,cust_995592,249.0,UPI,12,0,0.0,0,1,TIER_1_METRO,0.849,0,2,14,0
ord_97364272,cust_558166,3081.5,COD,0,0,0.0,1,2,TIER_1_METRO,0.92,0,1,2,1
ord_85057004,cust_176945,7436.43,CARD,5,0,0.0,0,1,TIER_2,0.915,2,1,10,0
ord_53390879,cust_631732,2229.69,UPI,4,0,0.0,0,1,TIER_1_METRO,0.833,0,3,23,0
ord_62182965,cust_973841,5433.81,COD,0,0,0.0,1,2,TIER_1_METRO,0.654,0,2,11,1
ord_47726492,cust_702851,579.83,UPI,2,0,0.0,0,1,TIER_1_METRO,0.879,2,1,21,1
ord_26938002,cust_246712,826.44,COD,1,0,0.0,0,1,TIER_1_METRO,0.719,1,2,20,1
ord_68890190,cust_623888,1988.92,UPI,0,0,0.0,1,1,TIER_2,0.936,1,3,15,0
ord_81021806,cust_261545,843.78,COD,2,0,0.0,0,1,TIER_3_HIGH_RISK,0.795,0,2,15,0
ord_73861736,cust_425144,1305.21,UPI,0,0,0.0,1,1,TIER_1_METRO,0.513,2,4,23,0
ord_29847987,cust_348465,2569.71,CARD,0,0,0.0,1,1,TIER_2,0.715,1,1,16,0
ord_39988602,cust_759650,1336.19,COD,12,0,0.0,0,5,TIER_3_HIGH_RISK,0.414,0,3,15,1
ord_99004885,cust_882190,609.33,UPI,0,0,0.0,1,3,TIER_3_HIGH_RISK,0.563,0,1,14,1
ord_54990622,cust_580420,2699.06,NETBANKING,0,0,0.0,1,1,TIER_1_METRO,0.868,0,3,4,0
ord_74505778,cust_417473,2355.09,UPI,4,0,0.0,0,1,TIER_1_METRO,0.657,2,1,14,0
ord_28492846,cust_241248,317.48,COD,0,0,0.0,1,1,TIER_1_METRO,0.896,0,1,2,1
ord_68842658,cust_124996,13803.53,CARD,0,0,0.0,1,1,TIER_3_HIGH_RISK,0.499,1,1,11,0
ord_75213207,cust_902735,441.46,COD,0,0,0.0,1,1,TIER_3_HIGH_RISK,0.754,0,5,12,1
ord_50553798,cust_474340,2081.2,COD,2,0,0.0,0,1,TIER_2,0.719,0,1,16,1
ord_90279861,cust_367600,7785.59,COD,9,0,0.0,0,2,TIER_1_METRO,0.934,0,1,5,0
ord_93399173,cust_882234,1553.7,COD,3,0,0.0,0,1,TIER_1_METRO,0.588,1,2,16,0
ord_79905511,cust_634402,1907.25,COD,0,0,0.0,1,1,TIER_1_METRO,0.901,3,2,1,1
ord_13594128,cust_173541,2339.47,CARD,4,0,0.0,0,1,TIER_1_METRO,0.837,0,3,11,0
ord_93692386,cust_491029,763.6,UPI,6,0,0.0,0,1,TIER_1_METRO,0.918,0,1,2,0
ord_28371718,cust_898184,735.39,COD,3,0,0.0,0,1,TIER_2,0.755,2,4,11,0
ord_47091985,cust_278215,249.0,COD,0,0,0.0,1,1,TIER_2,0.83,2,1,21,0
ord_93802796,cust_620709,1742.48,COD,0,0,0.0,1,1,TIER_3_HIGH_RISK,0.562,0,2,14,0
ord_51831301,cust_987655,1746.89,COD,20,4,0.2,0,1,TIER_1_METRO,0.648,0,1,20,0
ord_21808606,cust_975022,1458.78,COD,11,0,0.0,0,1,TIER_2,0.715,2,2,1,0
ord_56439429,cust_365283,481.81,UPI,4,0,0.0,0,1,TIER_1_METRO,0.9,1,4,21,0
ord_28298917,cust_951590,1159.24,COD,0,0,0.0,1,1,TIER_2,0.629,0,2,22,1
ord_72396414,cust_445282,1097.81,CARD,0,0,0.0,1,1,TIER_2,0.724,2,1,6,0
ord_55169625,cust_592269,1891.61,UPI,10,2,0.2,0,1,TIER_2,0.853,2,1,5,0
ord_49465270,cust_785691,819.14,COD,4,0,0.0,0,2,TIER_3_HIGH_RISK,0.551,2,1,22,1
ord_53255168,cust_254558,1417.78,COD,6,0,0.0,0,1,TIER_3_HIGH_RISK,0.747,0,2,1,0
ord_97817147,cust_488126,710.58,UPI,8,0,0.0,0,2,TIER_3_HIGH_RISK,0.69,3,1,10,0
ord_23117447,cust_347704,3240.92,COD,0,0,0.0,1,2,TIER_2,0.696,0,1,3,1
ord_76441338,cust_191818,1486.23,UPI,3,0,0.0,0,1,TIER_3_HIGH_RISK,0.535,2,1,16,0
ord_11173077,cust_415414,558.47,COD,3,0,0.0,0,1,TIER_1_METRO,0.899,1,2,12,0
ord_32004581,cust_958089,3343.19,CARD,0,0,0.0,1,1,TIER_1_METRO,0.954,2,1,3,0
ord_35492108,cust_880268,493.45,UPI,12,0,0.0,0,1,TIER_3_HIGH_RISK,0.825,1,2,2,0
ord_62774015,cust_910961,1314.11,UPI,0,0,0.0,1,1,TIER_3_HIGH_RISK,0.778,0,1,15,0
ord_63412976,cust_760081,3356.41,COD,11,1,0.0909,0,3,TIER_2,0.518,0,3,13,1
ord_92347016,cust_432643,1788.31,COD,6,0,0.0,0,1,TIER_2,0.907,0,2,7,0
ord_72198050,cust_920677,1904.22,COD,2,0,0.0,0,1,TIER_3_HIGH_RISK,0.733,0,2,13,1
ord_29646137,cust_106714,577.79,UPI,1,0,0.0,0,5,TIER_1_METRO,0.934,2,1,8,0
ord_79870487,cust_118243,1228.28,COD,0,0,0.0,1,2,TIER_3_HIGH_RISK,0.878,0,1,1,1
ord_79867991,cust_141132,841.48,COD,0,0,0.0,1,1,TIER_1_METRO,0.489,3,1,1,1
ord_57766655,cust_306748,2645.27,COD,3,0,0.0,0,1,TIER_2,0.942,2,1,1,0
ord_38172140,cust_278066,351.77,NETBANKING,8,0,0.0,0,2,TIER_3_HIGH_RISK,0.676,1,2,17,0
ord_69963387,cust_360314,711.0,COD,6,0,0.0,0,3,TIER_2,0.822,0,3,8,0
ord_56606102,cust_878985,864.83,CARD,8,0,0.0,0,1,TIER_1_METRO,0.988,0,4,0,0
ord_92054816,cust_344965,1751.11,CARD,0,0,0.0,1,1,TIER_3_HIGH_RISK,0.683,0,1,8,1
ord_16867526,cust_635613,748.52,COD,3,0,0.0,0,1,TIER_3_HIGH_RISK,0.543,1,1,0,0
ord_64457551,cust_919227,866.51,COD,6,1,0.1667,0,1,TIER_2,0.955,0,1,9,1
ord_10148469,cust_218778,923.27,COD,10,2,0.2,0,2,TIER_1_METRO,0.837,0,2,7,0
ord_71041997,cust_755080,728.16,COD,0,0,0.0,1,1,TIER_2,0.89,0,1,15,0
ord_45002379,cust_578704,2772.01,COD,4,0,0.0,0,1,TIER_3_HIGH_RISK,0.795,0,1,23,1
ord_52101517,cust_288302,1667.85,UPI,4,0,0.0,0,1,TIER_1_METRO,0.765,0,1,4,0
ord_79583832,cust_989974,1488.11,UPI,0,0,0.0,1,1,TIER_1_METRO,0.971,0,1,20,0
ord_80984280,cust_510346,6488.65,COD,12,1,0.0833,0,1,TIER_3_HIGH_RISK,0.672,0,2,19,1
ord_43957754,cust_805662,1456.06,COD,5,0,0.0,0,1,TIER_3_HIGH_RISK,0.412,1,2,0,0
ord_83808608,cust_703311,752.29,NETBANKING,2,0,0.0,0,2,TIER_2,0.777,0,1,4,0
ord_57031920,cust_768987,1318.82,COD,10,2,0.2,0,1,TIER_2,0.699,2,3,23,1
ord_59967619,cust_859401,1620.22,UPI,3,0,0.0,0,1,TIER_1_METRO,0.68,0,1,1,0
ord_50885858,cust_200244,438.05,COD,7,2,0.2857,0,1,TIER_1_METRO,0.613,1,2,23,1
ord_51869822,cust_147419,1239.16,COD,18,0,0.0,0,1,TIER_2,0.802,0,2,13,0
ord_44109026,cust_645946,902.45,UPI,0,0,0.0,1,1,TIER_3_HIGH_RISK,0.566,0,3,18,0
ord_35227191,cust_576799,2645.11,COD,5,0,0.0,0,2,TIER_1_METRO,0.736,1,1,15,0
ord_46586547,cust_414636,909.1,UPI,1,0,0.0,0,1,TIER_1_METRO,0.745,1,1,9,0
ord_21783445,cust_695063,4167.24,CARD,10,1,0.1,0,1,TIER_2,0.744,0,1,16,0
ord_50342474,cust_945901,1032.09,COD,0,0,0.0,1,1,TIER_1_METRO,0.837,1,1,15,0
ord_31595276,cust_895754,396.92,UPI,2,1,0.5,0,1,TIER_1_METRO,0.95,1,1,23,0
ord_28598124,cust_464758,1116.69,UPI,5,0,0.0,0,1,TIER_3_HIGH_RISK,0.697,1,3,7,0
ord_77552809,cust_138237,533.08,COD,5,0,0.0,0,1,TIER_2,0.983,2,1,20,0
ord_17330395,cust_554699,827.94,UPI,0,0,0.0,1,2,TIER_1_METRO,0.777,0,1,8,0
ord_19277584,cust_773317,970.9,CARD,0,0,0.0,1,1,TIER_1_METRO,0.656,0,1,6,0
ord_96222886,cust_315958,1063.32,UPI,0,0,0.0,1,1,TIER_1_METRO,0.632,1,1,6,0
ord_86989724,cust_813537,1533.45,COD,0,0,0.0,1,1,TIER_3_HIGH_RISK,0.772,0,1,6,1
ord_28317940,cust_703386,1386.16,UPI,2,0,0.0,0,2,TIER_2,0.925,2,1,11,0
ord_23090642,cust_568668,717.46,NETBANKING,4,1,0.25,0,1,TIER_2,0.888,0,1,0,0
ord_94811073,cust_850633,2677.1,UPI,6,0,0.0,0,1,TIER_1_METRO,0.962,1,1,23,0
ord_21506305,cust_359711,280.13,COD,20,1,0.05,0,1,TIER_2,0.807,0,1,3,0
ord_65245653,cust_980570,1203.79,COD,0,0,0.0,1,3,TIER_2,0.958,1,2,4,1
ord_57453056,cust_524824,2375.02,UPI,5,1,0.2,0,1,TIER_3_HIGH_RISK,0.735,0,2,4,0
ord_69912158,cust_673570,2502.45,COD,3,0,0.0,0,1,TIER_2,0.854,0,2,17,1
ord_85779042,cust_346027,745.11,COD,5,2,0.4,0,2,TIER_1_METRO,0.81,0,1,13,0
ord_20688727,cust_324731,2168.99,COD,0,0,0.0,1,1,TIER_1_METRO,0.763,1,2,16,0
ord_55214597,cust_124809,729.91,COD,0,0,0.0,1,1,TIER_1_METRO,0.912,1,1,15,0
ord_82789684,cust_982326,2069.77,UPI,0,0,0.0,1,1,TIER_3_HIGH_RISK,0.816,2,1,19,1
ord_50840031,cust_126863,1531.05,UPI,5,1,0.2,0,1,TIER_1_METRO,0.708,1,1,1,0
ord_46253447,cust_997383,2683.27,CARD,14,1,0.0714,0,1,TIER_1_METRO,0.805,2,1,10,0
ord_45400396,cust_633415,592.37,UPI,6,0,0.0,0,2,TIER_2,0.961,2,4,8,1
ord_54945123,cust_573851,405.56,COD,5,0,0.0,0,1,TIER_2,0.928,0,3,23,0
ord_23143608,cust_907734,4250.37,UPI,2,0,0.0,0,3,TIER_1_METRO,0.537,0,2,21,0
ord_98988447,cust_378295,280.49,COD,0,0,0.0,1,2,TIER_2,0.803,1,1,9,1
ord_67991029,cust_178871,626.79,COD,7,0,0.0,0,1,TIER_3_HIGH_RISK,0.664,0,1,9,1
ord_67395058,cust_801346,1570.96,UPI,0,0,0.0,1,2,TIER_2,0.92,2,2,7,0
ord_33637222,cust_108367,974.97,COD,4,0,0.0,0,1,TIER_3_HIGH_RISK,0.397,3,1,4,1
ord_53623911,cust_791047,3020.1,UPI,0,0,0.0,1,1,TIER_3_HIGH_RISK,0.477,0,1,19,1
ord_98238972,cust_857861,291.98,COD,6,0,0.0,0,1,TIER_2,0.9,0,1,23,0
ord_29611739,cust_621627,1077.15,COD,2,0,0.0,0,4,TIER_3_HIGH_RISK,0.681,2,3,20,1
ord_50975186,cust_359407,283.83,UPI,10,0,0.0,0,1,TIER_2,0.688,0,1,3,0
ord_13890549,cust_732381,801.21,NETBANKING,5,0,0.0,0,1,TIER_1_METRO,0.682,1,2,10,0
ord_51628366,cust_637636,1140.23,COD,4,0,0.0,0,1,TIER_1_METRO,0.711,0,5,2,0
ord_13224400,cust_221840,1649.22,COD,5,0,0.0,0,4,TIER_2,0.789,0,3,4,1
ord_39404164,cust_948358,1281.94,CARD,0,0,0.0,1,1,TIER_3_HIGH_RISK,0.628,0,1,9,1
ord_73655986,cust_546288,1544.52,COD,0,0,0.0,1,4,TIER_2,0.688,2,2,20,1
ord_46796654,cust_415302,1973.94,COD,0,0,0.0,1,1,TIER_2,0.768,2,1,6,0
ord_72609637,cust_868758,6670.0,COD,6,0,0.0,0,2,TIER_2,0.498,2,3,22,0
ord_65386027,cust_333151,2759.15,UPI,3,0,0.0,0,1,TIER_1_METRO,0.357,1,1,13,0
ord_55520547,cust_962662,1009.55,NETBANKING,3,0,0.0,0,1,TIER_2,0.869,1,1,15,0
ord_36906511,cust_152832,1693.18,COD,1,0,0.0,0,1,TIER_2,0.908,3,1,3,1
ord_80668840,cust_259270,305.4,COD,0,0,0.0,1,1,TIER_1_METRO,0.729,0,4,9,1
ord_97885223,cust_689409,1490.38,COD,0,0,0.0,1,1,TIER_3_HIGH_RISK,0.635,0,3,6,1
ord_50133569,cust_968450,692.84,UPI,0,0,0.0,1,1,TIER_1_METRO,0.793,1,1,16,0
ord_17778748,cust_811921,2168.62,UPI,6,0,0.0,0,1,TIER_3_HIGH_RISK,0.247,0,1,15,0
ord_89646633,cust_230229,3203.49,COD,2,0,0.0,0,2,TIER_1_METRO,0.968,1,4,10,1
ord_68954235,cust_335530,1645.73,CARD,0,0,0.0,1,1,TIER_2,0.694,0,4,10,0
ord_67396306,cust_409169,432.31,COD,8,0,0.0,0,1,TIER_2,0.93,3,3,16,1
ord_65143704,cust_731820,1330.6,COD,0,0,0.0,1,1,TIER_2,0.925,1,2,6,0
ord_69723895,cust_572374,2881.26,UPI,3,0,0.0,0,1,TIER_3_HIGH_RISK,0.848,2,1,17,0
ord_48791628,cust_789126,7040.4,COD,0,0,0.0,1,2,TIER_3_HIGH_RISK,0.587,0,1,21,1
ord_44104860,cust_734887,2640.38,UPI,3,0,0.0,0,7,TIER_1_METRO,0.574,1,4,21,1
ord_25348646,cust_952259,817.67,COD,6,0,0.0,0,1,TIER_1_METRO,0.763,1,2,21,0
ord_85094484,cust_569363,685.47,COD,0,0,0.0,1,2,TIER_2,0.964,2,3,8,1
ord_68061043,cust_913991,266.49,UPI,20,1,0.05,0,2,TIER_1_METRO,0.857,1,1,4,0
ord_49839283,cust_475360,1033.72,COD,10,0,0.0,0,1,TIER_1_METRO,0.779,0,1,22,0
ord_44663163,cust_371686,1311.84,UPI,0,0,0.0,1,1,TIER_2,0.736,0,1,11,0
ord_41853087,cust_833349,1528.26,COD,1,0,0.0,0,1,TIER_2,0.78,0,1,5,0
ord_63962745,cust_690940,1426.38,COD,2,0,0.0,0,1,TIER_1_METRO,0.923,1,1,21,0
ord_19449168,cust_648442,1361.57,UPI,4,0,0.0,0,1,TIER_2,0.694,0,1,18,0
ord_93604679,cust_920007,1336.25,UPI,0,0,0.0,1,1,TIER_1_METRO,0.809,0,2,13,0
ord_30606265,cust_641332,440.44,COD,15,0,0.0,0,3,TIER_2,0.854,2,1,6,1
ord_48538877,cust_581294,266.57,COD,0,0,0.0,1,1,TIER_2,0.633,0,1,6,1
ord_36683911,cust_939208,1316.89,COD,0,0,0.0,1,1,TIER_2,0.791,1,1,23,0
ord_70528967,cust_452431,4109.9,COD,8,0,0.0,0,1,TIER_1_METRO,0.949,1,3,8,0
ord_87388048,cust_123178,2723.25,COD,4,0,0.0,0,4,TIER_2,0.59,2,1,12,0
ord_66242142,cust_455462,506.99,CARD,7,1,0.1429,0,1,TIER_2,0.657,2,1,1,0
ord_56425925,cust_448632,1293.63,COD,13,0,0.0,0,1,TIER_1_METRO,0.811,2,1,13,0
ord_28156449,cust_231440,1921.95,COD,0,0,0.0,1,1,TIER_1_METRO,0.754,0,1,20,1
ord_88848663,cust_746905,2160.32,COD,7,0,0.0,0,1,TIER_3_HIGH_RISK,0.561,1,2,9,1
ord_97901550,cust_754373,587.8,NETBANKING,0,0,0.0,1,1,TIER_3_HIGH_RISK,0.54,0,1,21,0
ord_83914833,cust_134635,732.2,UPI,0,0,0.0,1,1,TIER_3_HIGH_RISK,0.424,0,1,12,1
ord_57447769,cust_604473,479.85,COD,8,1,0.125,0,1,TIER_3_HIGH_RISK,0.667,2,3,8,1
ord_98148991,cust_709337,12230.04,UPI,13,0,0.0,0,2,TIER_2,0.95,0,1,8,0
ord_81224605,cust_982479,874.61,UPI,6,0,0.0,0,1,TIER_2,0.574,0,1,15,0
ord_15584581,cust_603040,1703.14,UPI,0,0,0.0,1,1,TIER_3_HIGH_RISK,0.346,0,3,20,0
ord_33443229,cust_570258,963.85,COD,0,0,0.0,1,1,TIER_1_METRO,0.692,2,1,22,0
ord_50549223,cust_901088,950.89,COD,6,1,0.1667,0,1,TIER_3_HIGH_RISK,0.719,0,2,1,1
ord_39079221,cust_922138,1596.77,UPI,5,0,0.0,0,1,TIER_2,0.796,2,2,4,0
ord_49727481,cust_952128,1246.41,COD,4,0,0.0,0,1,TIER_3_HIGH_RISK,0.627,0,1,1,0
ord_44228244,cust_573479,1055.3,COD,6,0,0.0,0,1,TIER_1_METRO,0.915,0,8,23,0
ord_12336798,cust_410719,484.37,COD,12,1,0.0833,0,1,TIER_2,0.905,0,1,10,1
ord_89324705,cust_786229,1728.07,COD,1,0,0.0,0,4,TIER_2,0.808,1,3,19,1
ord_61117909,cust_113448,2241.2,UPI,7,0,0.0,0,4,TIER_3_HIGH_RISK,0.72,0,1,19,0
ord_17770032,cust_426421,2354.03,UPI,5,0,0.0,0,1,TIER_2,0.758,0,2,10,0
ord_47176570,cust_215278,1148.33,UPI,0,0,0.0,1,1,TIER_2,0.751,1,1,13,0
ord_72344320,cust_445938,403.34,UPI,8,0,0.0,0,1,TIER_1_METRO,0.585,0,1,17,0
ord_84016872,cust_607731,1911.96,COD,3,0,0.0,0,1,TIER_1_METRO,0.912,1,1,7,0
ord_76292037,cust_114332,595.81,UPI,2,0,0.0,0,1,TIER_1_METRO,0.928,0,1,2,0
ord_28103047,cust_258554,1236.11,UPI,21,0,0.0,0,1,TIER_3_HIGH_RISK,0.66,0,1,11,0
ord_82456281,cust_551816,1234.49,COD,2,0,0.0,0,4,TIER_3_HIGH_RISK,0.41,1,1,10,1
ord_39644421,cust_944785,587.56,UPI,4,0,0.0,0,1,TIER_2,0.905,1,3,16,0
ord_94328141,cust_719266,582.92,COD,5,0,0.0,0,2,TIER_2,0.886,1,2,18,0
ord_12375093,cust_149934,842.62,COD,5,0,0.0,0,1,TIER_3_HIGH_RISK,0.731,0,3,4,1
ord_63028791,cust_124956,7641.99,COD,0,0,0.0,1,1,TIER_1_METRO,0.737,2,1,15,1
ord_49982531,cust_265426,901.09,COD,8,0,0.0,0,1,TIER_2,0.852,0,3,5,0
ord_28669724,cust_213585,351.09,COD,9,1,0.1111,0,1,TIER_2,0.815,1,1,11,1
ord_42522999,cust_679502,691.31,COD,6,0,0.0,0,1,TIER_1_METRO,0.956,1,2,3,0
ord_71767845,cust_455125,2238.9,COD,12,0,0.0,0,1,TIER_1_METRO,0.924,0,3,9,0
ord_84251591,cust_614618,1610.82,COD,1,0,0.0,0,1,TIER_1_METRO,0.858,1,2,6,1
ord_82989463,cust_716219,987.51,COD,7,0,0.0,0,1,TIER_2,0.763,0,1,10,1
ord_96881845,cust_234405,1425.79,NETBANKING,0,0,0.0,1,1,TIER_1_METRO,0.874,0,1,13,0
ord_43929665,cust_481003,1399.62,UPI,0,0,0.0,1,2,TIER_1_METRO,0.943,2,2,22,0
ord_98703922,cust_452832,2186.56,COD,19,0,0.0,0,1,TIER_3_HIGH_RISK,0.666,0,2,15,1
ord_55643397,cust_672723,2131.88,COD,0,0,0.0,1,1,TIER_2,0.913,1,1,18,0
ord_81801353,cust_380931,1194.59,UPI,9,1,0.1111,0,1,TIER_2,0.936,1,1,16,0
ord_44291982,cust_326713,2005.4,COD,5,1,0.2,0,2,TIER_1_METRO,0.852,2,1,23,0
ord_66639013,cust_403942,679.32,COD,3,0,0.0,0,1,TIER_2,0.96,0,3,16,0
ord_22750721,cust_819937,817.22,UPI,6,0,0.0,0,2,TIER_2,0.927,2,1,8,0
ord_28354343,cust_884583,1256.17,COD,6,1,0.1667,0,1,TIER_3_HIGH_RISK,0.445,1,2,6,1
ord_52307399,cust_362025,2266.28,COD,0,0,0.0,1,1,TIER_1_METRO,0.628,0,5,16,0
ord_83633231,cust_674656,2662.03,COD,10,0,0.0,0,1,TIER_2,0.756,1,1,7,0
ord_72050270,cust_770181,813.33,UPI,2,0,0.0,0,2,TIER_1_METRO,0.593,2,1,14,0
ord_52298471,cust_629593,650.76,NETBANKING,7,0,0.0,0,3,TIER_3_HIGH_RISK,0.557,0,1,11,0
ord_49049611,cust_212178,714.82,CARD,0,0,0.0,1,1,TIER_2,0.764,0,3,19,0
ord_12784975,cust_205711,565.82,UPI,0,0,0.0,1,1,TIER_1_METRO,0.776,3,1,18,0
ord_70847125,cust_198901,674.6,COD,0,0,0.0,1,1,TIER_1_METRO,0.793,0,2,12,0
ord_10692924,cust_660468,797.66,UPI,24,0,0.0,0,5,TIER_3_HIGH_RISK,0.673,2,2,12,0
ord_28246135,cust_715438,1043.23,COD,6,1,0.1667,0,2,TIER_3_HIGH_RISK,0.577,1,1,12,1
ord_61662376,cust_802789,1516.86,COD,0,0,0.0,1,2,TIER_1_METRO,0.705,0,2,0,0
ord_83418978,cust_101223,2662.28,UPI,9,2,0.2222,0,1,TIER_2,0.794,1,2,19,0
ord_13330922,cust_836448,1740.6,UPI,0,0,0.0,1,2,TIER_2,0.938,1,1,0,0
ord_63304529,cust_523062,513.87,UPI,0,0,0.0,1,3,TIER_2,0.804,0,5,9,0
ord_89992949,cust_101745,482.7,COD,6,0,0.0,0,1,TIER_1_METRO,0.915,0,1,13,0
ord_63256185,cust_516428,1448.81,COD,0,0,0.0,1,3,TIER_2,0.803,0,4,23,1
ord_47342772,cust_562403,1577.37,COD,10,2,0.2,0,1,TIER_2,0.62,0,1,1,1
ord_61481959,cust_397691,4040.67,UPI,0,0,0.0,1,2,TIER_2,0.796,1,1,14,1
ord_58207955,cust_830433,3899.36,COD,0,0,0.0,1,1,TIER_1_METRO,0.861,2,1,3,0
ord_66564401,cust_625608,4212.06,COD,3,0,0.0,0,1,TIER_2,0.675,1,1,23,1
ord_27504684,cust_201980,694.1,COD,17,0,0.0,0,1,TIER_1_METRO,0.793,0,2,21,0
ord_26010986,cust_633203,1518.42,NETBANKING,0,0,0.0,1,1,TIER_1_METRO,0.629,2,3,0,0
ord_88038555,cust_659990,1186.22,COD,3,0,0.0,0,1,TIER_1_METRO,0.965,3,2,7,0
ord_97999933,cust_782754,715.24,COD,0,0,0.0,1,1,TIER_1_METRO,0.291,1,1,2,1
ord_87219671,cust_305532,405.18,UPI,4,0,0.0,0,1,TIER_3_HIGH_RISK,0.646,0,1,16,0
ord_72750320,cust_541385,696.57,COD,0,0,0.0,1,1,TIER_2,0.92,1,1,0,0
ord_64982283,cust_108255,770.73,UPI,2,0,0.0,0,1,TIER_2,0.817,0,3,3,0
ord_16438505,cust_530703,4679.1,COD,7,0,0.0,0,1,TIER_1_METRO,0.586,2,4,10,0
ord_28311446,cust_339173,2357.2,NETBANKING,0,0,0.0,1,1,TIER_1_METRO,0.745,0,1,17,0
ord_10829119,cust_646701,516.75,COD,0,0,0.0,1,1,TIER_1_METRO,0.658,0,1,14,1
ord_13325315,cust_509991,1170.37,COD,7,0,0.0,0,1,TIER_2,0.835,0,1,6,0
ord_26206833,cust_746174,503.89,COD,2,0,0.0,0,1,TIER_1_METRO,0.928,0,3,10,1
ord_38044174,cust_726816,1169.07,NETBANKING,0,0,0.0,1,1,TIER_3_HIGH_RISK,0.764,0,3,16,0
ord_71864219,cust_472209,1239.48,UPI,0,0,0.0,1,2,TIER_1_METRO,0.79,0,3,16,0
ord_89688895,cust_879824,883.28,CARD,10,0,0.0,0,2,TIER_2,0.673,1,2,15,0
ord_87757572,cust_946791,646.21,COD,2,0,0.0,0,2,TIER_1_METRO,0.67,1,1,7,1
ord_34276628,cust_172468,2179.5,COD,10,0,0.0,0,1,TIER_3_HIGH_RISK,0.7,2,1,12,0
ord_22184706,cust_757262,4488.56,COD,0,0,0.0,1,4,TIER_2,0.865,0,1,21,1
ord_37729937,cust_931594,528.95,COD,3,0,0.0,0,1,TIER_2,0.667,0,4,4,1
ord_18164962,cust_275931,1179.08,CARD,21,2,0.0952,0,1,TIER_3_HIGH_RISK,0.869,0,2,0,0
ord_79294318,cust_162714,383.19,COD,0,0,0.0,1,1,TIER_2,0.844,0,2,12,1
ord_15254230,cust_180853,1001.38,UPI,0,0,0.0,1,2,TIER_3_HIGH_RISK,0.803,1,1,22,0
ord_70146616,cust_935471,2017.41,COD,0,0,0.0,1,4,TIER_2,0.6,0,1,20,1
ord_34198505,cust_628048,2239.61,COD,0,0,0.0,1,1,TIER_1_METRO,0.484,0,1,16,1
ord_69357549,cust_172353,263.97,COD,2,0,0.0,0,2,TIER_1_METRO,0.881,2,4,11,0
ord_73114108,cust_243932,840.65,COD,9,0,0.0,0,1,TIER_2,0.642,2,1,6,0
ord_72867959,cust_912344,2254.38,CARD,0,0,0.0,1,1,TIER_2,0.962,0,1,17,0
ord_95476223,cust_257499,1126.34,UPI,6,0,0.0,0,1,TIER_3_HIGH_RISK,0.675,1,2,12,0
ord_22027950,cust_151538,717.95,UPI,7,0,0.0,0,1,TIER_2,0.85,0,3,1,0
ord_25726259,cust_782083,528.64,UPI,4,0,0.0,0,1,TIER_1_METRO,0.847,1,5,4,0
ord_53797300,cust_333084,4300.57,CARD,2,1,0.5,0,2,TIER_2,0.596,1,2,6,0
ord_77774843,cust_830158,374.93,COD,4,0,0.0,0,1,TIER_3_HIGH_RISK,0.445,1,2,4,1
ord_33544744,cust_926814,528.6,UPI,5,1,0.2,0,1,TIER_2,0.594,0,2,6,1
ord_62340974,cust_121747,1047.36,COD,0,0,0.0,1,2,TIER_2,0.665,1,1,16,1
ord_51092244,cust_765474,976.88,COD,16,1,0.0625,0,5,TIER_2,0.797,2,1,23,1
ord_65659228,cust_758450,396.44,COD,12,2,0.1667,0,1,TIER_1_METRO,0.64,1,2,10,0
ord_42377375,cust_361387,1545.1,CARD,4,0,0.0,0,1,TIER_2,0.8,0,1,4,0
ord_95795183,cust_693519,3541.11,UPI,0,0,0.0,1,1,TIER_1_METRO,0.92,2,2,22,0
ord_65026153,cust_538054,413.79,COD,0,0,0.0,1,1,TIER_3_HIGH_RISK,0.791,2,2,18,1
ord_46574011,cust_190868,958.21,UPI,5,0,0.0,0,1,TIER_1_METRO,0.572,1,1,18,0
ord_41480746,cust_224433,1482.74,COD,0,0,0.0,1,2,TIER_2,0.93,0,1,2,0
ord_32975169,cust_764874,3674.84,COD,4,0,0.0,0,1,TIER_1_METRO,0.816,0,2,23,0
ord_80721474,cust_755954,639.57,COD,0,0,0.0,1,1,TIER_3_HIGH_RISK,0.329,0,2,15,1
ord_13678621,cust_937769,724.15,COD,11,0,0.0,0,2,TIER_2,0.727,3,1,9,1
ord_69539811,cust_882670,705.45,CARD,8,0,0.0,0,1,TIER_2,0.872,2,1,8,0
ord_96096926,cust_183162,863.5,COD,9,0,0.0,0,2,TIER_2,0.512,1,1,2,0
ord_40436906,cust_371698,865.4,CARD,3,0,0.0,0,2,TIER_3_HIGH_RISK,0.581,1,1,19,0
ord_23426433,cust_703986,818.87,UPI,0,0,0.0,1,1,TIER_3_HIGH_RISK,0.468,1,1,15,0
ord_24368342,cust_275556,4843.47,COD,4,0,0.0,0,1,TIER_3_HIGH_RISK,0.837,0,1,23,1
ord_10479177,cust_930665,3832.49,COD,0,0,0.0,1,2,TIER_1_METRO,0.67,2,3,3,0
ord_77287846,cust_497341,730.77,CARD,0,0,0.0,1,3,TIER_2,0.86,0,5,19,0
ord_14900164,cust_897147,1035.66,UPI,7,0,0.0,0,1,TIER_2,0.746,0,4,6,0
ord_91522052,cust_636761,1487.23,CARD,0,0,0.0,1,2,TIER_3_HIGH_RISK,0.396,0,1,1,0
ord_55709216,cust_402728,1207.21,UPI,0,0,0.0,1,1,TIER_2,0.499,0,1,16,0
ord_71850768,cust_831099,549.95,CARD,0,0,0.0,1,1,TIER_2,0.862,0,1,20,0
ord_68760015,cust_973286,1927.68,COD,7,0,0.0,0,2,TIER_3_HIGH_RISK,0.893,2,1,21,0
ord_94366700,cust_567799,1156.87,NETBANKING,0,0,0.0,1,1,TIER_2,0.919,0,1,21,0
ord_53660866,cust_330804,589.88,CARD,11,0,0.0,0,1,TIER_1_METRO,0.957,1,2,10,0
ord_44812381,cust_476244,1347.02,COD,3,0,0.0,0,1,TIER_1_METRO,0.577,0,1,16,0
ord_61267968,cust_603747,1301.21,COD,0,0,0.0,1,1,TIER_2,0.696,3,3,8,0
ord_78908835,cust_449780,915.14,UPI,1,0,0.0,0,4,TIER_1_METRO,0.455,0,2,16,1
ord_70191873,cust_141815,1188.88,UPI,2,0,0.0,0,1,TIER_1_METRO,0.914,0,1,12,0
ord_24726965,cust_846958,1861.73,COD,13,0,0.0,0,1,TIER_3_HIGH_RISK,0.629,2,1,21,0
ord_20390284,cust_391040,748.55,CARD,6,1,0.1667,0,1,TIER_2,0.935,2,3,11,1
ord_33773135,cust_626121,938.42,COD,13,8,0.6154,0,3,TIER_1_METRO,0.468,0,2,10,1
ord_63009395,cust_258516,2772.77,CARD,0,0,0.0,1,1,TIER_1_METRO,0.874,1,5,22,0
ord_93052276,cust_103877,4210.03,CARD,5,0,0.0,0,4,TIER_2,0.905,2,1,3,0
ord_19885820,cust_121694,973.66,UPI,5,0,0.0,0,1,TIER_1_METRO,0.933,1,1,15,0
ord_71010402,cust_499178,849.43,COD,0,0,0.0,1,1,TIER_3_HIGH_RISK,0.157,1,2,23,1
ord_59357330,cust_913595,1146.14,UPI,0,0,0.0,1,3,TIER_1_METRO,0.877,1,1,5,1
ord_39991761,cust_707777,581.55,COD,9,1,0.1111,0,1,TIER_1_METRO,0.804,2,1,20,0
ord_98854981,cust_451230,1182.81,COD,0,0,0.0,1,2,TIER_2,0.901,2,1,10,1
ord_68454884,cust_339026,499.79,UPI,6,0,0.0,0,1,TIER_2,0.815,0,1,12,0
ord_94739239,cust_848777,2607.02,UPI,7,0,0.0,0,2,TIER_2,0.799,0,2,2,0
ord_81041477,cust_476276,249.0,UPI,0,0,0.0,1,1,TIER_2,0.911,2,5,7,1
ord_65230489,cust_685887,290.0,COD,13,0,0.0,0,4,TIER_2,0.945,1,1,15,1
ord_81870379,cust_970163,1538.08,UPI,2,0,0.0,0,1,TIER_1_METRO,0.428,0,2,15,0
ord_29511512,cust_414771,1011.01,COD,15,1,0.0667,0,1,TIER_2,0.841,0,1,23,0
ord_80379073,cust_712666,1513.36,COD,6,0,0.0,0,3,TIER_1_METRO,0.756,1,2,10,0
ord_89607155,cust_957111,543.01,UPI,0,0,0.0,1,1,TIER_2,0.941,2,1,1,0
ord_50910172,cust_574406,249.0,COD,6,0,0.0,0,3,TIER_3_HIGH_RISK,0.684,1,1,0,0
ord_91768440,cust_268444,790.23,COD,0,0,0.0,1,1,TIER_2,0.752,0,1,9,0
ord_50112074,cust_109096,1103.65,UPI,0,0,0.0,1,1,TIER_2,0.885,1,1,17,0
ord_15250295,cust_656229,1515.56,UPI,6,0,0.0,0,5,TIER_1_METRO,0.619,1,1,12,0
ord_18890111,cust_917364,738.95,UPI,5,1,0.2,0,3,TIER_3_HIGH_RISK,0.728,1,2,21,1
ord_40223477,cust_990148,1201.04,UPI,0,0,0.0,1,1,TIER_1_METRO,0.805,0,3,12,1
ord_71819576,cust_983939,3295.06,UPI,1,0,0.0,0,1,TIER_2,0.847,0,1,2,0
ord_42591471,cust_251265,1291.44,COD,0,0,0.0,1,2,TIER_2,0.831,0,1,12,0
ord_53821206,cust_758931,1034.14,COD,10,2,0.2,0,1,TIER_3_HIGH_RISK,0.505,0,5,21,1
ord_86483451,cust_351707,2463.65,CARD,0,0,0.0,1,2,TIER_3_HIGH_RISK,0.811,0,1,6,0
ord_36687546,cust_520698,271.16,UPI,5,0,0.0,0,2,TIER_2,0.659,0,3,21,0
ord_93917426,cust_906135,2432.54,UPI,4,0,0.0,0,1,TIER_3_HIGH_RISK,0.49,2,5,19,0
ord_63141506,cust_252472,638.66,UPI,5,0,0.0,0,1,TIER_2,0.841,2,1,10,0
ord_17835958,cust_213307,1421.13,COD,0,0,0.0,1,1,TIER_3_HIGH_RISK,0.788,1,3,8,0
ord_19184874,cust_900342,3497.79,UPI,0,0,0.0,1,1,TIER_3_HIGH_RISK,0.74,0,1,13,1
ord_73993927,cust_375357,765.11,COD,10,0,0.0,0,1,TIER_2,0.853,0,1,23,0
ord_37873913,cust_235921,538.33,COD,0,0,0.0,1,1,TIER_2,0.924,2,2,21,0
ord_61082888,cust_785644,557.6,COD,0,0,0.0,1,1,TIER_2,0.698,0,5,19,1
ord_45581225,cust_279243,2645.64,UPI,0,0,0.0,1,1,TIER_3_HIGH_RISK,0.832,0,1,20,0
ord_24808369,cust_164546,2726.2,COD,0,0,0.0,1,1,TIER_2,0.755,0,3,11,1
ord_28213202,cust_639491,922.45,UPI,0,0,0.0,1,1,TIER_2,0.858,3,1,16,1
ord_65188084,cust_203018,1037.71,CARD,0,0,0.0,1,1,TIER_3_HIGH_RISK,0.817,0,1,21,0
ord_12843236,cust_802736,1848.59,COD,16,0,0.0,0,1,TIER_3_HIGH_RISK,0.708,3,1,19,0
ord_63807136,cust_987582,1225.2,UPI,8,0,0.0,0,2,TIER_2,0.878,0,2,10,0
ord_45733873,cust_901925,1999.75,NETBANKING,7,0,0.0,0,2,TIER_2,0.715,1,2,19,0
ord_88774891,cust_430429,880.26,COD,7,0,0.0,0,3,TIER_1_METRO,0.681,0,3,12,0
ord_32438280,cust_419475,988.25,CARD,0,0,0.0,1,1,TIER_1_METRO,0.765,0,1,22,0
ord_44231367,cust_963039,836.93,UPI,10,0,0.0,0,1,TIER_2,0.616,0,1,1,0
ord_13683460,cust_584006,249.0,UPI,0,0,0.0,1,1,TIER_1_METRO,0.776,1,2,8,0
ord_10019675,cust_554036,760.64,CARD,6,0,0.0,0,1,TIER_3_HIGH_RISK,0.772,2,2,14,0
ord_59375565,cust_955542,1672.73,COD,0,0,0.0,1,1,TIER_3_HIGH_RISK,0.439,0,2,0,1
ord_92642148,cust_948984,4287.67,UPI,4,0,0.0,0,2,TIER_3_HIGH_RISK,0.693,0,1,6,0
ord_48499601,cust_334537,1141.59,COD,0,0,0.0,1,1,TIER_2,0.642,0,3,13,0
ord_39188752,cust_608853,2775.6,COD,3,0,0.0,0,1,TIER_2,0.62,0,1,22,0
ord_50260456,cust_769732,1202.96,CARD,2,0,0.0,0,3,TIER_2,0.816,0,1,18,0
ord_39731980,cust_128634,362.37,UPI,3,0,0.0,0,1,TIER_2,0.659,2,1,6,0
ord_92061787,cust_167583,2368.04,COD,14,4,0.2857,0,1,TIER_1_METRO,0.968,0,2,13,0
ord_90440385,cust_974679,588.21,CARD,0,0,0.0,1,1,TIER_1_METRO,0.747,1,1,12,0
ord_63007525,cust_173086,741.77,COD,6,0,0.0,0,1,TIER_1_METRO,0.787,2,2,2,0
ord_40732364,cust_964250,337.39,COD,2,0,0.0,0,1,TIER_3_HIGH_RISK,0.622,0,1,4,1
ord_37862763,cust_609853,1046.75,COD,6,1,0.1667,0,1,TIER_1_METRO,0.812,1,5,21,0
ord_33078059,cust_674172,525.34,CARD,0,0,0.0,1,1,TIER_1_METRO,0.9,0,1,4,0
ord_13049316,cust_502648,7321.94,COD,4,0,0.0,0,1,TIER_1_METRO,0.81,1,1,20,0
ord_89095869,cust_360462,1825.08,COD,11,0,0.0,0,1,TIER_2,0.945,0,5,13,0
ord_44157583,cust_451671,673.18,COD,0,0,0.0,1,3,TIER_3_HIGH_RISK,0.545,1,1,13,1
ord_79376221,cust_889031,2240.01,UPI,0,0,0.0,1,1,TIER_2,0.788,0,1,12,0
ord_56350340,cust_115316,1600.07,UPI,2,0,0.0,0,1,TIER_2,0.683,1,2,10,0
ord_13446839,cust_860263,545.44,UPI,0,0,0.0,1,1,TIER_1_METRO,0.74,0,1,5,0
ord_46832178,cust_984801,3319.46,CARD,0,0,0.0,1,1,TIER_3_HIGH_RISK,0.482,0,2,6,0
ord_89491182,cust_897762,491.03,UPI,0,0,0.0,1,1,TIER_1_METRO,0.596,0,1,10,0
ord_45507773,cust_695635,1655.51,COD,2,0,0.0,0,1,TIER_2,0.658,2,2,10,1
ord_24387810,cust_998027,1717.33,COD,0,0,0.0,1,1,TIER_3_HIGH_RISK,0.815,0,4,23,1
ord_38715260,cust_802175,502.51,COD,0,0,0.0,1,1,TIER_3_HIGH_RISK,0.612,1,1,0,1
ord_29471461,cust_977701,2675.52,COD,4,1,0.25,0,4,TIER_2,0.858,0,1,17,1
ord_17463131,cust_448787,1725.45,COD,6,0,0.0,0,1,TIER_2,0.622,0,2,14,0
ord_65456172,cust_189606,3116.1,COD,0,0,0.0,1,1,TIER_1_METRO,0.884,2,2,14,0
ord_24534056,cust_828606,848.88,COD,11,0,0.0,0,1,TIER_1_METRO,0.866,0,3,18,0
ord_69871253,cust_791858,1297.8,COD,15,0,0.0,0,1,TIER_2,0.705,3,2,12,0
ord_15001045,cust_641729,4426.55,UPI,6,0,0.0,0,1,TIER_2,0.768,0,2,4,0
ord_45333904,cust_531003,1473.8,COD,6,0,0.0,0,3,TIER_1_METRO,0.718,0,2,11,1
ord_73819058,cust_230306,658.21,UPI,1,0,0.0,0,1,TIER_1_METRO,0.799,1,1,11,0
ord_84180286,cust_316769,3097.71,UPI,0,0,0.0,1,1,TIER_1_METRO,0.656,0,3,3,0
ord_91022004,cust_262187,2143.11,UPI,7,0,0.0,0,3,TIER_3_HIGH_RISK,0.888,1,1,10,0
ord_24389772,cust_954348,3832.72,UPI,0,0,0.0,1,1,TIER_3_HIGH_RISK,0.713,0,2,0,1
ord_67460491,cust_116683,702.75,UPI,0,0,0.0,1,1,TIER_2,0.799,0,1,4,0
ord_57842145,cust_907004,2573.69,COD,0,0,0.0,1,1,TIER_2,0.465,1,2,22,1
ord_42544960,cust_301513,1976.14,UPI,8,1,0.125,0,1,TIER_3_HIGH_RISK,0.749,2,1,1,0
ord_86655127,cust_968329,971.8,UPI,0,0,0.0,1,1,TIER_1_METRO,0.505,2,1,0,0
ord_62215024,cust_911089,1989.86,UPI,7,0,0.0,0,1,TIER_1_METRO,0.935,0,1,18,0
ord_85899393,cust_509336,1575.94,COD,6,0,0.0,0,5,TIER_2,0.756,0,2,5,0
ord_26167670,cust_943409,1164.06,NETBANKING,0,0,0.0,1,1,TIER_2,0.805,0,1,9,0
ord_81285077,cust_856836,470.24,COD,2,0,0.0,0,2,TIER_1_METRO,0.649,0,2,13,1
ord_66339157,cust_383076,1775.68,NETBANKING,4,0,0.0,0,1,TIER_2,0.881,0,1,20,0
ord_79452009,cust_319778,1706.26,UPI,0,0,0.0,1,3,TIER_2,0.561,0,2,10,1
ord_30122242,cust_965476,2991.63,UPI,1,0,0.0,0,1,TIER_1_METRO,0.977,0,1,1,0
ord_86182800,cust_232475,8086.31,COD,0,0,0.0,1,1,TIER_1_METRO,0.717,1,1,16,1
ord_45324049,cust_932961,794.46,UPI,4,0,0.0,0,2,TIER_1_METRO,0.861,0,1,9,0
ord_84238207,cust_456816,1537.49,CARD,2,0,0.0,0,1,TIER_1_METRO,0.783,1,1,9,0
ord_89705474,cust_311945,270.48,UPI,4,0,0.0,0,1,TIER_3_HIGH_RISK,0.507,0,1,2,0
ord_39441876,cust_177678,2796.58,COD,5,0,0.0,0,1,TIER_2,0.777,1,1,10,0
ord_97859393,cust_688330,1624.02,NETBANKING,11,0,0.0,0,1,TIER_1_METRO,0.88,0,1,3,0
ord_74616968,cust_777186,8613.4,UPI,6,0,0.0,0,1,TIER_2,0.747,3,5,13,0
ord_93382270,cust_226026,1627.59,COD,0,0,0.0,1,1,TIER_1_METRO,0.823,0,1,16,0
ord_47693721,cust_272097,4172.44,COD,1,0,0.0,0,1,TIER_1_METRO,0.921,0,1,3,0
ord_98750992,cust_748235,723.0,UPI,10,2,0.2,0,1,TIER_1_METRO,0.743,3,1,16,1
ord_86210812,cust_276010,2363.36,COD,6,0,0.0,0,1,TIER_3_HIGH_RISK,0.713,1,1,5,0
ord_78493686,cust_816878,2103.98,UPI,6,1,0.1667,0,2,TIER_1_METRO,0.887,1,1,18,0
ord_38623834,cust_768533,706.27,UPI,1,0,0.0,0,1,TIER_1_METRO,0.423,0,2,16,1
ord_31505473,cust_380208,2248.75,COD,0,0,0.0,1,1,TIER_3_HIGH_RISK,0.648,2,1,23,1
ord_63421457,cust_271811,1352.4,UPI,5,0,0.0,0,1,TIER_2,0.715,0,5,3,0
ord_10458819,cust_838848,1421.8,COD,0,0,0.0,1,1,TIER_1_METRO,0.928,0,3,13,1
ord_42359860,cust_144588,897.4,UPI,0,0,0.0,1,1,TIER_1_METRO,0.794,0,1,17,0
ord_36891636,cust_276752,1263.48,UPI,0,0,0.0,1,1,TIER_1_METRO,0.915,1,1,23,0
ord_30989593,cust_735433,1101.2,COD,3,0,0.0,0,1,TIER_2,0.905,2,1,19,1
ord_56761486,cust_233745,546.79,COD,5,0,0.0,0,1,TIER_1_METRO,0.667,3,1,19,0
ord_82098768,cust_169123,1262.19,UPI,7,0,0.0,0,1,TIER_2,0.839,0,3,23,0
ord_27313104,cust_701952,329.23,COD,5,0,0.0,0,1,TIER_1_METRO,0.644,1,1,2,0
ord_53655278,cust_464561,2097.35,UPI,0,0,0.0,1,1,TIER_2,0.665,0,1,16,0
ord_10566088,cust_231310,277.56,COD,0,0,0.0,1,3,TIER_3_HIGH_RISK,0.612,0,2,9,1
ord_70084389,cust_660910,3412.65,CARD,8,0,0.0,0,1,TIER_1_METRO,0.947,1,1,2,0
ord_46258670,cust_124276,1291.68,COD,0,0,0.0,1,1,TIER_1_METRO,0.433,2,1,2,0
ord_65243320,cust_678109,891.02,COD,13,1,0.0769,0,2,TIER_2,0.755,0,1,21,0
ord_48168898,cust_612703,966.08,COD,0,0,0.0,1,1,TIER_1_METRO,0.777,2,2,12,1
ord_46412646,cust_487994,1909.64,UPI,4,1,0.25,0,1,TIER_1_METRO,0.813,0,3,0,0
ord_50162344,cust_207960,8178.73,COD,2,0,0.0,0,1,TIER_1_METRO,0.889,2,1,13,0
ord_53036168,cust_543857,982.18,COD,3,0,0.0,0,1,TIER_1_METRO,0.634,2,2,1,0
ord_92162144,cust_176313,750.19,UPI,2,0,0.0,0,1,TIER_2,0.686,0,1,4,0
ord_97864302,cust_880385,3124.78,COD,12,0,0.0,0,1,TIER_1_METRO,0.945,0,1,0,0
ord_61079500,cust_723693,1123.18,UPI,0,0,0.0,1,1,TIER_1_METRO,0.595,2,1,18,0
ord_41935646,cust_871888,4784.97,UPI,0,0,0.0,1,1,TIER_2,0.832,0,2,16,0
ord_61295461,cust_875348,1324.52,COD,0,0,0.0,1,1,TIER_1_METRO,0.939,0,1,7,0
ord_33499306,cust_881444,249.0,CARD,2,0,0.0,0,3,TIER_1_METRO,0.79,1,1,21,0
ord_99454219,cust_762588,1648.16,COD,2,0,0.0,0,1,TIER_3_HIGH_RISK,0.845,1,1,13,1
ord_50515939,cust_549167,2945.98,UPI,0,0,0.0,1,4,TIER_2,0.865,0,2,14,0
ord_73019115,cust_437282,1205.57,COD,0,0,0.0,1,1,TIER_1_METRO,0.371,0,2,5,1
ord_30658359,cust_495037,2189.04,COD,0,0,0.0,1,1,TIER_2,0.739,0,1,7,1
ord_23618723,cust_732020,7943.6,COD,9,2,0.2222,0,1,TIER_1_METRO,0.555,0,3,2,0
ord_83199975,cust_253033,1364.54,COD,1,0,0.0,0,1,TIER_2,0.349,0,1,5,1
ord_62902394,cust_293899,1190.37,COD,10,0,0.0,0,1,TIER_3_HIGH_RISK,0.648,0,4,7,1
ord_82648934,cust_140262,989.45,COD,0,0,0.0,1,1,TIER_2,0.884,0,2,5,0
ord_68426861,cust_576827,2490.59,COD,0,0,0.0,1,3,TIER_1_METRO,0.863,0,1,15,1
ord_60205334,cust_373390,2450.25,COD,6,0,0.0,0,1,TIER_2,0.925,0,1,9,0
ord_71155552,cust_702651,6320.49,COD,0,0,0.0,1,2,TIER_3_HIGH_RISK,0.609,0,1,9,1
ord_94924298,cust_911789,837.81,CARD,10,0,0.0,0,1,TIER_2,0.842,2,1,21,0
ord_54667943,cust_124336,839.55,UPI,6,0,0.0,0,1,TIER_2,0.931,1,8,0,0
ord_35961735,cust_841784,1816.23,COD,10,2,0.2,0,2,TIER_2,0.981,2,2,14,1
ord_17061944,cust_415347,1688.31,CARD,5,0,0.0,0,1,TIER_2,0.877,0,4,20,0
ord_22984808,cust_667922,1848.21,CARD,33,0,0.0,0,1,TIER_1_METRO,0.518,0,2,23,0
ord_50163712,cust_582843,1593.19,UPI,0,0,0.0,1,1,TIER_2,0.752,1,1,23,0
ord_23886255,cust_879942,5142.14,UPI,8,0,0.0,0,1,TIER_1_METRO,0.749,0,1,5,0
ord_26669382,cust_853455,937.36,COD,0,0,0.0,1,1,TIER_2,0.548,1,1,19,1
ord_72895160,cust_209844,715.85,UPI,6,0,0.0,0,1,TIER_2,0.907,0,1,9,0
ord_68043727,cust_509759,1389.61,NETBANKING,10,0,0.0,0,1,TIER_2,0.628,0,1,2,0
ord_11761331,cust_478324,1733.82,CARD,12,0,0.0,0,1,TIER_1_METRO,0.661,0,1,10,0
ord_24212972,cust_147830,1299.31,COD,0,0,0.0,1,1,TIER_1_METRO,0.843,1,1,3,0
ord_90247719,cust_948888,2991.96,COD,0,0,0.0,1,1,TIER_3_HIGH_RISK,0.766,1,1,6,1
ord_23045697,cust_759830,558.01,UPI,0,0,0.0,1,5,TIER_1_METRO,0.853,1,2,11,0
ord_49683871,cust_238621,726.74,NETBANKING,1,0,0.0,0,1,TIER_2,0.93,0,3,16,0
ord_16631430,cust_309176,1608.12,UPI,1,0,0.0,0,7,TIER_1_METRO,0.808,0,3,4,1
ord_17042049,cust_377961,1930.13,UPI,13,2,0.1538,0,1,TIER_3_HIGH_RISK,0.685,1,3,8,0
ord_73205037,cust_614879,249.0,NETBANKING,0,0,0.0,1,4,TIER_3_HIGH_RISK,0.77,2,1,5,1
ord_30124742,cust_443264,1536.53,UPI,6,1,0.1667,0,1,TIER_2,0.554,0,1,15,0
ord_27686426,cust_868112,4769.4,UPI,11,1,0.0909,0,1,TIER_1_METRO,0.781,0,1,17,0
ord_44179345,cust_944004,2285.04,UPI,0,0,0.0,1,1,TIER_1_METRO,0.71,2,4,14,0
ord_83933328,cust_115430,2858.15,COD,2,0,0.0,0,1,TIER_1_METRO,0.684,0,1,3,0
ord_35880085,cust_353731,2629.76,UPI,0,0,0.0,1,1,TIER_2,0.887,0,1,13,0
ord_70573085,cust_111809,892.23,CARD,12,0,0.0,0,1,TIER_1_METRO,0.917,0,1,23,0
ord_59750282,cust_345739,977.23,COD,0,0,0.0,1,1,TIER_3_HIGH_RISK,0.407,0,4,18,1
ord_70988371,cust_384487,720.02,COD,6,1,0.1667,0,1,TIER_1_METRO,0.864,1,1,0,0
ord_51779199,cust_104696,17789.08,COD,0,0,0.0,1,1,TIER_3_HIGH_RISK,0.871,1,1,14,1
ord_14247328,cust_448255,2322.75,CARD,10,0,0.0,0,1,TIER_1_METRO,0.818,0,1,18,0
ord_90730865,cust_341372,357.2,CARD,3,0,0.0,0,1,TIER_2,0.954,1,2,4,0
ord_19380638,cust_914454,2052.22,COD,0,0,0.0,1,2,TIER_2,0.647,0,8,12,1
ord_31258833,cust_469648,308.56,COD,5,0,0.0,0,2,TIER_2,0.889,0,1,10,0
ord_88479674,cust_491401,2134.32,COD,2,0,0.0,0,1,TIER_1_METRO,0.479,2,1,10,1
ord_22920739,cust_589733,3179.64,UPI,8,3,0.375,0,1,TIER_1_METRO,0.338,1,1,8,0
ord_77509963,cust_203245,5789.75,UPI,0,0,0.0,1,1,TIER_1_METRO,0.875,3,1,20,0
ord_74418062,cust_206500,914.08,COD,0,0,0.0,1,1,TIER_2,0.898,1,1,5,0
ord_12436126,cust_680615,724.01,COD,4,1,0.25,0,1,TIER_2,0.64,0,3,13,0
ord_57775541,cust_273889,425.55,COD,0,0,0.0,1,1,TIER_2,0.819,3,1,4,1
ord_89426740,cust_371718,2524.23,CARD,0,0,0.0,1,2,TIER_1_METRO,0.673,2,1,23,1
ord_38132051,cust_385279,736.73,COD,5,0,0.0,0,1,TIER_2,0.694,1,2,21,0
ord_56380165,cust_386876,2336.69,UPI,0,0,0.0,1,2,TIER_1_METRO,0.341,0,2,0,0
ord_30841553,cust_107691,1376.57,UPI,2,0,0.0,0,1,TIER_1_METRO,0.99,1,3,19,0
ord_33930984,cust_616853,2651.37,UPI,0,0,0.0,1,1,TIER_3_HIGH_RISK,0.529,0,1,15,0
ord_12106040,cust_920959,538.19,COD,0,0,0.0,1,2,TIER_2,0.637,0,1,17,0
ord_47967335,cust_251628,2023.18,COD,10,0,0.0,0,1,TIER_1_METRO,0.586,1,1,4,0
ord_97949148,cust_757992,1031.35,COD,1,0,0.0,0,4,TIER_1_METRO,0.982,0,1,5,1
ord_74969722,cust_826893,1746.61,UPI,14,1,0.0714,0,1,TIER_2,0.938,0,3,10,0
ord_31485131,cust_835789,2166.12,COD,0,0,0.0,1,1,TIER_2,0.943,2,1,13,0
ord_55145249,cust_579894,921.9,UPI,0,0,0.0,1,1,TIER_1_METRO,0.671,0,3,12,1
ord_84531076,cust_106563,3838.72,UPI,0,0,0.0,1,1,TIER_3_HIGH_RISK,0.835,0,2,20,0
ord_77975389,cust_852767,1783.37,CARD,0,0,0.0,1,1,TIER_1_METRO,0.889,0,1,15,0
ord_52861039,cust_915530,799.52,UPI,8,0,0.0,0,1,TIER_2,0.871,1,4,13,0
ord_22663723,cust_577061,1411.51,CARD,0,0,0.0,1,1,TIER_2,0.703,0,1,5,0
ord_87258300,cust_369548,1005.68,COD,6,0,0.0,0,2,TIER_1_METRO,0.766,0,2,21,0
ord_91052418,cust_418063,2754.46,CARD,0,0,0.0,1,2,TIER_3_HIGH_RISK,0.843,0,1,23,1
ord_92476787,cust_711752,2081.35,UPI,11,1,0.0909,0,1,TIER_1_METRO,0.944,0,1,9,0
ord_70726516,cust_668257,4062.78,COD,0,0,0.0,1,1,TIER_3_HIGH_RISK,0.744,0,1,18,1
ord_12449851,cust_488034,1822.37,UPI,0,0,0.0,1,1,TIER_2,0.87,0,1,20,0
ord_88164453,cust_367074,2948.84,UPI,0,0,0.0,1,2,TIER_2,0.748,2,2,20,1
ord_17660064,cust_222537,3562.68,COD,9,0,0.0,0,3,TIER_2,0.642,0,1,15,0
ord_28329086,cust_249479,2767.46,UPI,0,0,0.0,1,2,TIER_3_HIGH_RISK,0.652,0,5,11,1
ord_14600108,cust_141516,1244.16,UPI,0,0,0.0,1,2,TIER_1_METRO,0.824,2,2,22,1
ord_88686659,cust_557480,684.64,COD,4,0,0.0,0,1,TIER_2,0.851,0,1,7,0
ord_23654687,cust_755278,923.55,UPI,4,0,0.0,0,1,TIER_1_METRO,0.568,0,4,17,0
ord_37863686,cust_229471,1479.68,COD,0,0,0.0,1,1,TIER_3_HIGH_RISK,0.602,0,2,4,1
ord_15198054,cust_187957,1312.22,COD,0,0,0.0,1,1,TIER_2,0.866,0,1,12,1
ord_67181150,cust_278445,1481.2,COD,0,0,0.0,1,1,TIER_2,0.894,0,1,6,0
ord_66086288,cust_800149,1360.42,COD,5,2,0.4,0,1,TIER_1_METRO,0.972,0,1,18,0
ord_30175934,cust_884648,1177.58,COD,2,0,0.0,0,1,TIER_1_METRO,0.751,0,1,18,0
ord_60448489,cust_974634,747.46,UPI,3,0,0.0,0,1,TIER_2,0.796,3,1,14,1
ord_10953692,cust_260787,1813.12,UPI,0,0,0.0,1,1,TIER_2,0.825,0,1,14,1
ord_65849873,cust_125634,968.57,UPI,3,0,0.0,0,1,TIER_2,0.672,0,2,23,0
ord_95098820,cust_719492,1559.13,CARD,12,0,0.0,0,2,TIER_1_METRO,0.936,0,1,6,0
ord_91242298,cust_685628,1210.93,COD,5,0,0.0,0,1,TIER_3_HIGH_RISK,0.659,0,2,6,1
ord_95660554,cust_737723,2281.12,COD,6,0,0.0,0,1,TIER_2,0.76,0,1,15,0
ord_50981729,cust_520476,2836.72,COD,9,0,0.0,0,3,TIER_2,0.5,3,2,17,1
ord_98055042,cust_381027,464.8,UPI,0,0,0.0,1,1,TIER_2,0.553,0,4,20,0
ord_47448574,cust_369856,260.15,COD,8,0,0.0,0,1,TIER_2,0.858,0,1,22,0
ord_21791470,cust_835882,988.45,COD,0,0,0.0,1,3,TIER_1_METRO,0.706,0,1,12,1
ord_78604894,cust_238161,1704.02,COD,4,0,0.0,0,1,TIER_3_HIGH_RISK,0.57,2,1,1,0
ord_90908854,cust_618943,2117.12,COD,4,1,0.25,0,3,TIER_1_METRO,0.746,0,1,8,1
ord_22192062,cust_973621,1335.52,COD,3,0,0.0,0,1,TIER_2,0.678,0,1,12,0
ord_45943815,cust_268276,586.24,CARD,0,0,0.0,1,1,TIER_1_METRO,0.894,0,1,0,0
ord_51654364,cust_575125,950.5,COD,0,0,0.0,1,1,TIER_2,0.749,0,1,15,1
ord_79897511,cust_914419,2777.81,COD,7,0,0.0,0,1,TIER_2,0.729,1,2,4,0
ord_25192217,cust_507609,1508.12,NETBANKING,9,0,0.0,0,1,TIER_2,0.748,0,4,10,0
ord_32788010,cust_269461,2968.53,UPI,0,0,0.0,1,1,TIER_1_METRO,0.743,1,2,23,0
ord_35254492,cust_285431,892.04,COD,0,0,0.0,1,1,TIER_1_METRO,0.834,0,1,15,0
ord_13305610,cust_763166,4909.81,COD,2,0,0.0,0,1,TIER_3_HIGH_RISK,0.475,0,1,16,1
ord_23798270,cust_481335,1658.66,UPI,0,0,0.0,1,1,TIER_1_METRO,0.688,1,1,4,0
ord_96685025,cust_806817,1754.34,COD,0,0,0.0,1,1,TIER_2,0.781,1,4,0,1
ord_97773012,cust_441358,360.19,UPI,6,0,0.0,0,1,TIER_1_METRO,0.897,0,1,6,0
ord_65878459,cust_387406,638.17,COD,10,0,0.0,0,2,TIER_1_METRO,0.852,0,2,22,0
ord_18536341,cust_753090,856.75,CARD,8,2,0.25,0,1,TIER_3_HIGH_RISK,0.745,1,1,12,0
ord_44391998,cust_474635,1450.38,COD,6,0,0.0,0,3,TIER_1_METRO,0.823,0,4,12,0
ord_65536017,cust_255561,548.87,UPI,3,0,0.0,0,1,TIER_3_HIGH_RISK,0.887,2,3,14,0
ord_92896667,cust_642530,511.02,UPI,6,0,0.0,0,1,TIER_3_HIGH_RISK,0.815,0,1,23,0
ord_84575761,cust_897228,1066.2,COD,10,1,0.1,0,1,TIER_2,0.746,2,2,2,1
ord_36847645,cust_183394,2186.34,COD,3,0,0.0,0,1,TIER_2,0.872,0,3,5,1
ord_17605502,cust_746157,1129.24,COD,0,0,0.0,1,1,TIER_3_HIGH_RISK,0.571,0,1,20,1
ord_87645337,cust_914671,329.23,CARD,0,0,0.0,1,1,TIER_1_METRO,0.697,1,1,5,0
ord_33210780,cust_780506,803.97,UPI,12,2,0.1667,0,1,TIER_2,0.805,0,1,11,0
ord_14755469,cust_846055,309.11,COD,10,0,0.0,0,1,TIER_1_METRO,0.796,1,5,12,0
ord_33658315,cust_314740,1508.51,COD,0,0,0.0,1,1,TIER_1_METRO,0.551,0,2,17,0
ord_25438825,cust_401749,463.32,UPI,0,0,0.0,1,1,TIER_2,0.724,0,1,22,0
ord_86337284,cust_177700,2871.95,COD,0,0,0.0,1,1,TIER_1_METRO,0.571,2,1,23,0
ord_19702701,cust_295961,3770.55,UPI,0,0,0.0,1,1,TIER_1_METRO,0.711,0,2,10,0
ord_93346586,cust_889999,1053.05,COD,5,0,0.0,0,3,TIER_1_METRO,0.913,0,1,13,1
ord_50956756,cust_587677,3529.6,UPI,0,0,0.0,1,1,TIER_2,0.958,0,1,9,0
ord_85695489,cust_361456,2243.26,UPI,13,2,0.1538,0,1,TIER_1_METRO,0.609,2,1,1,0
ord_75498188,cust_513949,3941.69,NETBANKING,15,0,0.0,0,1,TIER_2,0.864,0,1,13,0
ord_55704130,cust_653634,869.07,NETBANKING,0,0,0.0,1,1,TIER_2,0.811,0,3,5,0
ord_94525002,cust_837699,1258.02,UPI,10,0,0.0,0,1,TIER_1_METRO,0.584,0,1,6,0
ord_64594920,cust_807548,3931.91,COD,0,0,0.0,1,1,TIER_1_METRO,0.875,0,2,16,1
ord_67849810,cust_928017,3094.11,UPI,0,0,0.0,1,1,TIER_2,0.816,0,1,1,0
ord_90183226,cust_607728,2596.77,UPI,4,1,0.25,0,1,TIER_2,0.773,2,1,23,0
ord_34522485,cust_521229,1666.71,UPI,6,0,0.0,0,1,TIER_2,0.849,0,1,17,0
ord_65413150,cust_311706,1278.38,UPI,2,0,0.0,0,1,TIER_2,0.879,0,1,5,0
ord_57206309,cust_748431,423.79,UPI,5,0,0.0,0,1,TIER_2,0.968,0,2,12,0
ord_19349313,cust_270655,1713.49,COD,2,0,0.0,0,2,TIER_3_HIGH_RISK,0.754,1,1,10,1
ord_58511231,cust_712050,2655.43,COD,0,0,0.0,1,1,TIER_1_METRO,0.905,0,1,11,0
ord_95620508,cust_291750,3054.68,CARD,0,0,0.0,1,3,TIER_1_METRO,0.964,1,1,6,0
ord_50253576,cust_253023,2373.24,COD,3,0,0.0,0,1,TIER_2,0.964,2,1,2,0
ord_45351787,cust_407205,609.71,UPI,0,0,0.0,1,1,TIER_2,0.94,3,1,22,0
ord_85937316,cust_365446,338.82,UPI,0,0,0.0,1,2,TIER_1_METRO,0.919,0,1,0,1
ord_11416953,cust_607726,1164.61,COD,2,0,0.0,0,1,TIER_2,0.907,0,3,21,0
ord_46481541,cust_474494,1328.22,COD,15,0,0.0,0,1,TIER_1_METRO,0.549,2,1,10,0
ord_88384476,cust_805641,877.32,UPI,4,0,0.0,0,3,TIER_1_METRO,0.895,2,2,1,0
ord_85290175,cust_576514,1729.27,COD,0,0,0.0,1,4,TIER_2,0.661,3,1,0,1
ord_54433999,cust_581981,955.8,CARD,5,0,0.0,0,2,TIER_3_HIGH_RISK,0.661,1,2,11,0
ord_89025801,cust_969060,1628.67,UPI,6,1,0.1667,0,1,TIER_1_METRO,0.712,0,1,18,0
ord_71775706,cust_469992,2622.44,UPI,8,1,0.125,0,1,TIER_1_METRO,0.735,0,1,21,0
ord_23790283,cust_489289,257.75,UPI,4,0,0.0,0,2,TIER_2,0.806,0,2,15,0
ord_98599766,cust_503821,3552.36,CARD,14,0,0.0,0,1,TIER_1_METRO,0.939,0,1,21,0
ord_31223676,cust_200726,663.34,UPI,7,0,0.0,0,3,TIER_1_METRO,0.754,1,3,17,0
ord_11683032,cust_466540,277.36,UPI,14,0,0.0,0,3,TIER_2,0.681,2,1,19,0
ord_86123517,cust_383891,553.01,UPI,0,0,0.0,1,1,TIER_3_HIGH_RISK,0.851,1,1,12,0
ord_72044970,cust_486125,3457.94,UPI,1,0,0.0,0,1,TIER_3_HIGH_RISK,0.774,1,1,13,0
ord_29138117,cust_590424,1173.22,UPI,0,0,0.0,1,4,TIER_2,0.611,1,1,13,1
ord_50131083,cust_431253,1044.5,CARD,2,0,0.0,0,1,TIER_2,0.923,1,1,10,0
ord_72022454,cust_148245,549.97,UPI,2,0,0.0,0,1,TIER_2,0.924,0,1,13,0
ord_46229950,cust_737462,1467.11,COD,5,1,0.2,0,1,TIER_3_HIGH_RISK,0.742,0,3,7,1
ord_12836934,cust_139214,1471.98,COD,1,0,0.0,0,1,TIER_3_HIGH_RISK,0.826,2,1,2,1
ord_45755284,cust_490305,259.0,COD,2,0,0.0,0,2,TIER_2,0.814,0,3,19,1
ord_59928187,cust_269488,947.25,CARD,8,0,0.0,0,1,TIER_2,0.796,0,2,14,0
ord_33428685,cust_188958,881.39,COD,0,0,0.0,1,1,TIER_3_HIGH_RISK,0.432,2,2,1,1
ord_78024631,cust_647526,2801.98,UPI,0,0,0.0,1,4,TIER_1_METRO,0.574,0,3,22,0
ord_40548432,cust_630122,5640.74,UPI,1,0,0.0,0,1,TIER_2,0.652,0,1,14,0
ord_43476308,cust_356556,1493.2,UPI,0,0,0.0,1,1,TIER_2,0.982,1,1,16,0
ord_60538135,cust_732621,3223.23,UPI,0,0,0.0,1,2,TIER_1_METRO,0.864,0,3,2,0
ord_62740278,cust_521439,391.02,UPI,21,1,0.0476,0,1,TIER_1_METRO,0.715,0,2,23,0
ord_12803005,cust_398345,753.06,COD,0,0,0.0,1,2,TIER_2,0.629,1,1,18,0
ord_19240658,cust_316452,1212.14,UPI,3,0,0.0,0,1,TIER_1_METRO,0.84,1,2,19,0
ord_37624971,cust_901407,934.9,CARD,5,0,0.0,0,1,TIER_1_METRO,0.779,0,2,18,0
ord_98561511,cust_820545,494.55,CARD,0,0,0.0,1,3,TIER_1_METRO,0.671,1,2,4,0
ord_64152378,cust_598750,1992.8,COD,5,0,0.0,0,1,TIER_1_METRO,0.982,0,1,23,0
ord_37525616,cust_770792,1673.54,UPI,6,1,0.1667,0,1,TIER_1_METRO,0.878,0,2,8,0
ord_81214087,cust_832068,3046.57,CARD,4,0,0.0,0,1,TIER_1_METRO,0.853,2,1,2,0
ord_76471800,cust_852425,3753.26,CARD,16,3,0.1875,0,2,TIER_2,0.704,0,2,4,1
ord_79670777,cust_941688,886.81,COD,8,1,0.125,0,1,TIER_1_METRO,0.567,1,5,9,0
ord_82029715,cust_479647,249.0,UPI,3,2,0.6667,0,2,TIER_2,0.954,2,2,0,1
ord_56076451,cust_932290,3894.66,CARD,4,0,0.0,0,1,TIER_2,0.961,0,1,7,0
ord_14714714,cust_199427,357.44,COD,5,0,0.0,0,3,TIER_1_METRO,0.559,0,1,4,1
ord_85054087,cust_703035,1115.47,COD,1,0,0.0,0,1,TIER_1_METRO,0.75,3,2,0,0
ord_35688071,cust_342463,1407.04,UPI,0,0,0.0,1,7,TIER_1_METRO,0.669,1,2,19,1
ord_83304060,cust_350483,3420.86,COD,8,0,0.0,0,1,TIER_2,0.562,0,2,18,0
ord_20015667,cust_248055,624.43,UPI,4,0,0.0,0,1,TIER_1_METRO,0.55,0,1,12,0
ord_19142693,cust_761949,4554.47,UPI,0,0,0.0,1,1,TIER_2,0.77,0,1,19,0
ord_82045464,cust_673681,984.94,COD,0,0,0.0,1,1,TIER_2,0.861,1,1,3,0
ord_15492952,cust_766273,2017.01,UPI,0,0,0.0,1,2,TIER_3_HIGH_RISK,0.615,0,3,3,1
ord_59309063,cust_140693,2046.42,UPI,8,1,0.125,0,2,TIER_3_HIGH_RISK,0.512,2,1,18,1
ord_77421363,cust_573530,444.46,COD,0,0,0.0,1,2,TIER_3_HIGH_RISK,0.852,0,1,16,1
ord_36576632,cust_635916,2348.97,CARD,8,0,0.0,0,1,TIER_1_METRO,0.719,0,1,11,0
ord_92959736,cust_635916,381.13,UPI,4,0,0.0,0,3,TIER_1_METRO,0.891,2,1,1,0
ord_58541499,cust_525569,743.61,COD,4,1,0.25,0,1,TIER_3_HIGH_RISK,0.755,2,2,8,1
ord_23329543,cust_156690,2314.79,NETBANKING,4,0,0.0,0,1,TIER_2,0.651,1,5,3,0
ord_25152994,cust_563445,2867.63,COD,3,0,0.0,0,1,TIER_2,0.776,2,3,9,0
ord_60434551,cust_999686,1999.15,COD,0,0,0.0,1,1,TIER_2,0.809,2,2,9,1
ord_69366308,cust_318102,4436.97,UPI,0,0,0.0,1,1,TIER_1_METRO,0.905,0,2,13,0
ord_69644300,cust_710354,1614.3,UPI,8,0,0.0,0,1,TIER_1_METRO,0.57,1,1,6,0
ord_43957412,cust_898377,1641.28,COD,2,0,0.0,0,1,TIER_1_METRO,0.672,0,2,23,1
ord_24700387,cust_938537,426.72,UPI,6,0,0.0,0,4,TIER_1_METRO,0.754,2,4,23,0
ord_23081782,cust_502521,3794.45,COD,2,0,0.0,0,1,TIER_2,0.732,1,1,8,0
ord_46089369,cust_421954,2525.51,COD,5,0,0.0,0,1,TIER_1_METRO,0.646,1,2,18,0
ord_83663899,cust_530294,1112.19,COD,12,0,0.0,0,1,TIER_3_HIGH_RISK,0.716,3,2,16,0
ord_61031086,cust_785791,541.02,NETBANKING,6,0,0.0,0,3,TIER_2,0.76,0,1,7,0
ord_74773622,cust_590899,988.41,COD,4,1,0.25,0,1,TIER_2,0.801,3,1,13,1
ord_50728057,cust_802800,1457.51,COD,12,2,0.1667,0,1,TIER_1_METRO,0.963,0,1,21,0
ord_87842160,cust_294162,1021.5,UPI,0,0,0.0,1,3,TIER_3_HIGH_RISK,0.497,3,2,21,1
ord_32536636,cust_928013,1090.72,NETBANKING,3,0,0.0,0,1,TIER_2,0.886,2,2,23,0
ord_17290985,cust_642474,342.39,NETBANKING,13,0,0.0,0,1,TIER_2,0.964,3,3,6,0
ord_46872089,cust_782315,3721.99,COD,0,0,0.0,1,2,TIER_2,0.949,0,2,18,1
ord_14390741,cust_402043,3546.23,CARD,9,1,0.1111,0,1,TIER_1_METRO,0.895,0,3,19,0
ord_56571160,cust_185666,2467.26,COD,5,0,0.0,0,1,TIER_2,0.771,0,1,21,0
ord_95786035,cust_140131,1390.01,COD,11,1,0.0909,0,1,TIER_1_METRO,0.686,0,1,8,0
ord_93094792,cust_935209,2729.49,COD,0,0,0.0,1,1,TIER_3_HIGH_RISK,0.83,0,2,14,1
ord_62315765,cust_223076,319.04,COD,5,0,0.0,0,5,TIER_1_METRO,0.711,0,3,1,1
ord_42420096,cust_509366,1223.51,COD,0,0,0.0,1,2,TIER_1_METRO,0.654,0,1,2,0
ord_34027785,cust_611474,657.97,UPI,8,1,0.125,0,1,TIER_2,0.364,1,4,13,0
ord_80542942,cust_458734,1779.62,COD,0,0,0.0,1,1,TIER_1_METRO,0.547,0,3,15,1
ord_13314344,cust_640735,2853.22,COD,0,0,0.0,1,2,TIER_2,0.849,0,1,21,1
ord_63736277,cust_516716,1418.94,COD,6,4,0.6667,0,1,TIER_3_HIGH_RISK,0.7,0,1,13,1
ord_34693539,cust_429382,759.96,UPI,5,0,0.0,0,1,TIER_1_METRO,0.824,1,1,22,0
ord_20779706,cust_354743,1153.63,COD,5,0,0.0,0,7,TIER_2,0.717,0,3,7,0
ord_98691108,cust_230017,473.38,COD,5,0,0.0,0,1,TIER_1_METRO,0.871,0,3,23,0
ord_84705449,cust_863076,403.31,UPI,5,1,0.2,0,1,TIER_1_METRO,0.786,1,1,20,0
ord_58604169,cust_887357,1159.69,COD,3,0,0.0,0,3,TIER_1_METRO,0.835,0,2,17,0
ord_57368963,cust_166141,916.39,UPI,13,5,0.3846,0,1,TIER_2,0.498,2,1,0,1
ord_35176338,cust_117857,985.89,CARD,0,0,0.0,1,5,TIER_1_METRO,0.67,1,1,6,1
ord_95180496,cust_206948,973.85,UPI,8,1,0.125,0,1,TIER_2,0.935,0,1,10,0
ord_33614649,cust_452171,817.07,COD,6,0,0.0,0,1,TIER_3_HIGH_RISK,0.691,3,2,20,1
ord_66719600,cust_101825,1888.52,COD,4,0,0.0,0,1,TIER_2,0.858,3,2,10,0
ord_91861168,cust_379566,1050.93,COD,0,0,0.0,1,1,TIER_2,0.763,0,1,7,1
ord_18860935,cust_128887,1077.55,COD,13,0,0.0,0,3,TIER_3_HIGH_RISK,0.542,0,1,10,1
ord_19184536,cust_273226,1658.19,CARD,10,0,0.0,0,1,TIER_1_METRO,0.833,1,1,2,0
ord_87951716,cust_724109,740.46,CARD,9,1,0.1111,0,1,TIER_3_HIGH_RISK,0.585,3,1,15,1
ord_51965471,cust_678679,2698.16,COD,6,0,0.0,0,2,TIER_1_METRO,0.874,1,1,0,0
ord_56016582,cust_945218,1347.86,CARD,0,0,0.0,1,1,TIER_3_HIGH_RISK,0.775,0,1,16,0
ord_88490821,cust_899864,1746.58,CARD,0,0,0.0,1,1,TIER_1_METRO,0.706,3,3,10,0
ord_52081603,cust_989037,886.36,CARD,5,0,0.0,0,1,TIER_1_METRO,0.625,0,1,18,0
ord_47856186,cust_970142,1541.96,CARD,0,0,0.0,1,1,TIER_3_HIGH_RISK,0.753,0,1,6,0
ord_57950852,cust_931743,1572.55,COD,18,4,0.2222,0,1,TIER_1_METRO,0.772,0,1,22,0
ord_53683574,cust_784732,888.51,UPI,9,0,0.0,0,1,TIER_1_METRO,0.526,0,1,4,0
ord_10979581,cust_905761,249.64,NETBANKING,1,0,0.0,0,1,TIER_2,0.726,0,2,19,0
ord_91369152,cust_306511,1564.5,NETBANKING,4,3,0.75,0,1,TIER_3_HIGH_RISK,0.826,0,1,17,1
ord_30981103,cust_485795,1227.85,CARD,8,2,0.25,0,1,TIER_1_METRO,0.639,2,1,16,1
ord_38105186,cust_206887,702.5,UPI,0,0,0.0,1,1,TIER_1_METRO,0.862,1,3,21,1
ord_69103067,cust_936765,1325.2,UPI,0,0,0.0,1,1,TIER_2,0.673,1,2,20,0
ord_96019723,cust_369156,2099.48,COD,17,0,0.0,0,2,TIER_3_HIGH_RISK,0.565,0,2,11,1
ord_12806284,cust_399623,3235.83,COD,4,0,0.0,0,1,TIER_3_HIGH_RISK,0.526,0,4,17,1
ord_66318065,cust_506080,1091.99,CARD,0,0,0.0,1,3,TIER_1_METRO,0.423,3,1,16,1
ord_41209516,cust_718496,654.42,COD,0,0,0.0,1,1,TIER_3_HIGH_RISK,0.597,0,1,18,1
ord_35494448,cust_242223,309.96,UPI,0,0,0.0,1,1,TIER_1_METRO,0.679,0,2,6,1
ord_65902419,cust_778960,1452.54,COD,3,0,0.0,0,2,TIER_1_METRO,0.585,0,2,8,1
ord_64745659,cust_772810,801.28,COD,1,0,0.0,0,2,TIER_1_METRO,0.857,0,1,11,0
ord_98885044,cust_559167,1040.29,COD,0,0,0.0,1,1,TIER_1_METRO,0.816,0,1,12,0
ord_81090781,cust_581037,3932.8,COD,0,0,0.0,1,2,TIER_3_HIGH_RISK,0.557,1,4,1,1
ord_62336006,cust_490056,503.47,NETBANKING,0,0,0.0,1,1,TIER_1_METRO,0.679,2,1,5,0
ord_26385082,cust_336896,684.91,COD,11,0,0.0,0,1,TIER_1_METRO,0.728,0,2,9,0
ord_68458981,cust_657715,1397.54,COD,0,0,0.0,1,1,TIER_2,0.695,3,2,2,1
ord_95450538,cust_196500,599.82,NETBANKING,0,0,0.0,1,1,TIER_3_HIGH_RISK,0.526,1,1,19,1
ord_40680559,cust_831218,638.39,COD,5,0,0.0,0,1,TIER_3_HIGH_RISK,0.755,1,1,13,1
ord_11406368,cust_606906,2744.7,COD,10,0,0.0,0,2,TIER_3_HIGH_RISK,0.721,2,3,10,1
ord_81620985,cust_151372,1630.37,NETBANKING,18,0,0.0,0,1,TIER_1_METRO,0.816,0,1,10,0
ord_14848287,cust_633676,1451.64,COD,0,0,0.0,1,1,TIER_2,0.961,0,1,7,0
ord_22155863,cust_316992,736.73,COD,8,0,0.0,0,1,TIER_1_METRO,0.877,3,1,23,0
ord_12606041,cust_829525,1267.13,COD,0,0,0.0,1,1,TIER_3_HIGH_RISK,0.717,0,1,6,0
ord_36041882,cust_566802,1331.51,UPI,8,0,0.0,0,5,TIER_1_METRO,0.687,0,2,2,0
ord_41665404,cust_903464,1208.48,COD,0,0,0.0,1,1,TIER_1_METRO,0.834,0,1,16,1
ord_47758158,cust_472659,533.42,COD,0,0,0.0,1,1,TIER_1_METRO,0.768,0,1,2,0
ord_20986741,cust_278308,1354.92,UPI,2,0,0.0,0,1,TIER_1_METRO,0.933,0,2,12,0
ord_27789600,cust_803446,1549.12,COD,0,0,0.0,1,1,TIER_1_METRO,0.859,0,1,15,0
ord_34639364,cust_222850,624.23,UPI,12,0,0.0,0,1,TIER_2,0.751,1,1,17,0
ord_78227907,cust_575388,563.89,UPI,0,0,0.0,1,1,TIER_2,0.717,0,1,16,0
ord_77487903,cust_981965,440.93,UPI,5,0,0.0,0,1,TIER_1_METRO,0.803,0,1,7,0
ord_90040719,cust_502473,477.58,UPI,13,1,0.0769,0,3,TIER_2,0.877,0,3,17,1
ord_20496324,cust_334066,1004.0,COD,0,0,0.0,1,1,TIER_1_METRO,0.752,0,1,5,0
ord_65982645,cust_570028,935.45,CARD,3,0,0.0,0,3,TIER_2,0.602,0,3,22,0
ord_61055457,cust_413476,329.85,CARD,3,0,0.0,0,1,TIER_1_METRO,0.961,0,3,12,0
ord_84825356,cust_919432,1680.72,COD,4,0,0.0,0,1,TIER_2,0.802,0,1,4,0
ord_57596179,cust_754563,701.58,UPI,0,0,0.0,1,1,TIER_2,0.694,1,3,9,1
ord_12074242,cust_160384,2166.77,COD,2,0,0.0,0,1,TIER_1_METRO,0.917,0,1,3,0
ord_72687866,cust_772305,831.63,UPI,6,0,0.0,0,3,TIER_3_HIGH_RISK,0.747,0,2,20,0
ord_44333231,cust_443929,841.3,COD,7,0,0.0,0,1,TIER_2,0.564,0,1,2,1
ord_84188767,cust_830379,614.0,COD,12,5,0.4167,0,1,TIER_3_HIGH_RISK,0.599,1,1,6,1
ord_61574693,cust_148848,1817.79,CARD,0,0,0.0,1,1,TIER_1_METRO,0.798,1,2,18,0
ord_45174320,cust_152290,2508.0,COD,5,0,0.0,0,4,TIER_1_METRO,0.487,3,1,6,1
ord_45221540,cust_722793,1042.51,COD,1,0,0.0,0,1,TIER_2,0.556,0,8,0,1
ord_63008697,cust_321714,1310.03,UPI,10,0,0.0,0,2,TIER_2,0.795,0,1,0,0
ord_80009956,cust_741260,2068.49,NETBANKING,0,0,0.0,1,1,TIER_2,0.95,0,1,13,0
ord_37365047,cust_805783,249.0,COD,0,0,0.0,1,2,TIER_1_METRO,0.961,1,1,18,0
ord_18091363,cust_844092,2113.28,COD,3,0,0.0,0,2,TIER_2,0.927,0,3,20,1
ord_38239278,cust_864236,3997.01,CARD,0,0,0.0,1,1,TIER_1_METRO,0.749,0,1,11,0
ord_70395758,cust_955860,2706.93,COD,0,0,0.0,1,2,TIER_2,0.901,2,1,9,1
ord_16416153,cust_603793,1092.66,COD,0,0,0.0,1,1,TIER_1_METRO,0.913,0,2,16,0
ord_99437173,cust_896759,2053.94,UPI,8,1,0.125,0,1,TIER_3_HIGH_RISK,0.472,1,5,2,1
ord_75028906,cust_281171,3487.93,COD,3,0,0.0,0,1,TIER_2,0.802,0,2,8,0
ord_83876278,cust_115091,715.44,COD,0,0,0.0,1,1,TIER_1_METRO,0.58,0,1,5,1
ord_87571362,cust_410062,1709.42,COD,2,1,0.5,0,1,TIER_1_METRO,0.85,0,1,14,1
ord_58968538,cust_722642,2630.73,UPI,0,0,0.0,1,1,TIER_2,0.966,0,2,22,0
ord_18439469,cust_451314,322.01,COD,12,0,0.0,0,1,TIER_1_METRO,0.942,0,8,2,0
ord_41630692,cust_161913,2553.47,UPI,4,0,0.0,0,1,TIER_3_HIGH_RISK,0.6,1,1,23,0
ord_92892079,cust_213532,406.46,COD,0,0,0.0,1,1,TIER_3_HIGH_RISK,0.498,0,2,8,1
ord_64187581,cust_519794,1253.25,COD,6,3,0.5,0,4,TIER_2,0.802,2,1,11,1
ord_62073536,cust_576113,592.08,UPI,16,0,0.0,0,1,TIER_2,0.846,1,2,12,0
ord_92051606,cust_781192,338.57,UPI,7,0,0.0,0,1,TIER_3_HIGH_RISK,0.776,2,1,0,0
ord_49659615,cust_282248,1621.82,UPI,7,0,0.0,0,1,TIER_2,0.76,0,3,19,0
ord_66240283,cust_761801,3712.71,COD,0,0,0.0,1,1,TIER_2,0.736,0,1,3,0
ord_17136029,cust_658457,686.86,NETBANKING,9,0,0.0,0,1,TIER_1_METRO,0.591,0,1,16,0
ord_64732500,cust_994840,460.54,UPI,1,0,0.0,0,1,TIER_1_METRO,0.593,0,1,22,0
ord_25482856,cust_588835,4021.88,UPI,0,0,0.0,1,1,TIER_1_METRO,0.908,0,3,19,0
ord_71720365,cust_616898,2447.09,COD,8,0,0.0,0,2,TIER_1_METRO,0.904,1,3,10,0
ord_32406697,cust_934401,3273.53,UPI,13,0,0.0,0,1,TIER_1_METRO,0.962,0,2,6,0
ord_34088676,cust_611098,1799.51,COD,6,0,0.0,0,1,TIER_3_HIGH_RISK,0.861,0,4,12,0
ord_21930260,cust_716794,1954.3,CARD,4,1,0.25,0,1,TIER_3_HIGH_RISK,0.534,1,2,21,0
ord_10499964,cust_314396,1068.55,COD,0,0,0.0,1,5,TIER_1_METRO,0.915,0,2,0,1
ord_26213225,cust_214479,1665.28,COD,0,0,0.0,1,1,TIER_1_METRO,0.815,0,4,21,0
ord_56251037,cust_331735,996.39,CARD,0,0,0.0,1,2,TIER_1_METRO,0.694,0,2,6,0
ord_71553124,cust_779424,2050.72,COD,3,0,0.0,0,1,TIER_2,0.657,1,1,6,0
ord_59573446,cust_777058,1090.91,COD,10,0,0.0,0,1,TIER_2,0.545,0,1,15,0
ord_63944811,cust_576555,2844.92,COD,3,0,0.0,0,1,TIER_1_METRO,0.467,0,1,16,0
ord_13452814,cust_373399,1664.7,UPI,0,0,0.0,1,1,TIER_3_HIGH_RISK,0.758,0,2,23,0
ord_44379197,cust_200787,1282.07,COD,0,0,0.0,1,2,TIER_1_METRO,0.723,0,2,18,0
ord_26694935,cust_542176,945.6,UPI,1,0,0.0,0,1,TIER_1_METRO,0.8,0,1,21,0
ord_87183765,cust_877146,1638.55,COD,0,0,0.0,1,1,TIER_1_METRO,0.656,0,1,5,0
ord_71965356,cust_970895,883.98,COD,0,0,0.0,1,1,TIER_2,0.61,1,2,9,1
ord_86028401,cust_996878,297.27,CARD,2,1,0.5,0,1,TIER_3_HIGH_RISK,0.814,0,1,13,1
ord_34776015,cust_833413,1130.47,COD,24,0,0.0,0,1,TIER_2,0.782,2,1,7,0
ord_57647611,cust_172131,3847.91,UPI,3,0,0.0,0,1,TIER_1_METRO,0.627,3,4,13,0
ord_95676088,cust_503823,3271.93,UPI,2,1,0.5,0,1,TIER_1_METRO,0.761,0,3,2,0
ord_15868590,cust_547717,1277.96,NETBANKING,11,0,0.0,0,1,TIER_1_METRO,0.809,1,2,22,0
ord_45703247,cust_659863,662.26,UPI,0,0,0.0,1,1,TIER_2,0.789,1,3,11,0
ord_71569139,cust_674382,1462.27,COD,6,0,0.0,0,4,TIER_1_METRO,0.973,0,2,19,0
ord_25940295,cust_953826,3059.24,UPI,0,0,0.0,1,5,TIER_1_METRO,0.571,0,2,21,0
ord_18351184,cust_215310,526.82,COD,5,0,0.0,0,1,TIER_3_HIGH_RISK,0.525,0,1,21,1
ord_85543474,cust_325743,1277.71,UPI,0,0,0.0,1,1,TIER_2,0.95,2,2,6,0
ord_44657680,cust_439636,1438.2,COD,0,0,0.0,1,1,TIER_1_METRO,0.689,0,2,10,1
ord_26328470,cust_628010,1351.69,UPI,5,0,0.0,0,2,TIER_1_METRO,0.833,0,2,8,0
ord_10116908,cust_692106,1249.62,UPI,5,1,0.2,0,3,TIER_1_METRO,0.608,0,4,11,0
ord_37294649,cust_636809,1552.08,UPI,0,0,0.0,1,1,TIER_2,0.369,0,2,5,1
ord_45009897,cust_298879,622.77,CARD,0,0,0.0,1,1,TIER_1_METRO,0.976,1,1,14,0
ord_72155344,cust_493258,808.3,UPI,0,0,0.0,1,1,TIER_1_METRO,0.734,0,1,17,0
ord_49911037,cust_851727,2377.41,COD,0,0,0.0,1,1,TIER_2,0.807,1,1,13,0
ord_33144254,cust_888005,1086.21,COD,0,0,0.0,1,1,TIER_3_HIGH_RISK,0.817,0,1,16,1
ord_58883781,cust_151039,905.85,CARD,2,0,0.0,0,1,TIER_1_METRO,0.863,1,1,3,0
ord_62762173,cust_613463,390.16,UPI,5,0,0.0,0,2,TIER_2,0.675,0,1,14,0
ord_37330357,cust_221952,249.0,UPI,5,1,0.2,0,1,TIER_1_METRO,0.674,2,2,7,0
ord_39428781,cust_319592,910.55,COD,0,0,0.0,1,1,TIER_1_METRO,0.703,2,2,21,1
ord_97385781,cust_334625,2441.08,COD,2,0,0.0,0,1,TIER_2,0.56,0,1,4,1
ord_20293122,cust_703508,1558.52,UPI,14,0,0.0,0,1,TIER_3_HIGH_RISK,0.573,0,1,1,0
ord_42708134,cust_843192,1378.35,COD,8,1,0.125,0,1,TIER_1_METRO,0.913,2,1,21,0
ord_85770215,cust_293540,3383.51,COD,11,0,0.0,0,1,TIER_1_METRO,0.665,0,3,11,0
ord_94669146,cust_628258,1626.3,UPI,0,0,0.0,1,3,TIER_1_METRO,0.613,1,1,14,0
ord_62564469,cust_162415,3139.6,CARD,0,0,0.0,1,2,TIER_3_HIGH_RISK,0.756,0,1,12,1
ord_59303116,cust_834799,2191.67,COD,4,0,0.0,0,1,TIER_3_HIGH_RISK,0.661,2,2,6,1
ord_27962838,cust_441140,1647.3,COD,2,0,0.0,0,1,TIER_1_METRO,0.789,0,1,10,1
ord_40334030,cust_719672,1282.71,COD,0,0,0.0,1,1,TIER_1_METRO,0.626,2,1,9,1
ord_93367291,cust_473345,1463.67,UPI,5,0,0.0,0,1,TIER_2,0.75,0,1,8,0
ord_18441557,cust_204820,326.45,CARD,7,2,0.2857,0,2,TIER_1_METRO,0.839,0,1,4,0
ord_57301994,cust_539754,1513.77,UPI,5,0,0.0,0,2,TIER_2,0.69,0,1,17,0
ord_23968689,cust_741673,2941.29,COD,18,0,0.0,0,1,TIER_2,0.866,1,1,2,0
ord_20938814,cust_329030,311.72,COD,0,0,0.0,1,1,TIER_2,0.941,1,2,11,1
ord_31403485,cust_462486,994.11,CARD,2,0,0.0,0,2,TIER_2,0.538,0,1,17,0
ord_10426941,cust_762943,3555.58,NETBANKING,9,0,0.0,0,1,TIER_2,0.73,0,1,23,0
ord_43872374,cust_168772,2697.41,COD,7,1,0.1429,0,1,TIER_3_HIGH_RISK,0.542,3,4,19,1
ord_54343097,cust_772979,3235.47,UPI,19,0,0.0,0,1,TIER_2,0.831,0,1,1,0
ord_25025940,cust_867224,3723.39,UPI,0,0,0.0,1,5,TIER_1_METRO,0.718,3,1,4,1
ord_17468810,cust_894131,401.98,UPI,10,0,0.0,0,4,TIER_1_METRO,0.674,2,3,10,0
ord_87658985,cust_475497,2191.84,COD,0,0,0.0,1,1,TIER_2,0.866,1,1,2,1
ord_25164469,cust_341290,3207.88,UPI,14,0,0.0,0,1,TIER_2,0.616,0,1,7,1
ord_38905692,cust_253816,2142.1,UPI,3,0,0.0,0,1,TIER_2,0.937,0,2,1,0
ord_73938137,cust_826764,3613.45,UPI,7,0,0.0,0,3,TIER_1_METRO,0.804,0,1,9,0
ord_13133211,cust_693184,1251.06,COD,6,0,0.0,0,1,TIER_1_METRO,0.8,0,1,15,0
ord_15994376,cust_870545,531.93,UPI,2,0,0.0,0,2,TIER_2,0.631,0,5,1,0
ord_89146438,cust_102589,1372.74,UPI,0,0,0.0,1,1,TIER_1_METRO,0.849,1,3,22,0
ord_70350105,cust_712817,1885.25,UPI,2,0,0.0,0,1,TIER_3_HIGH_RISK,0.639,0,2,2,0
ord_56362419,cust_284588,949.18,UPI,16,0,0.0,0,1,TIER_2,0.642,0,4,16,0
ord_92438366,cust_204570,2197.53,UPI,11,1,0.0909,0,1,TIER_2,0.827,0,1,0,0
ord_76194285,cust_857011,1583.8,COD,0,0,0.0,1,1,TIER_1_METRO,0.809,1,1,23,0
ord_96150461,cust_423540,5186.49,CARD,5,1,0.2,0,1,TIER_1_METRO,0.735,3,2,7,0
ord_29126034,cust_142898,784.39,NETBANKING,4,0,0.0,0,2,TIER_3_HIGH_RISK,0.692,2,1,20,1
ord_47894447,cust_132007,2438.03,COD,0,0,0.0,1,1,TIER_3_HIGH_RISK,0.435,0,5,3,1
ord_34148407,cust_117077,2059.33,COD,5,0,0.0,0,2,TIER_1_METRO,0.617,0,3,23,1
ord_14790287,cust_224939,1900.01,COD,5,0,0.0,0,2,TIER_3_HIGH_RISK,0.641,0,1,4,1
ord_97589793,cust_557295,1887.35,COD,0,0,0.0,1,1,TIER_3_HIGH_RISK,0.765,1,1,7,1
ord_42489400,cust_311282,505.15,UPI,0,0,0.0,1,1,TIER_2,0.663,0,1,6,0
ord_25528998,cust_974294,1073.1,COD,0,0,0.0,1,1,TIER_1_METRO,0.858,0,1,22,0
ord_46816763,cust_541939,828.84,UPI,6,0,0.0,0,1,TIER_2,0.827,0,4,5,0
ord_25090407,cust_854927,1361.14,UPI,11,0,0.0,0,1,TIER_1_METRO,0.897,2,8,16,0
ord_83204793,cust_686532,1540.51,UPI,0,0,0.0,1,2,TIER_3_HIGH_RISK,0.638,0,1,23,1
ord_94850875,cust_473200,1498.74,UPI,0,0,0.0,1,1,TIER_2,0.573,0,1,21,0
ord_11405313,cust_802174,2443.23,UPI,0,0,0.0,1,1,TIER_1_METRO,0.663,0,4,7,0
ord_21106789,cust_702083,282.16,UPI,20,0,0.0,0,3,TIER_1_METRO,0.552,2,1,2,0
ord_23701736,cust_694495,1076.72,COD,9,0,0.0,0,5,TIER_2,0.941,0,2,21,0
ord_83258484,cust_437621,2793.82,NETBANKING,0,0,0.0,1,1,TIER_2,0.856,0,1,1,0
ord_19898445,cust_289896,1450.19,UPI,6,0,0.0,0,2,TIER_3_HIGH_RISK,0.701,1,4,4,0
ord_23011582,cust_598863,5917.53,UPI,4,0,0.0,0,1,TIER_3_HIGH_RISK,0.691,1,1,9,1
ord_34169269,cust_845371,3522.34,COD,0,0,0.0,1,1,TIER_2,0.81,0,1,17,1
ord_64021286,cust_746948,670.19,COD,0,0,0.0,1,1,TIER_1_METRO,0.541,1,1,0,0
ord_78083167,cust_771147,953.8,UPI,0,0,0.0,1,1,TIER_1_METRO,0.905,0,1,20,0
ord_84284037,cust_236302,1149.88,COD,0,0,0.0,1,2,TIER_3_HIGH_RISK,0.523,0,1,2,1
ord_56592494,cust_202099,2314.79,COD,0,0,0.0,1,2,TIER_2,0.53,2,2,1,1
ord_17279074,cust_329905,738.61,COD,0,0,0.0,1,1,TIER_3_HIGH_RISK,0.664,2,2,4,1
ord_22603880,cust_374006,465.73,CARD,12,2,0.1667,0,1,TIER_1_METRO,0.868,1,3,16,0
ord_34944413,cust_449790,600.4,COD,8,0,0.0,0,1,TIER_2,0.867,1,1,19,0
ord_31605842,cust_266561,1174.39,COD,7,0,0.0,0,2,TIER_1_METRO,0.921,0,1,7,0
ord_18018205,cust_285128,1168.4,UPI,0,0,0.0,1,2,TIER_2,0.843,0,3,7,0
ord_88910646,cust_459348,449.27,UPI,4,1,0.25,0,2,TIER_1_METRO,0.782,2,1,9,1
ord_92578213,cust_920144,724.33,UPI,11,0,0.0,0,1,TIER_2,0.902,0,2,17,0
ord_58827949,cust_807649,269.72,NETBANKING,0,0,0.0,1,1,TIER_3_HIGH_RISK,0.641,0,2,14,0
ord_90337039,cust_339204,595.94,COD,0,0,0.0,1,2,TIER_1_METRO,0.792,2,1,8,0
ord_31992018,cust_511864,2094.25,UPI,0,0,0.0,1,2,TIER_2,0.882,3,1,19,0
ord_86246546,cust_845936,1094.23,UPI,0,0,0.0,1,1,TIER_2,0.789,0,3,6,0
ord_22494418,cust_160941,1777.81,NETBANKING,3,0,0.0,0,1,TIER_3_HIGH_RISK,0.866,0,1,18,0
ord_31177942,cust_769515,582.9,COD,3,0,0.0,0,1,TIER_2,0.644,1,8,7,0
ord_76211456,cust_740670,1556.0,COD,5,0,0.0,0,1,TIER_2,0.427,0,5,17,0
ord_51252240,cust_107466,4531.14,COD,0,0,0.0,1,1,TIER_2,0.884,0,1,1,0
ord_44968399,cust_787246,885.1,COD,0,0,0.0,1,1,TIER_3_HIGH_RISK,0.581,0,1,5,1
ord_86795463,cust_521064,907.17,COD,0,0,0.0,1,2,TIER_2,0.661,0,1,9,1
ord_60279504,cust_468102,335.56,UPI,0,0,0.0,1,1,TIER_2,0.596,2,3,17,0
ord_76641541,cust_354628,1567.04,CARD,5,1,0.2,0,1,TIER_3_HIGH_RISK,0.626,0,3,23,0
ord_31978898,cust_224809,793.97,COD,13,0,0.0,0,1,TIER_1_METRO,0.942,0,2,19,0
ord_36939239,cust_939726,3433.44,COD,12,0,0.0,0,1,TIER_2,0.945,0,2,4,0
ord_29215280,cust_581920,624.02,UPI,13,0,0.0,0,1,TIER_3_HIGH_RISK,0.899,0,4,15,1
ord_65008850,cust_317687,2746.42,UPI,8,0,0.0,0,1,TIER_2,0.788,0,2,13,0
ord_52976919,cust_450448,1723.95,COD,11,3,0.2727,0,1,TIER_1_METRO,0.818,1,2,22,0
ord_12250397,cust_505633,947.6,UPI,0,0,0.0,1,1,TIER_3_HIGH_RISK,0.496,0,1,9,0
ord_70037447,cust_566548,980.42,COD,10,0,0.0,0,1,TIER_2,0.618,1,3,5,0
ord_15813775,cust_963376,2809.91,CARD,0,0,0.0,1,1,TIER_1_METRO,0.951,1,2,14,0
ord_52495479,cust_945377,2421.68,CARD,6,0,0.0,0,2,TIER_2,0.76,1,4,2,0
ord_26380660,cust_492278,2314.04,UPI,0,0,0.0,1,1,TIER_1_METRO,0.631,0,1,7,0
ord_21296266,cust_968591,5712.51,UPI,0,0,0.0,1,4,TIER_1_METRO,0.604,0,1,20,0
ord_30729471,cust_451477,5675.98,COD,0,0,0.0,1,4,TIER_2,0.773,1,1,4,1
ord_45698454,cust_127428,2288.62,CARD,8,0,0.0,0,1,TIER_1_METRO,0.676,0,1,6,0
ord_12873382,cust_168273,1389.85,COD,8,0,0.0,0,2,TIER_1_METRO,0.561,1,1,4,0
ord_59538029,cust_695543,699.91,UPI,1,0,0.0,0,1,TIER_2,0.922,0,4,0,0
ord_45980709,cust_946476,1334.21,COD,0,0,0.0,1,1,TIER_1_METRO,0.954,0,2,22,0
ord_23692648,cust_878239,536.98,UPI,0,0,0.0,1,3,TIER_2,0.711,2,2,18,1
ord_51280408,cust_325612,2822.12,COD,4,0,0.0,0,1,TIER_1_METRO,0.781,1,2,4,0
ord_61217069,cust_551392,3929.86,UPI,5,1,0.2,0,1,TIER_1_METRO,0.42,2,3,3,0
ord_66947140,cust_174975,1182.45,UPI,0,0,0.0,1,1,TIER_1_METRO,0.929,0,1,8,0
ord_20321336,cust_175937,1184.0,UPI,6,0,0.0,0,1,TIER_2,0.76,0,2,13,0
ord_60831524,cust_798851,1700.79,UPI,4,0,0.0,0,1,TIER_1_METRO,0.498,1,1,20,0
ord_17417155,cust_839368,249.0,NETBANKING,6,0,0.0,0,1,TIER_1_METRO,0.817,0,1,23,0
ord_26525823,cust_948677,765.73,UPI,29,6,0.2069,0,2,TIER_1_METRO,0.572,0,1,3,0
ord_67889421,cust_622699,387.16,UPI,0,0,0.0,1,1,TIER_3_HIGH_RISK,0.655,1,3,22,0
ord_88419793,cust_823556,3669.13,COD,5,0,0.0,0,2,TIER_3_HIGH_RISK,0.576,0,1,0,1
ord_53099123,cust_467101,2664.85,UPI,8,2,0.25,0,2,TIER_3_HIGH_RISK,0.712,2,4,17,0
ord_58642458,cust_623897,792.05,COD,0,0,0.0,1,2,TIER_2,0.83,1,1,3,0
ord_72925345,cust_494484,4886.21,UPI,0,0,0.0,1,4,TIER_1_METRO,0.744,0,2,13,1
ord_74384099,cust_707475,4064.61,UPI,0,0,0.0,1,1,TIER_1_METRO,0.875,0,1,6,1
ord_10346990,cust_264805,2658.68,UPI,0,0,0.0,1,1,TIER_3_HIGH_RISK,0.623,0,2,22,0
ord_98726431,cust_189364,1352.55,CARD,1,0,0.0,0,1,TIER_1_METRO,0.849,2,3,21,0
ord_18830852,cust_805126,1417.92,COD,0,0,0.0,1,1,TIER_2,0.717,0,4,17,1
ord_82943416,cust_743269,423.76,CARD,0,0,0.0,1,1,TIER_2,0.9,2,3,15,0
ord_98035738,cust_341608,1310.37,COD,0,0,0.0,1,1,TIER_2,0.791,0,4,0,0
ord_85085590,cust_523959,1217.57,COD,0,0,0.0,1,1,TIER_1_METRO,0.847,0,2,3,0
ord_69615574,cust_438172,249.0,COD,0,0,0.0,1,1,TIER_3_HIGH_RISK,0.717,0,1,10,1
ord_23553496,cust_787094,618.2,COD,4,1,0.25,0,1,TIER_2,0.82,0,2,5,1
ord_31731798,cust_936176,958.73,COD,16,3,0.1875,0,1,TIER_2,0.661,2,2,10,0
ord_25560243,cust_365593,1647.5,UPI,4,0,0.0,0,1,TIER_2,0.443,0,1,8,0
ord_10052055,cust_977727,249.0,UPI,4,0,0.0,0,1,TIER_2,0.648,1,1,19,0
ord_79872506,cust_617351,759.7,COD,2,0,0.0,0,1,TIER_1_METRO,0.691,2,2,16,1
ord_69081565,cust_614072,7183.41,COD,0,0,0.0,1,2,TIER_2,0.631,1,2,14,1
ord_99696866,cust_533531,1030.55,UPI,3,0,0.0,0,1,TIER_1_METRO,0.581,0,1,7,0
ord_92629831,cust_564843,433.93,COD,8,0,0.0,0,1,TIER_1_METRO,0.846,0,1,0,0
ord_53857501,cust_237558,1688.85,COD,0,0,0.0,1,1,TIER_2,0.56,0,1,14,0
ord_76871281,cust_994466,1523.67,UPI,0,0,0.0,1,1,TIER_3_HIGH_RISK,0.277,1,3,19,0
ord_76575221,cust_109145,531.19,CARD,16,0,0.0,0,2,TIER_1_METRO,0.479,1,1,7,0
ord_13691848,cust_354740,314.2,UPI,4,0,0.0,0,1,TIER_2,0.584,3,3,23,0
ord_86070913,cust_669229,3919.97,CARD,0,0,0.0,1,3,TIER_1_METRO,0.823,0,1,9,1
ord_30892578,cust_728759,1552.16,COD,9,0,0.0,0,2,TIER_1_METRO,0.641,0,1,5,0
ord_99655129,cust_224506,1272.55,COD,5,0,0.0,0,2,TIER_3_HIGH_RISK,0.629,3,1,19,1
ord_40173030,cust_154104,954.9,COD,5,0,0.0,0,2,TIER_1_METRO,0.346,0,1,8,0
ord_72631628,cust_978777,1559.12,COD,4,0,0.0,0,1,TIER_2,0.851,3,2,4,0
ord_77853612,cust_861573,2213.88,CARD,0,0,0.0,1,3,TIER_1_METRO,0.759,0,4,7,0
ord_94094230,cust_186665,2926.06,UPI,0,0,0.0,1,1,TIER_1_METRO,0.767,0,1,14,0
ord_41225096,cust_183940,1986.46,COD,0,0,0.0,1,3,TIER_2,0.555,0,2,8,1
ord_49749134,cust_894415,1828.87,UPI,1,0,0.0,0,1,TIER_3_HIGH_RISK,0.766,1,5,2,0
ord_24130270,cust_197807,1032.59,CARD,0,0,0.0,1,1,TIER_3_HIGH_RISK,0.705,1,3,21,0
ord_85686346,cust_114866,345.66,COD,14,3,0.2143,0,1,TIER_1_METRO,0.532,1,3,19,0
ord_67691307,cust_676115,3258.83,COD,0,0,0.0,1,1,TIER_2,0.901,2,1,7,1
ord_61908238,cust_151786,395.54,UPI,9,0,0.0,0,1,TIER_1_METRO,0.973,3,1,0,0
ord_12839611,cust_126921,3316.44,UPI,37,0,0.0,0,2,TIER_3_HIGH_RISK,0.56,0,1,20,0
ord_27021093,cust_766495,948.04,COD,0,0,0.0,1,1,TIER_2,0.879,0,1,7,0
ord_55791484,cust_462022,1285.73,COD,16,3,0.1875,0,1,TIER_3_HIGH_RISK,0.79,0,1,4,1
ord_30568512,cust_716149,422.42,COD,0,0,0.0,1,1,TIER_1_METRO,0.894,0,1,10,0
ord_76536470,cust_930696,2010.74,CARD,0,0,0.0,1,1,TIER_2,0.875,1,2,6,0
ord_39396163,cust_829490,249.0,CARD,3,0,0.0,0,1,TIER_1_METRO,0.958,2,1,20,0
ord_43793258,cust_880637,571.51,UPI,0,0,0.0,1,2,TIER_3_HIGH_RISK,0.638,0,1,11,1
ord_96205129,cust_605950,2639.53,COD,5,0,0.0,0,1,TIER_1_METRO,0.831,0,1,16,0
ord_90303337,cust_795649,625.74,UPI,1,0,0.0,0,1,TIER_2,0.651,0,2,9,0
ord_39311119,cust_734198,1002.19,COD,0,0,0.0,1,3,TIER_2,0.215,3,2,16,1
ord_27260671,cust_313058,891.27,COD,5,0,0.0,0,1,TIER_1_METRO,0.869,0,1,6,0
ord_95007969,cust_517935,949.27,COD,16,0,0.0,0,1,TIER_3_HIGH_RISK,0.719,2,2,9,1
ord_32139420,cust_774162,720.47,UPI,0,0,0.0,1,1,TIER_3_HIGH_RISK,0.599,2,2,6,0
ord_24989214,cust_368500,676.36,COD,8,0,0.0,0,1,TIER_3_HIGH_RISK,0.568,0,4,19,0
ord_44050664,cust_790944,854.51,CARD,4,3,0.75,0,1,TIER_3_HIGH_RISK,0.611,0,2,17,0
ord_66980177,cust_867539,249.0,COD,0,0,0.0,1,1,TIER_1_METRO,0.822,3,1,3,1
ord_14863099,cust_923233,1169.15,CARD,15,0,0.0,0,1,TIER_3_HIGH_RISK,0.545,0,1,10,0
ord_83422991,cust_831368,2162.94,COD,0,0,0.0,1,1,TIER_1_METRO,0.682,0,2,5,0
ord_41378291,cust_380621,381.4,COD,0,0,0.0,1,1,TIER_2,0.816,0,1,13,1
ord_37905787,cust_268775,776.82,CARD,14,1,0.0714,0,1,TIER_1_METRO,0.911,1,2,13,0
ord_40186120,cust_625608,7236.95,COD,4,1,0.25,0,1,TIER_2,0.762,1,1,6,1
ord_88495583,cust_471784,1056.58,UPI,4,0,0.0,0,1,TIER_1_METRO,0.597,0,1,23,0
ord_70011150,cust_608197,551.64,CARD,9,0,0.0,0,1,TIER_2,0.929,1,1,3,0
ord_14329394,cust_427777,573.36,UPI,2,0,0.0,0,1,TIER_1_METRO,0.879,1,4,17,0
ord_23580994,cust_560662,1126.98,UPI,4,0,0.0,0,1,TIER_1_METRO,0.748,0,1,10,0
ord_25603533,cust_467554,1007.33,UPI,4,0,0.0,0,2,TIER_3_HIGH_RISK,0.686,3,4,7,0
ord_30629875,cust_750099,484.31,COD,0,0,0.0,1,1,TIER_2,0.894,1,1,0,0
ord_22613997,cust_854380,1571.46,UPI,0,0,0.0,1,1,TIER_3_HIGH_RISK,0.801,0,1,21,0
ord_34928384,cust_624339,2210.72,UPI,5,0,0.0,0,1,TIER_2,0.631,1,2,3,0
ord_78668521,cust_977622,2968.29,UPI,0,0,0.0,1,1,TIER_3_HIGH_RISK,0.83,0,1,6,0
ord_24284450,cust_147361,617.18,CARD,5,0,0.0,0,1,TIER_1_METRO,0.93,2,1,14,0
ord_65553258,cust_374372,584.77,UPI,8,1,0.125,0,1,TIER_3_HIGH_RISK,0.689,2,1,0,0
ord_98659025,cust_534468,9940.24,COD,4,0,0.0,0,1,TIER_3_HIGH_RISK,0.599,0,1,1,1
ord_11129775,cust_803844,1000.93,COD,14,1,0.0714,0,1,TIER_1_METRO,0.757,1,4,13,1
ord_59261346,cust_167258,2663.81,CARD,3,0,0.0,0,1,TIER_3_HIGH_RISK,0.314,0,4,22,0
ord_65213557,cust_831025,2190.08,UPI,4,0,0.0,0,1,TIER_1_METRO,0.741,1,8,9,0
ord_59778856,cust_573354,3161.55,COD,0,0,0.0,1,1,TIER_1_METRO,0.658,0,1,11,0
ord_22431395,cust_969530,1111.92,UPI,10,0,0.0,0,1,TIER_1_METRO,0.946,0,1,13,0
ord_17022336,cust_303161,6397.53,COD,0,0,0.0,1,1,TIER_2,0.798,1,2,0,1
ord_50066756,cust_541856,4200.63,COD,0,0,0.0,1,2,TIER_1_METRO,0.838,2,1,0,1
ord_86362381,cust_444891,1216.69,COD,12,0,0.0,0,2,TIER_3_HIGH_RISK,0.443,1,4,14,0
ord_35372075,cust_624898,4076.84,CARD,0,0,0.0,1,1,TIER_2,0.937,0,1,5,1
ord_25896106,cust_863348,1252.57,UPI,0,0,0.0,1,1,TIER_1_METRO,0.714,0,3,11,0
ord_72953195,cust_889908,1407.5,CARD,17,0,0.0,0,1,TIER_1_METRO,0.901,2,4,15,0
ord_25855977,cust_515367,1198.15,UPI,0,0,0.0,1,5,TIER_2,0.822,1,2,11,1
ord_36455291,cust_240661,517.91,UPI,0,0,0.0,1,1,TIER_3_HIGH_RISK,0.479,1,1,10,0
ord_19331795,cust_228993,924.04,UPI,7,1,0.1429,0,1,TIER_1_METRO,0.939,0,3,18,0
ord_72929994,cust_530754,740.14,COD,0,0,0.0,1,1,TIER_3_HIGH_RISK,0.468,1,1,0,1
ord_22371798,cust_350156,1040.39,UPI,16,1,0.0625,0,1,TIER_1_METRO,0.939,0,1,6,0
ord_81537554,cust_172102,425.71,UPI,7,2,0.2857,0,1,TIER_1_METRO,0.628,3,3,6,0
ord_91251088,cust_773019,851.16,COD,0,0,0.0,1,1,TIER_2,0.868,0,1,19,1
ord_51537804,cust_535869,1826.4,COD,0,0,0.0,1,1,TIER_3_HIGH_RISK,0.599,1,1,12,1
ord_87258440,cust_609939,2275.21,CARD,0,0,0.0,1,1,TIER_1_METRO,0.881,0,1,12,0
ord_39063435,cust_156959,1858.58,UPI,3,0,0.0,0,1,TIER_2,0.457,0,5,6,0
ord_75829275,cust_526095,419.03,COD,0,0,0.0,1,1,TIER_1_METRO,0.825,0,2,12,1
ord_92450685,cust_904855,817.0,UPI,0,0,0.0,1,1,TIER_1_METRO,0.723,0,1,16,0
ord_27262075,cust_224559,2091.76,COD,7,0,0.0,0,1,TIER_3_HIGH_RISK,0.377,2,2,2,1
ord_75852304,cust_983310,2415.49,CARD,2,0,0.0,0,1,TIER_1_METRO,0.648,0,3,6,0
ord_47962717,cust_408293,2934.74,COD,1,0,0.0,0,1,TIER_3_HIGH_RISK,0.632,0,1,11,1
ord_84313289,cust_741406,463.36,COD,0,0,0.0,1,1,TIER_1_METRO,0.575,3,1,18,1
ord_21389435,cust_739340,773.11,UPI,0,0,0.0,1,1,TIER_1_METRO,0.937,0,1,12,0
ord_80612021,cust_405242,938.68,CARD,6,0,0.0,0,1,TIER_2,0.699,0,2,18,0
ord_71498622,cust_789623,328.01,UPI,1,0,0.0,0,1,TIER_1_METRO,0.869,0,4,17,0
ord_29058912,cust_660677,2722.66,COD,8,0,0.0,0,1,TIER_2,0.955,1,3,9,0
ord_53734865,cust_666811,1516.16,COD,2,0,0.0,0,1,TIER_3_HIGH_RISK,0.714,0,3,2,0
ord_99597893,cust_722087,1515.49,COD,0,0,0.0,1,1,TIER_1_METRO,0.889,0,2,13,0
ord_72506143,cust_726618,2084.74,UPI,0,0,0.0,1,1,TIER_2,0.891,3,3,15,1
ord_27800021,cust_166250,2882.76,UPI,14,6,0.4286,0,1,TIER_1_METRO,0.867,0,1,14,0
ord_36158476,cust_261961,1358.92,COD,4,0,0.0,0,2,TIER_2,0.798,0,5,2,1
ord_12090212,cust_523751,257.2,UPI,0,0,0.0,1,2,TIER_2,0.684,0,1,16,0
ord_32009867,cust_116375,1310.11,UPI,0,0,0.0,1,1,TIER_1_METRO,0.424,0,3,1,0
ord_67376857,cust_361092,341.98,COD,3,0,0.0,0,1,TIER_2,0.463,1,1,3,1
ord_52858520,cust_973372,1925.88,UPI,1,0,0.0,0,1,TIER_2,0.719,0,1,14,0
ord_47692168,cust_228798,3110.1,COD,0,0,0.0,1,1,TIER_2,0.783,0,4,1,0
ord_91717933,cust_960235,917.52,COD,5,0,0.0,0,3,TIER_2,0.802,2,1,17,1
ord_21353540,cust_983726,872.44,COD,3,0,0.0,0,1,TIER_3_HIGH_RISK,0.65,1,1,2,1
ord_74786885,cust_903737,723.81,COD,5,0,0.0,0,1,TIER_2,0.843,3,1,3,0
ord_24240440,cust_994277,1730.21,COD,3,0,0.0,0,3,TIER_3_HIGH_RISK,0.714,1,1,5,1
ord_62450384,cust_502628,2162.14,COD,13,1,0.0769,0,3,TIER_2,0.88,1,2,11,1
ord_95431368,cust_648155,908.68,UPI,4,1,0.25,0,1,TIER_3_HIGH_RISK,0.751,0,1,15,1
ord_30159131,cust_902926,6531.97,COD,17,0,0.0,0,3,TIER_3_HIGH_RISK,0.666,1,1,17,1
ord_99233086,cust_183299,249.0,COD,8,0,0.0,0,1,TIER_3_HIGH_RISK,0.802,0,2,6,1
ord_93713817,cust_407475,1956.64,UPI,1,0,0.0,0,1,TIER_3_HIGH_RISK,0.722,0,1,23,1
ord_18483063,cust_582504,1194.33,COD,0,0,0.0,1,1,TIER_1_METRO,0.738,0,5,14,0
ord_88951992,cust_532566,1389.53,UPI,2,0,0.0,0,1,TIER_2,0.609,1,1,11,0
ord_19496563,cust_204162,750.84,COD,0,0,0.0,1,1,TIER_3_HIGH_RISK,0.634,1,1,6,1
ord_80539324,cust_981563,440.65,COD,3,0,0.0,0,1,TIER_1_METRO,0.892,1,4,9,0
ord_97322332,cust_831874,2427.76,UPI,0,0,0.0,1,1,TIER_3_HIGH_RISK,0.724,1,2,19,0
ord_20880726,cust_808074,1114.27,CARD,9,0,0.0,0,1,TIER_2,0.947,2,2,19,0
ord_20165918,cust_994803,542.71,COD,5,0,0.0,0,1,TIER_1_METRO,0.942,1,2,19,0
ord_78074594,cust_557099,1121.17,COD,6,0,0.0,0,1,TIER_2,0.614,1,2,14,0
ord_22861408,cust_148296,2186.78,UPI,0,0,0.0,1,1,TIER_2,0.544,2,1,13,0
ord_24010312,cust_537372,384.5,CARD,6,0,0.0,0,1,TIER_1_METRO,0.655,0,1,23,0
ord_37758455,cust_245991,865.66,UPI,0,0,0.0,1,1,TIER_3_HIGH_RISK,0.62,0,1,18,0
ord_83334039,cust_312645,308.96,UPI,4,0,0.0,0,1,TIER_2,0.921,1,2,19,0
ord_57870026,cust_704579,3080.48,COD,0,0,0.0,1,1,TIER_3_HIGH_RISK,0.455,0,1,12,1
ord_66967191,cust_997168,706.04,CARD,0,0,0.0,1,1,TIER_2,0.851,2,1,23,0
ord_28248067,cust_590783,1166.46,UPI,6,0,0.0,0,1,TIER_1_METRO,0.755,0,4,8,0
ord_84545255,cust_649833,383.39,COD,10,1,0.1,0,1,TIER_2,0.681,0,1,22,0
ord_17567476,cust_307932,325.74,COD,2,0,0.0,0,2,TIER_2,0.94,0,2,23,0
ord_92702403,cust_315363,2031.85,NETBANKING,0,0,0.0,1,1,TIER_2,0.7,1,1,7,0
ord_73719968,cust_202267,2383.67,UPI,7,4,0.5714,0,1,TIER_1_METRO,0.954,0,1,0,0
ord_10008981,cust_950137,1287.12,UPI,9,0,0.0,0,1,TIER_1_METRO,0.971,0,4,5,0
ord_80595308,cust_649535,3748.31,COD,6,0,0.0,0,1,TIER_3_HIGH_RISK,0.612,1,2,4,1
ord_75769308,cust_597960,3964.1,UPI,8,0,0.0,0,1,TIER_2,0.67,0,2,7,0
ord_98665977,cust_681131,2199.28,COD,0,0,0.0,1,2,TIER_1_METRO,0.836,1,1,10,0
ord_39334810,cust_395868,811.0,UPI,0,0,0.0,1,2,TIER_1_METRO,0.781,0,1,11,0
ord_61775963,cust_680330,3566.92,COD,3,0,0.0,0,1,TIER_1_METRO,0.819,0,1,18,0
ord_74504149,cust_318126,617.66,UPI,12,0,0.0,0,2,TIER_2,0.729,0,8,8,0
ord_21701980,cust_137972,1392.3,COD,0,0,0.0,1,5,TIER_1_METRO,0.89,0,1,10,1
ord_49813657,cust_460002,1457.89,NETBANKING,0,0,0.0,1,1,TIER_1_METRO,0.695,1,2,10,0
ord_44755914,cust_993850,698.53,UPI,2,0,0.0,0,1,TIER_1_METRO,0.703,0,1,12,0
ord_59895282,cust_109290,759.61,UPI,0,0,0.0,1,1,TIER_3_HIGH_RISK,0.769,0,1,0,0
ord_79612685,cust_928800,1813.7,UPI,0,0,0.0,1,1,TIER_3_HIGH_RISK,0.709,1,1,0,0
ord_88566365,cust_747396,440.32,UPI,0,0,0.0,1,3,TIER_2,0.869,0,1,23,1
ord_27566364,cust_390367,949.1,COD,14,0,0.0,0,1,TIER_2,0.33,0,3,23,0
ord_54761947,cust_887503,874.51,UPI,3,0,0.0,0,2,TIER_3_HIGH_RISK,0.759,0,1,5,1
ord_10892015,cust_578388,1580.49,UPI,4,0,0.0,0,2,TIER_3_HIGH_RISK,0.666,0,2,14,0
ord_74770179,cust_229817,2952.96,UPI,0,0,0.0,1,1,TIER_3_HIGH_RISK,0.311,0,1,2,1
ord_20091985,cust_728956,1863.8,CARD,13,0,0.0,0,1,TIER_2,0.77,0,1,21,0
ord_33383686,cust_614782,1389.99,UPI,2,0,0.0,0,1,TIER_1_METRO,0.719,0,2,5,0
ord_94287147,cust_268147,1294.52,COD,4,0,0.0,0,5,TIER_1_METRO,0.915,2,1,18,0
ord_15432019,cust_966332,1750.42,UPI,11,0,0.0,0,1,TIER_1_METRO,0.518,0,4,17,0
ord_83938177,cust_576463,689.65,UPI,6,0,0.0,0,2,TIER_1_METRO,0.961,1,3,16,0
ord_68201463,cust_551758,433.66,UPI,13,0,0.0,0,1,TIER_3_HIGH_RISK,0.378,1,1,7,0
ord_40185054,cust_390658,1577.2,UPI,1,0,0.0,0,1,TIER_2,0.809,1,1,9,0
ord_16061598,cust_776638,922.9,CARD,0,0,0.0,1,1,TIER_1_METRO,0.687,0,1,17,0
ord_87026747,cust_162740,584.0,CARD,11,0,0.0,0,1,TIER_2,0.691,0,4,3,0
ord_70840435,cust_774966,399.42,COD,5,0,0.0,0,2,TIER_3_HIGH_RISK,0.712,0,2,13,0
ord_76432194,cust_720877,307.99,COD,0,0,0.0,1,1,TIER_3_HIGH_RISK,0.727,0,1,2,1
ord_38873017,cust_230877,745.9,COD,0,0,0.0,1,1,TIER_1_METRO,0.713,0,1,14,0
ord_26790095,cust_851245,1506.98,CARD,5,0,0.0,0,1,TIER_1_METRO,0.732,2,1,1,0
ord_23453858,cust_529667,1872.62,COD,0,0,0.0,1,1,TIER_2,0.836,2,2,5,0
ord_89157203,cust_602857,1339.32,UPI,0,0,0.0,1,1,TIER_2,0.545,0,2,0,0
ord_26889252,cust_349048,1301.97,CARD,5,0,0.0,0,1,TIER_3_HIGH_RISK,0.626,0,1,4,0
ord_32761900,cust_943504,1343.45,UPI,6,0,0.0,0,1,TIER_1_METRO,0.87,1,1,2,0
ord_96490964,cust_387207,2279.68,UPI,0,0,0.0,1,1,TIER_1_METRO,0.729,0,8,11,0
ord_92562815,cust_909982,1886.43,CARD,4,1,0.25,0,1,TIER_1_METRO,0.75,0,3,5,0
ord_92039377,cust_232192,2022.8,CARD,5,0,0.0,0,1,TIER_3_HIGH_RISK,0.751,1,2,15,0
ord_23317715,cust_229802,1575.05,UPI,0,0,0.0,1,1,TIER_2,0.808,1,1,18,0
ord_10335983,cust_545990,1816.31,UPI,0,0,0.0,1,1,TIER_1_METRO,0.921,0,2,15,0
ord_83616416,cust_506582,609.74,COD,9,0,0.0,0,1,TIER_2,0.869,0,2,11,0
ord_32725756,cust_637909,1005.24,CARD,0,0,0.0,1,1,TIER_2,0.665,1,2,8,0
ord_34037435,cust_707415,790.0,UPI,10,2,0.2,0,2,TIER_1_METRO,0.975,2,1,13,0
ord_92822506,cust_411671,1463.52,NETBANKING,0,0,0.0,1,1,TIER_1_METRO,0.645,0,1,16,0
ord_46850216,cust_454100,431.34,COD,8,0,0.0,0,1,TIER_2,0.267,1,1,12,0
ord_28657630,cust_401410,1564.44,COD,1,0,0.0,0,1,TIER_3_HIGH_RISK,0.892,1,2,4,1
ord_64096103,cust_513621,1203.19,CARD,1,0,0.0,0,1,TIER_3_HIGH_RISK,0.652,0,1,17,1
ord_58750875,cust_868303,883.41,UPI,0,0,0.0,1,2,TIER_1_METRO,0.987,1,1,16,0
ord_45839230,cust_180882,505.07,COD,0,0,0.0,1,2,TIER_1_METRO,0.811,0,1,18,0
ord_31709264,cust_277059,702.96,UPI,5,0,0.0,0,2,TIER_1_METRO,0.916,2,1,2,0
ord_33841962,cust_915134,924.92,COD,0,0,0.0,1,1,TIER_1_METRO,0.915,0,1,3,0
ord_74711285,cust_424422,3866.8,COD,0,0,0.0,1,1,TIER_2,0.758,0,2,2,1
ord_21914970,cust_953524,1353.39,NETBANKING,0,0,0.0,1,1,TIER_1_METRO,0.898,0,1,21,0
ord_55930676,cust_260480,2887.08,UPI,12,2,0.1667,0,1,TIER_3_HIGH_RISK,0.88,0,2,4,0
ord_73644057,cust_746592,836.85,COD,8,0,0.0,0,1,TIER_2,0.852,1,3,10,0
ord_64474455,cust_965849,1699.25,COD,5,0,0.0,0,1,TIER_1_METRO,0.465,0,1,20,0
ord_61465754,cust_535078,625.67,UPI,0,0,0.0,1,2,TIER_2,0.695,0,1,11,0
ord_84765359,cust_310861,2037.62,UPI,0,0,0.0,1,1,TIER_1_METRO,0.818,0,1,21,0
ord_24459536,cust_566910,509.83,UPI,6,0,0.0,0,1,TIER_2,0.801,0,4,21,0
ord_51701479,cust_905953,1457.02,COD,9,0,0.0,0,1,TIER_3_HIGH_RISK,0.812,2,3,4,1
ord_91510678,cust_245306,812.73,UPI,9,0,0.0,0,1,TIER_2,0.864,0,1,1,0
ord_50710838,cust_489288,1582.55,COD,7,1,0.1429,0,1,TIER_1_METRO,0.746,0,1,5,0
ord_90027516,cust_310828,2834.33,NETBANKING,0,0,0.0,1,1,TIER_1_METRO,0.733,1,1,13,0
ord_23595880,cust_880248,978.33,COD,7,0,0.0,0,1,TIER_3_HIGH_RISK,0.731,0,1,4,0
ord_56003456,cust_153948,862.71,CARD,0,0,0.0,1,1,TIER_1_METRO,0.673,0,1,13,0
ord_47513447,cust_385251,3403.37,CARD,3,1,0.3333,0,1,TIER_1_METRO,0.728,0,1,3,0
ord_37680872,cust_765545,1158.1,COD,6,0,0.0,0,1,TIER_1_METRO,0.819,2,3,1,0
ord_98796753,cust_301961,3934.66,UPI,2,0,0.0,0,1,TIER_1_METRO,0.675,0,8,9,0
ord_66838296,cust_919901,5820.31,UPI,12,1,0.0833,0,2,TIER_3_HIGH_RISK,0.68,0,1,9,0
ord_69414068,cust_220992,470.94,COD,0,0,0.0,1,7,TIER_1_METRO,0.601,0,1,23,1
ord_41625253,cust_870741,6325.01,COD,3,0,0.0,0,5,TIER_1_METRO,0.722,2,2,20,1
ord_84007274,cust_548834,2268.3,CARD,6,0,0.0,0,1,TIER_1_METRO,0.783,0,2,1,0
ord_38709379,cust_468808,2053.8,CARD,11,0,0.0,0,1,TIER_3_HIGH_RISK,0.762,1,2,17,0
ord_95281074,cust_197955,360.83,COD,4,0,0.0,0,2,TIER_3_HIGH_RISK,0.722,1,1,23,1
ord_63878082,cust_893287,1239.53,NETBANKING,0,0,0.0,1,1,TIER_2,0.804,0,1,15,1
ord_60288175,cust_386981,349.87,COD,7,0,0.0,0,1,TIER_1_METRO,0.962,0,1,2,0
ord_15059667,cust_554906,715.14,NETBANKING,0,0,0.0,1,1,TIER_3_HIGH_RISK,0.494,0,3,22,0
ord_69281102,cust_406732,1985.2,COD,2,0,0.0,0,1,TIER_2,0.63,0,1,22,0
ord_16859634,cust_868693,392.97,UPI,0,0,0.0,1,1,TIER_1_METRO,0.682,1,1,9,0
ord_90544094,cust_829063,1299.65,UPI,4,0,0.0,0,1,TIER_1_METRO,0.664,2,1,20,0
ord_19571226,cust_222475,899.28,UPI,0,0,0.0,1,1,TIER_2,0.505,0,1,10,0
ord_50676214,cust_886289,1141.12,COD,9,0,0.0,0,1,TIER_3_HIGH_RISK,0.695,0,2,4,0
ord_92817140,cust_871562,859.35,UPI,1,0,0.0,0,1,TIER_2,0.834,0,1,16,0
ord_60144621,cust_208878,1154.48,COD,19,0,0.0,0,1,TIER_1_METRO,0.889,1,2,3,0
ord_43623951,cust_378364,751.89,UPI,0,0,0.0,1,1,TIER_2,0.633,0,2,11,0
ord_53426742,cust_665904,1862.54,COD,0,0,0.0,1,1,TIER_3_HIGH_RISK,0.849,2,1,14,1
ord_55816038,cust_883185,249.0,UPI,0,0,0.0,1,1,TIER_2,0.859,0,1,15,0
ord_71145493,cust_266343,1330.38,UPI,8,0,0.0,0,2,TIER_1_METRO,0.868,3,1,1,0
ord_22617619,cust_798309,552.55,UPI,0,0,0.0,1,1,TIER_3_HIGH_RISK,0.882,0,1,20,1
ord_73574747,cust_608377,687.8,UPI,9,0,0.0,0,1,TIER_2,0.614,0,2,16,0
ord_49755285,cust_587843,316.26,UPI,10,0,0.0,0,7,TIER_1_METRO,0.761,2,1,14,0
ord_84032849,cust_140376,1768.81,UPI,0,0,0.0,1,1,TIER_3_HIGH_RISK,0.699,0,1,17,1
ord_80522417,cust_533082,1082.04,UPI,5,0,0.0,0,1,TIER_1_METRO,0.866,0,2,12,0
ord_92913877,cust_310694,1019.87,COD,4,0,0.0,0,1,TIER_1_METRO,0.45,2,2,4,0
ord_37047758,cust_111290,1677.6,UPI,4,2,0.5,0,1,TIER_1_METRO,0.692,0,2,16,0
ord_24848268,cust_136326,562.53,COD,6,0,0.0,0,2,TIER_2,0.83,1,4,20,1
ord_21668300,cust_108164,3849.75,COD,13,2,0.1538,0,2,TIER_2,0.744,2,5,23,1
ord_32381281,cust_641688,1116.64,COD,0,0,0.0,1,1,TIER_1_METRO,0.946,0,1,10,0
ord_28444906,cust_901204,249.0,COD,0,0,0.0,1,1,TIER_3_HIGH_RISK,0.15,1,1,18,1
ord_93897089,cust_936073,1951.39,COD,4,0,0.0,0,1,TIER_3_HIGH_RISK,0.845,1,1,12,1
ord_64660622,cust_264857,536.67,UPI,0,0,0.0,1,4,TIER_3_HIGH_RISK,0.481,0,1,9,1
ord_27920169,cust_901292,1592.69,COD,4,0,0.0,0,1,TIER_1_METRO,0.691,0,1,6,0
ord_16508856,cust_965010,3145.94,UPI,0,0,0.0,1,1,TIER_2,0.679,3,1,11,0
ord_49980720,cust_933100,3743.05,COD,10,3,0.3,0,1,TIER_1_METRO,0.886,0,2,15,1
ord_94492832,cust_396081,454.26,COD,0,0,0.0,1,1,TIER_2,0.79,0,2,4,1
ord_17046305,cust_439846,508.71,COD,0,0,0.0,1,1,TIER_3_HIGH_RISK,0.505,1,2,20,1
ord_99125602,cust_956710,409.49,UPI,0,0,0.0,1,1,TIER_1_METRO,0.765,1,1,8,0
ord_93803897,cust_443802,1096.48,COD,8,3,0.375,0,1,TIER_2,0.783,0,4,13,0
ord_29997972,cust_719074,1160.67,UPI,2,0,0.0,0,1,TIER_3_HIGH_RISK,0.895,0,4,0,0
ord_36987760,cust_854723,763.34,CARD,7,0,0.0,0,1,TIER_1_METRO,0.662,1,1,6,0
ord_60495701,cust_332415,352.11,UPI,4,0,0.0,0,1,TIER_3_HIGH_RISK,0.846,0,1,18,0
ord_45347034,cust_386042,1657.1,CARD,3,2,0.6667,0,1,TIER_1_METRO,0.655,1,1,21,1
ord_55439465,cust_777233,4076.62,COD,0,0,0.0,1,1,TIER_1_METRO,0.342,2,1,12,1
ord_59252721,cust_579123,1285.53,NETBANKING,1,0,0.0,0,2,TIER_3_HIGH_RISK,0.882,2,1,9,0
ord_93930896,cust_986358,572.43,UPI,3,2,0.6667,0,1,TIER_3_HIGH_RISK,0.785,0,3,19,0
ord_84272221,cust_251015,899.24,UPI,35,0,0.0,0,1,TIER_1_METRO,0.864,0,1,17,0
ord_71298111,cust_200960,563.07,CARD,0,0,0.0,1,1,TIER_3_HIGH_RISK,0.645,2,1,18,1
ord_80180504,cust_999355,2658.61,UPI,8,0,0.0,0,1,TIER_1_METRO,0.804,1,1,18,0
ord_39825833,cust_211141,2312.54,COD,0,0,0.0,1,2,TIER_3_HIGH_RISK,0.407,0,1,21,1
ord_27846628,cust_865625,1273.15,COD,7,0,0.0,0,1,TIER_1_METRO,0.913,0,1,12,0
ord_12598677,cust_738237,1295.95,COD,8,0,0.0,0,1,TIER_1_METRO,0.588,0,1,21,0
ord_67697272,cust_965318,1734.25,COD,3,0,0.0,0,1,TIER_2,0.843,2,1,1,0
ord_29628490,cust_796713,3427.3,COD,5,1,0.2,0,3,TIER_2,0.914,2,1,12,1
ord_34336228,cust_340275,862.75,UPI,6,0,0.0,0,2,TIER_3_HIGH_RISK,0.801,0,1,5,0
ord_19446879,cust_261468,2370.16,COD,12,0,0.0,0,3,TIER_3_HIGH_RISK,0.788,1,4,18,1
ord_93201573,cust_679883,2457.93,COD,0,0,0.0,1,1,TIER_1_METRO,0.931,0,1,9,0
ord_44654999,cust_309605,5580.18,CARD,8,0,0.0,0,1,TIER_1_METRO,0.85,0,1,20,0
ord_77606959,cust_902236,2698.52,UPI,0,0,0.0,1,1,TIER_2,0.853,2,1,13,0
ord_90788389,cust_695411,1408.51,UPI,13,0,0.0,0,1,TIER_2,0.938,3,1,14,0
ord_34219726,cust_923072,1072.32,UPI,20,0,0.0,0,1,TIER_3_HIGH_RISK,0.598,0,2,10,0
ord_16964705,cust_804991,1786.64,COD,0,0,0.0,1,1,TIER_3_HIGH_RISK,0.692,0,1,6,1
ord_94281049,cust_676035,1435.69,CARD,14,1,0.0714,0,1,TIER_1_METRO,0.668,0,3,4,0
ord_19675864,cust_951178,1139.01,COD,4,0,0.0,0,1,TIER_1_METRO,0.931,0,1,1,0
ord_60042301,cust_756307,2962.82,COD,0,0,0.0,1,1,TIER_2,0.966,0,1,9,1
ord_45195887,cust_532718,2317.38,COD,2,0,0.0,0,1,TIER_2,0.768,0,1,5,0
ord_68082429,cust_326935,369.73,UPI,23,0,0.0,0,1,TIER_2,0.652,2,1,21,0
ord_14578238,cust_973372,807.81,COD,0,0,0.0,1,3,TIER_3_HIGH_RISK,0.7,0,3,11,1
ord_64487742,cust_977346,771.21,COD,3,0,0.0,0,1,TIER_3_HIGH_RISK,0.778,0,1,15,1
ord_96311438,cust_462105,1136.17,COD,0,0,0.0,1,1,TIER_1_METRO,0.722,0,1,19,0
ord_61190947,cust_457623,550.74,COD,0,0,0.0,1,1,TIER_3_HIGH_RISK,0.707,0,1,1,1
ord_36705487,cust_862183,914.5,COD,0,0,0.0,1,1,TIER_2,0.889,1,1,17,1
ord_67315945,cust_781669,2491.95,UPI,0,0,0.0,1,1,TIER_1_METRO,0.965,3,1,3,0
ord_72250665,cust_616243,1575.76,COD,0,0,0.0,1,1,TIER_3_HIGH_RISK,0.485,2,2,3,1
ord_45227107,cust_142448,901.02,CARD,0,0,0.0,1,2,TIER_1_METRO,0.932,0,1,18,0
ord_40931929,cust_922455,1943.99,COD,16,0,0.0,0,2,TIER_3_HIGH_RISK,0.753,0,5,20,0
ord_61509697,cust_699857,1628.9,COD,0,0,0.0,1,1,TIER_1_METRO,0.584,1,1,18,0
ord_87578752,cust_491988,1220.78,UPI,12,0,0.0,0,1,TIER_2,0.781,0,1,15,0
ord_34899950,cust_461523,513.35,CARD,0,0,0.0,1,1,TIER_3_HIGH_RISK,0.828,1,2,4,1
ord_67430565,cust_499547,1801.75,COD,0,0,0.0,1,1,TIER_1_METRO,0.973,0,8,5,1
ord_87594430,cust_239199,2386.2,COD,13,0,0.0,0,2,TIER_1_METRO,0.884,0,4,17,0
ord_52229669,cust_834756,725.22,UPI,0,0,0.0,1,2,TIER_1_METRO,0.777,1,2,6,0
ord_12117709,cust_708671,2049.42,COD,3,0,0.0,0,1,TIER_1_METRO,0.766,0,2,10,0
ord_38631285,cust_445961,399.68,COD,8,2,0.25,0,1,TIER_2,0.895,1,1,10,0
ord_94776775,cust_482784,922.66,COD,5,0,0.0,0,1,TIER_2,0.557,0,2,15,0
ord_87720830,cust_751371,1074.42,UPI,5,0,0.0,0,1,TIER_2,0.861,1,1,18,0
ord_10519676,cust_954633,458.39,COD,6,1,0.1667,0,1,TIER_1_METRO,0.41,2,2,12,0
ord_24665941,cust_148554,1517.16,COD,4,0,0.0,0,1,TIER_3_HIGH_RISK,0.737,0,3,6,1
ord_44086263,cust_921571,715.97,UPI,0,0,0.0,1,2,TIER_2,0.842,0,5,19,0
ord_63362949,cust_191612,2663.3,COD,3,0,0.0,0,1,TIER_3_HIGH_RISK,0.703,2,4,23,1
ord_75939185,cust_714427,831.47,COD,5,0,0.0,0,1,TIER_1_METRO,0.717,1,2,13,0
ord_42138462,cust_280875,1353.18,COD,5,1,0.2,0,1,TIER_1_METRO,0.858,0,3,22,0
ord_45796110,cust_716196,1128.31,NETBANKING,10,0,0.0,0,1,TIER_2,0.687,0,5,23,0
ord_38058751,cust_605341,927.94,UPI,0,0,0.0,1,1,TIER_1_METRO,0.866,0,2,8,0
ord_71739321,cust_983671,2423.64,UPI,7,0,0.0,0,5,TIER_2,0.903,1,3,5,0
ord_11317621,cust_450579,644.37,UPI,6,0,0.0,0,1,TIER_3_HIGH_RISK,0.699,0,4,20,0
ord_73391073,cust_852341,1764.67,UPI,5,0,0.0,0,1,TIER_1_METRO,0.893,0,2,13,0
ord_89477999,cust_712274,2962.49,UPI,13,0,0.0,0,1,TIER_3_HIGH_RISK,0.638,0,1,16,0
ord_12887698,cust_300798,1061.08,CARD,0,0,0.0,1,1,TIER_2,0.912,0,1,9,0
ord_14240012,cust_654827,816.58,UPI,6,0,0.0,0,2,TIER_1_METRO,0.935,0,2,5,0
ord_84062621,cust_199074,3702.37,COD,10,1,0.1,0,3,TIER_1_METRO,0.571,2,3,7,0
ord_46425515,cust_867263,1044.75,UPI,7,0,0.0,0,1,TIER_2,0.966,3,1,1,0
ord_71775575,cust_767765,4234.59,UPI,3,0,0.0,0,1,TIER_3_HIGH_RISK,0.863,0,1,6,0
ord_99626672,cust_614591,1058.55,UPI,10,0,0.0,0,1,TIER_1_METRO,0.572,0,1,13,0
ord_14024733,cust_207255,1973.57,NETBANKING,2,0,0.0,0,1,TIER_2,0.939,1,1,4,0
ord_89890013,cust_298511,863.9,CARD,0,0,0.0,1,1,TIER_3_HIGH_RISK,0.612,0,1,11,0
ord_60758892,cust_534171,1062.12,UPI,0,0,0.0,1,1,TIER_2,0.716,0,1,6,0
ord_50498507,cust_460377,492.55,COD,7,0,0.0,0,1,TIER_2,0.804,1,3,3,1
ord_60450229,cust_625080,464.4,UPI,0,0,0.0,1,1,TIER_1_METRO,0.865,1,1,4,0
ord_76698460,cust_836619,1427.11,COD,20,0,0.0,0,2,TIER_1_METRO,0.654,0,2,16,0
ord_16113100,cust_503078,2598.55,UPI,7,1,0.1429,0,1,TIER_1_METRO,0.863,1,1,9,0
ord_74990969,cust_246718,2015.86,COD,9,2,0.2222,0,1,TIER_3_HIGH_RISK,0.578,1,3,16,1
ord_64423349,cust_112636,1634.33,UPI,14,1,0.0714,0,1,TIER_3_HIGH_RISK,0.59,1,1,5,1
ord_48837854,cust_999054,249.0,COD,0,0,0.0,1,3,TIER_1_METRO,0.937,1,2,17,0
ord_68401945,cust_310913,1824.53,COD,0,0,0.0,1,2,TIER_1_METRO,0.985,1,8,4,1
ord_53069838,cust_503564,1136.19,UPI,0,0,0.0,1,1,TIER_2,0.923,1,2,1,0
ord_18623353,cust_673642,541.31,UPI,20,0,0.0,0,1,TIER_2,0.644,1,2,21,0
ord_12463208,cust_656744,1699.06,UPI,5,1,0.2,0,1,TIER_1_METRO,0.894,0,1,22,0
ord_58750452,cust_727108,951.6,COD,19,0,0.0,0,1,TIER_1_METRO,0.525,2,2,21,0
ord_60149723,cust_994839,1125.78,COD,2,0,0.0,0,1,TIER_2,0.568,1,1,23,0
ord_61756593,cust_362181,567.53,COD,0,0,0.0,1,2,TIER_2,0.803,2,1,14,0
ord_36198027,cust_647835,2202.91,CARD,8,0,0.0,0,1,TIER_1_METRO,0.626,3,1,19,0
ord_33948053,cust_838748,792.66,UPI,6,0,0.0,0,1,TIER_1_METRO,0.881,2,1,16,0
ord_33266975,cust_973668,2409.78,COD,0,0,0.0,1,1,TIER_1_METRO,0.879,1,1,13,0
ord_77030997,cust_157943,3596.0,COD,7,0,0.0,0,1,TIER_3_HIGH_RISK,0.69,0,1,14,1
ord_87041443,cust_882262,4163.66,COD,3,0,0.0,0,1,TIER_1_METRO,0.858,0,2,2,1
ord_72460303,cust_138805,1254.79,COD,1,0,0.0,0,4,TIER_2,0.566,0,3,5,1
ord_62775939,cust_211118,2004.11,UPI,2,0,0.0,0,1,TIER_3_HIGH_RISK,0.489,1,1,13,0
ord_70676365,cust_178872,614.1,COD,2,0,0.0,0,1,TIER_1_METRO,0.712,0,1,18,0
ord_91926191,cust_563593,545.96,UPI,0,0,0.0,1,1,TIER_2,0.705,0,1,5,0
ord_31098829,cust_786920,4068.37,CARD,0,0,0.0,1,1,TIER_3_HIGH_RISK,0.855,0,1,11,1
ord_27114380,cust_177585,2391.47,UPI,0,0,0.0,1,1,TIER_1_METRO,0.714,2,1,14,0
ord_17299243,cust_561322,1228.13,CARD,19,3,0.1579,0,1,TIER_1_METRO,0.754,0,1,3,0
ord_96142436,cust_955685,1607.27,NETBANKING,0,0,0.0,1,1,TIER_2,0.91,0,1,17,0
ord_43577814,cust_346635,1791.05,UPI,0,0,0.0,1,1,TIER_2,0.787,0,8,20,1
ord_36471311,cust_741627,2663.0,COD,0,0,0.0,1,3,TIER_1_METRO,0.605,0,1,7,1
ord_15277420,cust_143202,709.86,UPI,0,0,0.0,1,1,TIER_1_METRO,0.885,2,2,15,1
ord_60458393,cust_988368,1568.76,UPI,3,1,0.3333,0,1,TIER_1_METRO,0.523,2,1,23,0
ord_68049608,cust_292023,1799.55,COD,4,0,0.0,0,1,TIER_2,0.355,0,1,11,0
ord_54171571,cust_815030,1009.05,UPI,0,0,0.0,1,1,TIER_1_METRO,0.88,0,3,20,0
ord_36595432,cust_494188,514.11,COD,0,0,0.0,1,1,TIER_1_METRO,0.617,0,1,22,1
ord_77042893,cust_572699,2454.8,UPI,0,0,0.0,1,1,TIER_2,0.598,0,1,8,0
ord_34062169,cust_456611,249.0,COD,13,0,0.0,0,1,TIER_1_METRO,0.985,0,1,19,0
ord_49501026,cust_197375,425.8,UPI,0,0,0.0,1,1,TIER_1_METRO,0.923,1,1,22,0
ord_72419437,cust_253305,448.79,UPI,0,0,0.0,1,1,TIER_3_HIGH_RISK,0.847,2,1,19,1
ord_96697398,cust_922501,575.09,CARD,0,0,0.0,1,2,TIER_3_HIGH_RISK,0.201,0,4,11,0
ord_52547151,cust_321141,255.94,UPI,3,0,0.0,0,1,TIER_2,0.875,1,2,13,0
ord_96357458,cust_142351,674.91,UPI,0,0,0.0,1,3,TIER_1_METRO,0.691,0,1,23,1
ord_99595715,cust_561480,3201.14,COD,0,0,0.0,1,1,TIER_1_METRO,0.831,1,1,7,0
ord_29290600,cust_234288,1356.76,COD,8,2,0.25,0,2,TIER_1_METRO,0.389,1,2,17,1
ord_45609212,cust_148838,827.69,UPI,3,0,0.0,0,2,TIER_1_METRO,0.933,3,1,22,1
ord_19017497,cust_862638,1115.87,UPI,0,0,0.0,1,2,TIER_3_HIGH_RISK,0.619,0,1,0,1
ord_92101793,cust_469137,1953.95,NETBANKING,0,0,0.0,1,3,TIER_1_METRO,0.407,0,1,11,0
ord_28458857,cust_383650,1880.52,COD,0,0,0.0,1,1,TIER_2,0.784,0,3,23,0
ord_34859871,cust_476149,1448.7,COD,0,0,0.0,1,1,TIER_2,0.844,0,1,3,0
ord_62167295,cust_931872,1836.17,COD,2,0,0.0,0,1,TIER_2,0.693,0,3,6,1
ord_13331068,cust_522227,278.43,CARD,0,0,0.0,1,1,TIER_2,0.772,1,1,4,0
ord_24370051,cust_170793,905.15,CARD,5,0,0.0,0,1,TIER_1_METRO,0.664,0,2,5,0
ord_39540622,cust_310544,1482.62,COD,3,1,0.3333,0,1,TIER_2,0.85,0,1,11,1
ord_11507394,cust_976492,988.92,NETBANKING,15,6,0.4,0,1,TIER_2,0.75,0,2,17,1
ord_40120919,cust_249519,405.92,UPI,3,0,0.0,0,1,TIER_1_METRO,0.795,1,1,10,0
ord_41009413,cust_631373,701.5,COD,0,0,0.0,1,1,TIER_3_HIGH_RISK,0.705,2,1,7,1
ord_43147260,cust_537983,543.83,COD,0,0,0.0,1,1,TIER_1_METRO,0.738,0,3,22,1
ord_67415983,cust_555070,1672.15,COD,0,0,0.0,1,1,TIER_2,0.787,0,1,19,1
ord_85556013,cust_266241,745.32,COD,0,0,0.0,1,1,TIER_1_METRO,0.548,1,1,22,0
ord_29053322,cust_168582,871.8,UPI,0,0,0.0,1,1,TIER_3_HIGH_RISK,0.489,0,1,21,0
ord_39920720,cust_538201,2385.23,COD,3,0,0.0,0,1,TIER_2,0.92,1,1,17,0
ord_67728313,cust_329334,1971.01,COD,0,0,0.0,1,1,TIER_2,0.972,0,1,11,1
ord_86138614,cust_555457,249.0,UPI,0,0,0.0,1,1,TIER_2,0.88,1,1,11,0
ord_96401499,cust_238470,1833.66,COD,0,0,0.0,1,2,TIER_1_METRO,0.778,1,1,2,0
ord_20531792,cust_887404,1459.13,CARD,0,0,0.0,1,5,TIER_1_METRO,0.863,1,2,14,1
ord_36635028,cust_511115,3618.03,COD,2,0,0.0,0,2,TIER_3_HIGH_RISK,0.868,1,1,23,0
ord_71254178,cust_559387,759.13,COD,0,0,0.0,1,1,TIER_3_HIGH_RISK,0.685,0,1,13,1
ord_72976036,cust_985054,1085.1,UPI,19,0,0.0,0,1,TIER_2,0.865,0,2,3,0
ord_78899092,cust_428905,1168.16,UPI,0,0,0.0,1,1,TIER_3_HIGH_RISK,0.537,2,2,20,0
ord_19384451,cust_732565,1205.54,COD,0,0,0.0,1,1,TIER_1_METRO,0.813,1,1,17,0
ord_76984430,cust_563675,1913.47,COD,27,0,0.0,0,1,TIER_3_HIGH_RISK,0.645,0,1,18,0
ord_10354182,cust_959138,2109.41,UPI,19,0,0.0,0,2,TIER_1_METRO,0.889,0,1,14,0
ord_71302485,cust_288944,1943.24,COD,4,1,0.25,0,1,TIER_1_METRO,0.72,1,1,0,0
ord_58927001,cust_573220,1644.06,UPI,0,0,0.0,1,1,TIER_1_METRO,0.817,0,1,14,1
ord_65914929,cust_579367,905.89,CARD,7,0,0.0,0,1,TIER_1_METRO,0.838,2,1,20,0
ord_52321932,cust_648482,736.52,NETBANKING,9,0,0.0,0,2,TIER_2,0.709,1,1,2,0
ord_45280122,cust_306769,1879.41,COD,0,0,0.0,1,1,TIER_2,0.812,0,1,15,0
ord_44218900,cust_188114,2232.09,COD,3,0,0.0,0,1,TIER_3_HIGH_RISK,0.7,0,1,21,1
ord_65160409,cust_724078,3193.9,COD,17,0,0.0,0,1,TIER_1_METRO,0.88,0,1,1,0
ord_49368536,cust_745201,926.83,COD,0,0,0.0,1,1,TIER_1_METRO,0.803,0,4,23,1
ord_31603101,cust_603148,1721.08,COD,4,0,0.0,0,1,TIER_2,0.798,0,2,21,1
ord_14529943,cust_323923,750.23,UPI,0,0,0.0,1,1,TIER_2,0.668,0,2,16,0
ord_69897213,cust_152838,1709.3,UPI,2,0,0.0,0,1,TIER_3_HIGH_RISK,0.573,1,1,6,0
ord_67005840,cust_392002,559.19,UPI,0,0,0.0,1,1,TIER_1_METRO,0.817,0,1,20,0
ord_46804492,cust_512548,444.4,UPI,0,0,0.0,1,1,TIER_3_HIGH_RISK,0.83,1,2,4,0
ord_64952704,cust_248408,1997.48,COD,5,0,0.0,0,1,TIER_2,0.588,0,2,8,0
ord_21490235,cust_899301,1180.4,COD,3,0,0.0,0,1,TIER_1_METRO,0.836,0,1,6,0
ord_99854713,cust_266033,1734.92,COD,8,0,0.0,0,1,TIER_1_METRO,0.632,2,1,20,0
ord_48402260,cust_476905,921.46,COD,11,2,0.1818,0,1,TIER_2,0.718,0,1,2,1
ord_32992356,cust_822395,1511.75,UPI,0,0,0.0,1,7,TIER_2,0.565,3,4,20,1
ord_93723730,cust_138131,444.46,UPI,5,0,0.0,0,1,TIER_2,0.767,0,1,18,0
ord_76627397,cust_723536,1161.73,COD,0,0,0.0,1,1,TIER_1_METRO,0.77,0,1,20,0
ord_52439798,cust_715358,661.47,UPI,5,0,0.0,0,3,TIER_1_METRO,0.835,0,1,1,0
ord_31186229,cust_328394,416.38,COD,0,0,0.0,1,2,TIER_3_HIGH_RISK,0.513,0,2,12,1
ord_94993257,cust_656420,862.62,COD,13,1,0.0769,0,1,TIER_1_METRO,0.711,0,2,0,0
ord_58702875,cust_242412,1287.57,UPI,0,0,0.0,1,1,TIER_1_METRO,0.65,0,1,23,0
ord_30638676,cust_347605,2774.26,UPI,12,0,0.0,0,1,TIER_1_METRO,0.554,0,1,4,0
ord_56152021,cust_485096,2453.08,UPI,0,0,0.0,1,2,TIER_2,0.712,1,1,9,0
ord_42329598,cust_955447,3810.41,COD,13,1,0.0769,0,1,TIER_1_METRO,0.546,0,1,16,0
ord_64351137,cust_182946,1142.01,CARD,1,0,0.0,0,1,TIER_2,0.573,0,1,4,0
ord_53465574,cust_524452,579.28,UPI,8,0,0.0,0,1,TIER_1_METRO,0.909,2,1,12,0
ord_37504324,cust_834404,925.67,UPI,0,0,0.0,1,3,TIER_1_METRO,0.936,1,2,12,0
ord_68436437,cust_804966,860.45,NETBANKING,0,0,0.0,1,1,TIER_2,0.858,1,2,22,0
ord_34093575,cust_692145,2275.25,COD,0,0,0.0,1,1,TIER_2,0.584,3,1,16,1
ord_66024141,cust_422030,1778.64,COD,10,0,0.0,0,1,TIER_1_METRO,0.796,3,3,16,0
ord_10742476,cust_814129,1200.35,UPI,4,0,0.0,0,1,TIER_2,0.716,0,1,9,0
ord_28093039,cust_165074,561.38,UPI,8,0,0.0,0,1,TIER_1_METRO,0.5,1,2,17,0
ord_78443860,cust_396630,609.47,CARD,13,3,0.2308,0,1,TIER_1_METRO,0.694,2,1,11,1
ord_67078577,cust_101076,319.53,COD,7,0,0.0,0,2,TIER_2,0.874,1,1,20,1
ord_43460390,cust_179317,269.73,UPI,1,0,0.0,0,1,TIER_1_METRO,0.641,0,1,8,0
ord_39884472,cust_171296,1279.47,COD,5,0,0.0,0,1,TIER_3_HIGH_RISK,0.392,2,2,11,1
ord_25020117,cust_861303,5417.99,UPI,0,0,0.0,1,2,TIER_3_HIGH_RISK,0.726,3,2,3,1
ord_72789860,cust_283195,465.53,COD,1,0,0.0,0,1,TIER_2,0.865,0,2,2,1
ord_63452495,cust_777772,12310.62,UPI,0,0,0.0,1,1,TIER_1_METRO,0.936,2,3,11,0
ord_96676453,cust_146057,1993.77,CARD,10,1,0.1,0,1,TIER_2,0.746,0,1,12,0
ord_44748160,cust_556237,396.82,COD,0,0,0.0,1,1,TIER_1_METRO,0.767,0,4,23,1
ord_13835598,cust_935681,1258.33,CARD,8,0,0.0,0,1,TIER_1_METRO,0.894,0,1,21,0
ord_47706541,cust_759459,2135.95,UPI,6,0,0.0,0,3,TIER_1_METRO,0.786,2,1,20,0
ord_96191493,cust_140751,568.54,COD,0,0,0.0,1,1,TIER_1_METRO,0.628,2,1,15,1
ord_73861441,cust_612115,1361.95,UPI,14,1,0.0714,0,1,TIER_3_HIGH_RISK,0.801,1,1,23,0
ord_78163717,cust_825329,930.04,UPI,7,1,0.1429,0,1,TIER_2,0.751,1,1,0,0
ord_50759705,cust_390477,2491.3,COD,0,0,0.0,1,2,TIER_2,0.841,2,1,6,1
ord_70583869,cust_656267,9740.26,UPI,8,1,0.125,0,1,TIER_2,0.724,1,1,2,0
ord_52590048,cust_102953,2227.8,UPI,7,0,0.0,0,1,TIER_3_HIGH_RISK,0.662,0,1,14,0
ord_82070778,cust_696268,1523.31,COD,3,0,0.0,0,1,TIER_1_METRO,0.683,0,1,19,0
ord_91550724,cust_607661,454.42,COD,0,0,0.0,1,1,TIER_2,0.737,0,1,14,0
ord_68550264,cust_649126,3093.34,COD,0,0,0.0,1,1,TIER_2,0.965,1,2,14,1
ord_58729992,cust_518494,1820.38,CARD,14,2,0.1429,0,1,TIER_2,0.793,0,1,5,0
ord_61053948,cust_738657,564.97,UPI,4,0,0.0,0,3,TIER_2,0.873,2,1,13,0
ord_72589364,cust_241615,6804.62,COD,5,0,0.0,0,1,TIER_3_HIGH_RISK,0.84,0,1,3,1
ord_33567809,cust_738288,2405.22,UPI,6,0,0.0,0,2,TIER_3_HIGH_RISK,0.398,0,1,23,0
ord_91354905,cust_478945,946.4,COD,8,2,0.25,0,1,TIER_2,0.767,0,4,6,0
ord_25467488,cust_244875,1668.61,COD,0,0,0.0,1,3,TIER_1_METRO,0.714,0,1,12,1
ord_30147914,cust_610462,4039.12,NETBANKING,0,0,0.0,1,1,TIER_1_METRO,0.973,0,1,11,0
ord_58302504,cust_902056,1297.47,NETBANKING,12,0,0.0,0,1,TIER_2,0.878,1,1,2,0
ord_28868229,cust_391548,879.87,COD,0,0,0.0,1,1,TIER_3_HIGH_RISK,0.368,1,1,22,1
ord_70428621,cust_667381,2208.04,UPI,0,0,0.0,1,1,TIER_2,0.785,2,1,21,0
ord_89152010,cust_124520,793.27,COD,2,0,0.0,0,1,TIER_1_METRO,0.916,0,1,1,0
ord_34543290,cust_455045,2784.66,CARD,0,0,0.0,1,1,TIER_1_METRO,0.682,0,1,6,0
ord_99191511,cust_464777,1109.44,CARD,3,0,0.0,0,1,TIER_1_METRO,0.868,0,1,22,0
ord_51078564,cust_882948,4769.5,UPI,0,0,0.0,1,1,TIER_2,0.955,0,1,10,0
ord_91955631,cust_434943,2582.28,COD,4,0,0.0,0,1,TIER_1_METRO,0.919,0,3,2,0
ord_24801310,cust_113369,1682.25,UPI,16,0,0.0,0,1,TIER_1_METRO,0.928,1,1,20,0
ord_16609001,cust_197464,1198.08,COD,11,2,0.1818,0,2,TIER_1_METRO,0.783,2,1,17,0
ord_14878154,cust_979319,494.7,UPI,11,0,0.0,0,1,TIER_1_METRO,0.622,0,1,10,0
ord_17566169,cust_975049,1750.98,UPI,3,0,0.0,0,1,TIER_2,0.609,0,1,13,0
ord_85092305,cust_685619,4571.82,COD,10,2,0.2,0,7,TIER_2,0.856,2,1,22,1
ord_27069223,cust_110101,1420.99,COD,9,0,0.0,0,1,TIER_2,0.945,0,2,5,0
ord_87140535,cust_865230,881.65,UPI,2,0,0.0,0,1,TIER_3_HIGH_RISK,0.545,3,1,8,0
ord_77105583,cust_506637,1807.24,COD,8,0,0.0,0,1,TIER_3_HIGH_RISK,0.842,0,1,13,0
ord_15422569,cust_418193,524.36,UPI,11,2,0.1818,0,1,TIER_2,0.965,0,1,22,1
ord_51662694,cust_750363,1614.03,COD,0,0,0.0,1,1,TIER_2,0.834,2,3,19,1
ord_61135643,cust_150974,1210.3,NETBANKING,2,0,0.0,0,1,TIER_1_METRO,0.735,0,1,7,0
ord_82875898,cust_850489,1369.21,UPI,0,0,0.0,1,1,TIER_1_METRO,0.548,0,1,1,0
ord_25116926,cust_576131,1080.8,COD,5,1,0.2,0,1,TIER_2,0.452,0,1,19,1
ord_24010010,cust_771999,419.26,UPI,0,0,0.0,1,4,TIER_1_METRO,0.857,2,1,16,0
ord_50495982,cust_505770,797.48,COD,0,0,0.0,1,1,TIER_3_HIGH_RISK,0.802,1,1,15,1
ord_74899873,cust_568702,2119.61,UPI,6,0,0.0,0,1,TIER_1_METRO,0.903,2,3,23,0
ord_57242867,cust_874071,2297.77,COD,9,0,0.0,0,1,TIER_1_METRO,0.885,0,3,3,0
ord_22825630,cust_299841,922.98,UPI,1,1,1.0,0,1,TIER_1_METRO,0.875,0,3,23,0
ord_20854520,cust_327810,1170.6,COD,4,0,0.0,0,2,TIER_1_METRO,0.623,0,1,23,0
ord_25732903,cust_692190,943.3,CARD,2,0,0.0,0,1,TIER_2,0.646,0,2,11,0
ord_30909659,cust_950275,2184.54,COD,12,0,0.0,0,1,TIER_2,0.898,2,1,3,0
ord_21630982,cust_834851,1444.07,COD,0,0,0.0,1,1,TIER_2,0.596,0,5,10,0
ord_91037136,cust_492445,897.6,COD,1,0,0.0,0,1,TIER_1_METRO,0.967,1,1,22,0
ord_38737303,cust_818513,2043.66,UPI,5,0,0.0,0,1,TIER_3_HIGH_RISK,0.903,0,2,12,0
ord_51026616,cust_105589,2437.05,COD,3,0,0.0,0,1,TIER_1_METRO,0.717,0,2,6,0
ord_45183214,cust_836699,4530.62,COD,0,0,0.0,1,2,TIER_2,0.81,1,1,21,1
ord_38433648,cust_198993,5045.38,COD,10,1,0.1,0,3,TIER_1_METRO,0.899,2,2,1,1
ord_97178319,cust_493423,444.26,UPI,2,0,0.0,0,1,TIER_2,0.836,0,1,0,0
ord_71888509,cust_677697,1655.78,CARD,9,1,0.1111,0,2,TIER_1_METRO,0.914,0,1,16,0
ord_59509873,cust_731806,820.87,COD,9,0,0.0,0,1,TIER_1_METRO,0.481,1,3,7,0
ord_79427156,cust_140409,1884.31,UPI,6,0,0.0,0,3,TIER_1_METRO,0.954,1,1,20,0
ord_40900994,cust_139288,961.91,UPI,6,0,0.0,0,1,TIER_2,0.867,1,1,18,0
ord_91779560,cust_702565,1740.11,COD,13,2,0.1538,0,2,TIER_3_HIGH_RISK,0.583,2,2,15,1
ord_24700938,cust_241755,1441.48,UPI,6,0,0.0,0,4,TIER_1_METRO,0.889,0,1,2,0
ord_43753974,cust_870602,1557.55,UPI,14,0,0.0,0,1,TIER_1_METRO,0.504,1,8,19,0
ord_88113713,cust_385356,463.59,COD,10,0,0.0,0,1,TIER_1_METRO,0.515,0,4,19,0
ord_96544585,cust_635852,6266.89,COD,1,0,0.0,0,1,TIER_2,0.71,2,1,4,1
ord_96865798,cust_943395,1535.57,COD,0,0,0.0,1,1,TIER_1_METRO,0.89,0,1,14,0
ord_19249677,cust_472335,2293.03,UPI,1,0,0.0,0,1,TIER_2,0.911,0,2,13,0
ord_79760652,cust_412841,493.39,UPI,7,0,0.0,0,2,TIER_3_HIGH_RISK,0.78,0,1,18,0
ord_36780164,cust_770493,1994.43,COD,7,0,0.0,0,2,TIER_1_METRO,0.766,0,1,3,0
ord_71106091,cust_301696,393.83,UPI,4,0,0.0,0,1,TIER_3_HIGH_RISK,0.834,0,1,22,0
ord_54042449,cust_353130,675.48,COD,0,0,0.0,1,1,TIER_1_METRO,0.59,1,1,0,1
ord_13390919,cust_546918,1046.75,UPI,3,0,0.0,0,1,TIER_2,0.904,1,1,15,0
ord_53658912,cust_143884,568.2,UPI,3,0,0.0,0,1,TIER_1_METRO,0.848,1,1,11,0
ord_45871597,cust_714524,3660.89,CARD,0,0,0.0,1,4,TIER_1_METRO,0.736,0,2,7,1
ord_96328985,cust_189897,822.5,UPI,0,0,0.0,1,1,TIER_3_HIGH_RISK,0.387,1,1,10,0
ord_54913247,cust_101207,264.7,UPI,14,0,0.0,0,1,TIER_2,0.82,3,3,11,0
ord_67454535,cust_438582,567.21,UPI,0,0,0.0,1,1,TIER_1_METRO,0.876,0,3,11,0
ord_87185592,cust_299584,2899.37,COD,8,0,0.0,0,1,TIER_1_METRO,0.567,1,1,19,0
ord_28782680,cust_170325,2638.44,COD,20,1,0.05,0,1,TIER_1_METRO,0.938,1,1,4,0
ord_26995763,cust_298296,1236.05,UPI,5,0,0.0,0,1,TIER_1_METRO,0.888,0,1,2,0
ord_27030294,cust_987973,1887.89,COD,0,0,0.0,1,1,TIER_2,0.95,2,1,10,1
ord_13125354,cust_581946,1798.15,UPI,0,0,0.0,1,1,TIER_1_METRO,0.571,2,3,8,0
ord_69523339,cust_327827,249.0,COD,0,0,0.0,1,1,TIER_1_METRO,0.706,1,3,19,1
ord_22076502,cust_964945,2440.19,COD,0,0,0.0,1,1,TIER_1_METRO,0.927,0,1,13,0
ord_15363240,cust_715720,408.31,COD,10,4,0.4,0,1,TIER_2,0.789,0,3,13,1
ord_34483329,cust_409571,668.8,CARD,0,0,0.0,1,1,TIER_1_METRO,0.855,0,2,0,0
ord_20140380,cust_824918,5232.22,UPI,14,1,0.0714,0,1,TIER_3_HIGH_RISK,0.725,0,1,17,0
ord_83195404,cust_631313,3822.57,COD,11,0,0.0,0,1,TIER_2,0.98,1,1,6,0
ord_75176852,cust_848886,324.12,COD,5,0,0.0,0,1,TIER_3_HIGH_RISK,0.565,1,1,7,0
ord_25336642,cust_522727,2653.08,COD,0,0,0.0,1,1,TIER_3_HIGH_RISK,0.837,0,1,3,1
ord_61951532,cust_701381,1196.32,UPI,11,3,0.2727,0,1,TIER_1_METRO,0.854,0,1,9,0
ord_12484413,cust_998196,515.41,UPI,5,0,0.0,0,1,TIER_1_METRO,0.806,2,2,17,0
ord_47876684,cust_768860,1851.26,UPI,0,0,0.0,1,1,TIER_1_METRO,0.765,0,1,11,0
ord_40315282,cust_935624,911.54,UPI,8,0,0.0,0,1,TIER_1_METRO,0.805,2,1,11,0
ord_98290389,cust_946027,788.6,UPI,4,0,0.0,0,1,TIER_2,0.87,0,1,13,0
ord_83914224,cust_692734,892.86,UPI,6,1,0.1667,0,1,TIER_3_HIGH_RISK,0.687,0,2,14,1
ord_18231691,cust_729866,390.04,COD,3,0,0.0,0,1,TIER_3_HIGH_RISK,0.651,1,4,1,1
ord_11748014,cust_727358,5947.08,UPI,2,0,0.0,0,1,TIER_3_HIGH_RISK,0.487,1,1,11,0
ord_67155773,cust_216351,1437.11,COD,12,0,0.0,0,1,TIER_2,0.851,0,4,2,0
ord_73410949,cust_145693,249.0,UPI,8,0,0.0,0,1,TIER_2,0.967,0,1,9,0
ord_38804060,cust_138599,807.34,COD,7,0,0.0,0,1,TIER_2,0.792,0,5,11,0
ord_96195043,cust_416695,1836.48,COD,10,2,0.2,0,1,TIER_2,0.782,0,1,17,0
ord_10296177,cust_280940,369.0,COD,0,0,0.0,1,1,TIER_2,0.911,3,1,22,1
ord_85306159,cust_591029,1645.42,NETBANKING,6,0,0.0,0,1,TIER_3_HIGH_RISK,0.389,1,3,7,0
ord_47859411,cust_531476,806.81,COD,0,0,0.0,1,1,TIER_1_METRO,0.829,0,2,19,0
ord_27812427,cust_558093,1065.69,COD,0,0,0.0,1,1,TIER_3_HIGH_RISK,0.673,3,1,10,1
ord_94887702,cust_592356,1009.89,UPI,5,1,0.2,0,1,TIER_3_HIGH_RISK,0.383,0,1,16,0
ord_32876131,cust_968800,1125.37,COD,11,0,0.0,0,2,TIER_1_METRO,0.703,0,3,1,0
ord_72090981,cust_222359,1428.56,UPI,0,0,0.0,1,1,TIER_2,0.728,0,1,7,0
ord_66896917,cust_753976,2998.72,COD,6,0,0.0,0,2,TIER_1_METRO,0.672,0,1,11,0
ord_68214798,cust_922343,1766.47,COD,10,4,0.4,0,1,TIER_1_METRO,0.925,0,2,21,0
ord_24716695,cust_616328,659.67,NETBANKING,0,0,0.0,1,1,TIER_2,0.818,1,2,2,0
ord_34210749,cust_888797,1822.92,COD,5,2,0.4,0,1,TIER_2,0.562,0,1,14,1
ord_22411137,cust_280029,1048.56,COD,5,2,0.4,0,1,TIER_2,0.728,0,1,15,1
ord_35400119,cust_268560,1110.49,UPI,6,0,0.0,0,2,TIER_1_METRO,0.73,0,1,17,0
ord_57204953,cust_345221,2682.46,COD,2,0,0.0,0,2,TIER_2,0.952,2,1,12,1
ord_72119285,cust_341955,664.41,COD,0,0,0.0,1,2,TIER_2,0.676,0,1,0,1
ord_89882788,cust_992552,358.62,COD,2,0,0.0,0,1,TIER_3_HIGH_RISK,0.681,1,1,2,1
ord_86014729,cust_241981,994.33,COD,5,0,0.0,0,7,TIER_1_METRO,0.779,0,2,17,1
ord_20941279,cust_199354,470.42,UPI,7,4,0.5714,0,1,TIER_2,0.782,0,1,11,1
ord_57679117,cust_763184,1030.94,UPI,4,0,0.0,0,1,TIER_3_HIGH_RISK,0.59,0,2,1,0
ord_62171735,cust_889135,6626.0,UPI,0,0,0.0,1,1,TIER_1_METRO,0.778,3,1,0,0
ord_37512406,cust_528106,589.41,COD,14,0,0.0,0,7,TIER_2,0.722,0,1,23,1
ord_16238795,cust_334046,2845.16,COD,15,0,0.0,0,1,TIER_2,0.939,0,1,18,0
ord_77073772,cust_157300,1717.65,COD,14,0,0.0,0,5,TIER_2,0.728,2,1,7,0
ord_45284715,cust_803016,2941.76,COD,3,0,0.0,0,1,TIER_1_METRO,0.771,0,3,7,0
ord_58289292,cust_860817,1772.75,COD,0,0,0.0,1,1,TIER_1_METRO,0.947,3,1,15,1
ord_87998328,cust_958824,650.92,COD,2,0,0.0,0,1,TIER_3_HIGH_RISK,0.723,0,2,15,1
ord_92664492,cust_573514,1000.3,UPI,9,0,0.0,0,1,TIER_1_METRO,0.692,2,3,3,0
ord_40061031,cust_961465,1460.43,UPI,5,1,0.2,0,1,TIER_2,0.597,1,1,14,0
ord_44971274,cust_660451,1115.84,UPI,8,0,0.0,0,1,TIER_1_METRO,0.791,0,1,7,0
ord_14791164,cust_686398,400.02,CARD,7,1,0.1429,0,1,TIER_1_METRO,0.684,3,3,18,0
ord_66831364,cust_304950,3616.41,COD,5,0,0.0,0,1,TIER_2,0.775,0,2,0,0
ord_60676914,cust_751729,1385.74,UPI,0,0,0.0,1,1,TIER_2,0.776,0,1,19,0
ord_18875206,cust_336600,1858.7,COD,2,0,0.0,0,1,TIER_2,0.817,0,1,9,0
ord_38533675,cust_880699,3526.52,COD,3,0,0.0,0,1,TIER_1_METRO,0.877,3,1,21,0
ord_83214389,cust_140449,639.81,COD,0,0,0.0,1,1,TIER_1_METRO,0.878,1,1,1,1
ord_19127064,cust_585705,640.49,UPI,7,0,0.0,0,1,TIER_2,0.829,1,4,9,0
ord_65415449,cust_368520,1717.65,COD,1,0,0.0,0,1,TIER_1_METRO,0.908,0,3,9,0
ord_78309210,cust_226892,986.83,UPI,0,0,0.0,1,1,TIER_3_HIGH_RISK,0.603,1,3,16,0
ord_79869315,cust_845723,3132.22,COD,7,0,0.0,0,1,TIER_1_METRO,0.937,1,4,18,0
ord_51111361,cust_801940,351.42,UPI,3,0,0.0,0,7,TIER_1_METRO,0.741,1,1,1,1
ord_51565626,cust_219755,838.48,COD,21,0,0.0,0,2,TIER_1_METRO,0.799,2,4,2,0
ord_54951848,cust_451114,557.63,COD,0,0,0.0,1,1,TIER_1_METRO,0.922,1,5,16,0
ord_10609003,cust_509853,5525.32,COD,0,0,0.0,1,1,TIER_2,0.884,0,1,21,0
ord_27593676,cust_120563,1806.25,NETBANKING,14,1,0.0714,0,1,TIER_3_HIGH_RISK,0.732,0,1,3,0
ord_86290116,cust_782931,8160.87,COD,0,0,0.0,1,1,TIER_3_HIGH_RISK,0.785,1,2,13,1
ord_58788334,cust_293654,1040.05,COD,0,0,0.0,1,1,TIER_1_METRO,0.354,2,1,15,0
ord_20986868,cust_379953,949.59,UPI,0,0,0.0,1,1,TIER_2,0.529,0,1,18,1
ord_60593847,cust_506557,450.74,NETBANKING,0,0,0.0,1,1,TIER_2,0.397,1,4,2,0
ord_96615781,cust_973394,763.28,UPI,0,0,0.0,1,5,TIER_2,0.571,0,1,17,1
ord_71733080,cust_445607,1136.04,COD,0,0,0.0,1,1,TIER_3_HIGH_RISK,0.609,1,1,15,1
ord_44517976,cust_141423,347.26,COD,12,0,0.0,0,1,TIER_3_HIGH_RISK,0.545,1,1,8,0
ord_68438232,cust_915832,807.4,UPI,0,0,0.0,1,1,TIER_2,0.903,0,1,13,0
ord_38085521,cust_513067,1254.49,COD,0,0,0.0,1,1,TIER_1_METRO,0.75,1,1,23,0
ord_71555999,cust_700729,742.02,COD,5,1,0.2,0,1,TIER_1_METRO,0.733,0,1,0,1
ord_81621140,cust_609219,1212.89,UPI,0,0,0.0,1,1,TIER_2,0.926,0,1,0,0
ord_99206298,cust_549136,925.85,CARD,4,0,0.0,0,1,TIER_1_METRO,0.855,0,2,12,0
ord_32897064,cust_788280,639.37,CARD,4,0,0.0,0,1,TIER_3_HIGH_RISK,0.351,0,3,0,0
ord_25608476,cust_758878,2350.97,CARD,0,0,0.0,1,1,TIER_1_METRO,0.941,2,1,7,0
ord_33431805,cust_636062,1053.86,COD,10,0,0.0,0,1,TIER_2,0.796,0,5,10,0
ord_43283771,cust_133087,1876.88,COD,0,0,0.0,1,1,TIER_2,0.829,1,1,13,0
ord_83323430,cust_590600,808.02,COD,1,0,0.0,0,1,TIER_1_METRO,0.646,1,1,4,1
ord_14810833,cust_269162,2982.15,CARD,6,0,0.0,0,1,TIER_1_METRO,0.962,1,1,21,0
ord_71319180,cust_206485,1460.51,UPI,0,0,0.0,1,2,TIER_2,0.691,0,1,14,0
ord_70251070,cust_117412,1120.06,COD,6,0,0.0,0,1,TIER_3_HIGH_RISK,0.773,0,2,21,1
ord_76914907,cust_212024,1305.6,UPI,9,0,0.0,0,1,TIER_2,0.882,1,3,10,0
ord_19897442,cust_668667,761.51,UPI,3,0,0.0,0,2,TIER_1_METRO,0.648,0,1,1,0
ord_33713139,cust_329975,430.76,NETBANKING,8,0,0.0,0,1,TIER_1_METRO,0.783,0,2,8,0
ord_35538969,cust_624708,787.77,UPI,13,3,0.2308,0,2,TIER_1_METRO,0.729,0,1,18,1
ord_64056082,cust_974415,570.0,COD,9,0,0.0,0,2,TIER_3_HIGH_RISK,0.695,1,1,15,1
ord_25733562,cust_141182,3262.16,NETBANKING,21,0,0.0,0,1,TIER_1_METRO,0.797,1,4,17,0
ord_94546581,cust_335281,4186.96,COD,0,0,0.0,1,3,TIER_1_METRO,0.658,0,2,3,1
ord_31200624,cust_731475,6154.27,COD,0,0,0.0,1,2,TIER_2,0.614,2,1,12,1
ord_14876872,cust_263118,1046.56,COD,12,0,0.0,0,1,TIER_2,0.754,0,1,16,0
ord_25099203,cust_986357,1384.06,COD,0,0,0.0,1,3,TIER_2,0.742,0,3,5,1
ord_61588363,cust_383392,3369.0,COD,7,0,0.0,0,1,TIER_3_HIGH_RISK,0.303,1,2,10,1
ord_79474749,cust_350322,556.44,COD,8,0,0.0,0,2,TIER_1_METRO,0.571,2,1,5,0
ord_22064537,cust_623273,578.51,COD,4,0,0.0,0,1,TIER_3_HIGH_RISK,0.426,1,2,23,0
ord_96135798,cust_280166,888.88,NETBANKING,0,0,0.0,1,1,TIER_1_METRO,0.537,1,1,11,0
ord_47472571,cust_299948,2603.75,COD,3,0,0.0,0,1,TIER_2,0.966,0,1,14,0
ord_19326243,cust_582112,11570.17,UPI,0,0,0.0,1,2,TIER_2,0.752,3,2,10,1
ord_64045191,cust_506516,2984.25,COD,5,1,0.2,0,2,TIER_1_METRO,0.935,1,3,11,1
ord_57517690,cust_587252,1290.71,COD,6,0,0.0,0,1,TIER_2,0.904,2,1,11,0
ord_54096096,cust_580854,1157.05,NETBANKING,9,0,0.0,0,2,TIER_3_HIGH_RISK,0.226,0,2,10,0
ord_16155579,cust_140565,418.69,COD,0,0,0.0,1,1,TIER_1_METRO,0.687,0,1,0,1
ord_30596928,cust_233542,327.24,UPI,0,0,0.0,1,1,TIER_2,0.527,0,2,2,0
ord_44982512,cust_330099,9193.59,UPI,11,0,0.0,0,1,TIER_1_METRO,0.874,0,1,22,0
ord_51505062,cust_371969,729.39,COD,0,0,0.0,1,2,TIER_2,0.905,1,3,21,1
ord_61197278,cust_273697,2562.76,COD,3,0,0.0,0,1,TIER_2,0.906,2,2,1,0
ord_58807350,cust_565594,5264.44,NETBANKING,19,1,0.0526,0,1,TIER_3_HIGH_RISK,0.832,0,1,12,0
ord_58763532,cust_989051,2970.71,UPI,6,1,0.1667,0,1,TIER_1_METRO,0.727,1,2,19,0
ord_86057557,cust_974805,302.68,CARD,15,1,0.0667,0,2,TIER_3_HIGH_RISK,0.704,0,2,13,0
ord_51773155,cust_998524,832.99,COD,6,0,0.0,0,1,TIER_1_METRO,0.95,2,1,3,0
ord_95508592,cust_868880,2300.4,UPI,0,0,0.0,1,1,TIER_1_METRO,0.816,0,1,19,0
ord_91574358,cust_129605,2030.93,COD,0,0,0.0,1,2,TIER_1_METRO,0.674,1,1,18,0
ord_65227385,cust_164636,1222.27,NETBANKING,8,2,0.25,0,1,TIER_2,0.696,1,1,5,0
ord_67145933,cust_611500,1324.35,COD,3,0,0.0,0,2,TIER_1_METRO,0.988,0,1,13,0
ord_16357658,cust_709349,4351.99,COD,5,0,0.0,0,1,TIER_3_HIGH_RISK,0.824,2,2,7,0
ord_43231474,cust_332816,1071.21,COD,0,0,0.0,1,4,TIER_1_METRO,0.964,0,2,3,1
ord_77209598,cust_311588,273.47,COD,0,0,0.0,1,1,TIER_2,0.72,3,5,3,0
ord_20448244,cust_160706,868.8,UPI,5,0,0.0,0,1,TIER_2,0.788,0,1,2,0
ord_76676125,cust_770912,788.12,CARD,0,0,0.0,1,1,TIER_1_METRO,0.747,0,1,2,0
ord_90236168,cust_747010,3782.96,UPI,0,0,0.0,1,2,TIER_2,0.929,0,1,23,0
ord_12570348,cust_422742,301.13,UPI,4,0,0.0,0,1,TIER_2,0.814,0,1,12,0
ord_50441040,cust_623743,1321.89,UPI,0,0,0.0,1,1,TIER_1_METRO,0.396,3,1,13,0
ord_68104228,cust_890505,4057.18,UPI,14,0,0.0,0,1,TIER_2,0.848,2,1,22,0
ord_94814944,cust_569313,2244.83,CARD,7,1,0.1429,0,1,TIER_2,0.777,0,2,22,0
ord_79263692,cust_425148,744.93,COD,11,0,0.0,0,1,TIER_1_METRO,0.766,0,4,8,0
ord_75026707,cust_354164,1007.03,COD,0,0,0.0,1,1,TIER_2,0.842,2,1,18,0
ord_33326388,cust_520722,8262.49,UPI,2,0,0.0,0,2,TIER_1_METRO,0.859,0,1,7,0
ord_20204207,cust_444390,848.89,UPI,0,0,0.0,1,1,TIER_1_METRO,0.882,2,1,22,0
ord_67338099,cust_173513,1370.19,COD,0,0,0.0,1,2,TIER_2,0.643,0,1,21,0
ord_17449607,cust_246626,1437.21,COD,12,1,0.0833,0,1,TIER_2,0.862,1,1,12,1
ord_36439695,cust_643938,1198.88,UPI,0,0,0.0,1,1,TIER_1_METRO,0.959,0,1,17,0
ord_14585315,cust_960399,1331.56,UPI,0,0,0.0,1,1,TIER_3_HIGH_RISK,0.7,0,1,15,0
ord_67223828,cust_385818,536.92,COD,0,0,0.0,1,1,TIER_1_METRO,0.69,2,2,10,1
ord_76298692,cust_329351,1785.86,COD,0,0,0.0,1,3,TIER_1_METRO,0.801,0,2,0,1
ord_34586222,cust_712924,1090.38,COD,0,0,0.0,1,1,TIER_2,0.947,0,3,7,0
ord_86165878,cust_811863,2816.18,COD,0,0,0.0,1,2,TIER_1_METRO,0.874,2,1,3,1
ord_44967717,cust_181823,2315.47,COD,0,0,0.0,1,1,TIER_1_METRO,0.863,0,1,11,1
ord_79994065,cust_315330,565.48,NETBANKING,17,1,0.0588,0,2,TIER_2,0.706,3,1,21,1
ord_81484843,cust_780204,2852.42,NETBANKING,12,0,0.0,0,1,TIER_2,0.905,0,2,0,0
ord_37715389,cust_616909,975.39,COD,13,1,0.0769,0,1,TIER_1_METRO,0.792,3,1,7,1
ord_81243472,cust_716963,1093.29,CARD,0,0,0.0,1,1,TIER_2,0.719,0,1,19,0
ord_70508958,cust_982982,750.61,COD,0,0,0.0,1,1,TIER_1_METRO,0.936,1,2,18,0
ord_48985674,cust_631063,473.46,COD,0,0,0.0,1,1,TIER_1_METRO,0.792,0,2,23,1
ord_89837564,cust_303508,350.65,UPI,3,0,0.0,0,1,TIER_3_HIGH_RISK,0.581,2,2,3,1
ord_48097141,cust_991674,392.64,COD,0,0,0.0,1,1,TIER_1_METRO,0.855,0,1,16,0
ord_22513349,cust_655748,2729.51,CARD,6,0,0.0,0,1,TIER_3_HIGH_RISK,0.823,3,1,23,1
ord_14348530,cust_553682,1565.77,COD,2,0,0.0,0,1,TIER_2,0.91,1,1,12,1
ord_90497273,cust_499158,1855.54,UPI,17,0,0.0,0,1,TIER_2,0.43,2,2,20,0
ord_16051865,cust_734275,714.91,UPI,10,0,0.0,0,1,TIER_2,0.773,0,2,8,0
ord_95957168,cust_310121,518.39,UPI,0,0,0.0,1,1,TIER_2,0.841,1,1,2,0
ord_82405854,cust_535213,537.39,UPI,2,0,0.0,0,1,TIER_2,0.667,1,1,11,0
ord_11836082,cust_690808,1507.84,UPI,7,0,0.0,0,1,TIER_2,0.861,0,2,6,0
ord_55416428,cust_177474,575.66,UPI,5,0,0.0,0,1,TIER_1_METRO,0.98,0,1,4,0
ord_56237206,cust_871280,864.33,COD,0,0,0.0,1,1,TIER_1_METRO,0.854,2,1,4,1
ord_44045666,cust_741469,929.15,CARD,13,2,0.1538,0,1,TIER_2,0.853,1,1,13,0
ord_30768135,cust_306308,964.3,UPI,8,0,0.0,0,1,TIER_2,0.806,2,1,8,0
ord_86858045,cust_348089,1169.36,UPI,5,1,0.2,0,1,TIER_2,0.791,0,1,16,0
ord_24812143,cust_696122,365.34,UPI,16,0,0.0,0,1,TIER_2,0.818,2,2,7,0
ord_19986298,cust_323112,996.67,UPI,2,0,0.0,0,1,TIER_1_METRO,0.897,2,1,13,0
ord_16760510,cust_843708,1152.07,UPI,5,0,0.0,0,2,TIER_3_HIGH_RISK,0.686,0,1,22,0
ord_24783984,cust_193120,588.23,COD,17,0,0.0,0,1,TIER_1_METRO,0.806,0,1,19,0
ord_51067749,cust_666442,2675.96,UPI,7,1,0.1429,0,1,TIER_2,0.788,0,1,9,0
ord_71448594,cust_468052,249.0,UPI,10,0,0.0,0,1,TIER_1_METRO,0.873,3,4,0,0
ord_92976390,cust_885409,2128.4,UPI,13,0,0.0,0,1,TIER_2,0.894,2,2,18,0
ord_77236183,cust_590341,1380.65,UPI,13,0,0.0,0,1,TIER_2,0.744,1,1,4,0
ord_30419677,cust_939524,1442.62,UPI,3,0,0.0,0,1,TIER_1_METRO,0.504,1,4,12,0
ord_65940773,cust_515732,562.31,COD,0,0,0.0,1,3,TIER_3_HIGH_RISK,0.324,0,2,10,1
ord_28988196,cust_782226,6153.31,COD,0,0,0.0,1,1,TIER_1_METRO,0.769,0,2,18,0
ord_94756750,cust_700854,632.04,CARD,7,0,0.0,0,3,TIER_1_METRO,0.849,2,2,1,0
ord_87823957,cust_239598,783.13,COD,0,0,0.0,1,4,TIER_1_METRO,0.876,1,1,2,1
ord_77290000,cust_693510,688.16,UPI,4,0,0.0,0,1,TIER_2,0.791,1,2,12,0
ord_78840394,cust_987996,1864.68,COD,5,0,0.0,0,1,TIER_1_METRO,0.747,1,1,22,0
ord_70868420,cust_104486,4757.92,UPI,1,0,0.0,0,4,TIER_2,0.837,1,1,2,0
ord_49564766,cust_709395,1690.91,UPI,3,0,0.0,0,1,TIER_1_METRO,0.782,0,1,11,0
ord_72606106,cust_107838,746.88,CARD,0,0,0.0,1,1,TIER_2,0.905,1,1,6,0
ord_33929820,cust_943214,1979.0,UPI,7,0,0.0,0,1,TIER_2,0.597,0,2,1,0
ord_91072455,cust_675696,1690.32,CARD,0,0,0.0,1,1,TIER_1_METRO,0.699,0,2,23,0
ord_63239735,cust_746868,2822.75,COD,15,1,0.0667,0,1,TIER_3_HIGH_RISK,0.493,2,2,4,1
ord_10111597,cust_504895,598.51,UPI,0,0,0.0,1,1,TIER_1_METRO,0.603,1,1,20,0
ord_66314654,cust_281808,1334.33,COD,0,0,0.0,1,2,TIER_1_METRO,0.765,0,2,11,0
ord_78356744,cust_326685,1136.57,COD,0,0,0.0,1,1,TIER_1_METRO,0.65,3,1,6,0
ord_89321956,cust_411483,1977.19,COD,4,0,0.0,0,1,TIER_2,0.908,0,4,9,0
ord_41707048,cust_410894,1942.72,UPI,3,0,0.0,0,1,TIER_1_METRO,0.593,1,1,21,0
ord_75985129,cust_639989,1462.3,UPI,0,0,0.0,1,1,TIER_3_HIGH_RISK,0.67,0,1,2,1
ord_66361727,cust_344790,2372.98,UPI,2,0,0.0,0,1,TIER_2,0.521,0,1,17,0
ord_97097934,cust_942036,3481.51,COD,0,0,0.0,1,1,TIER_1_METRO,0.749,2,1,0,0
ord_66945537,cust_877104,2691.21,COD,0,0,0.0,1,1,TIER_3_HIGH_RISK,0.649,0,3,16,1
ord_47834860,cust_793187,1057.16,COD,7,0,0.0,0,1,TIER_3_HIGH_RISK,0.56,1,2,23,1
ord_48677396,cust_143130,1928.22,COD,0,0,0.0,1,1,TIER_1_METRO,0.736,2,1,14,0
ord_75661074,cust_279503,4306.23,UPI,11,0,0.0,0,1,TIER_1_METRO,0.959,0,1,7,0
ord_94793233,cust_227845,965.3,CARD,1,1,1.0,0,2,TIER_1_METRO,0.883,0,1,21,1
ord_20781973,cust_146904,1652.85,UPI,1,0,0.0,0,1,TIER_3_HIGH_RISK,0.596,0,1,8,0
ord_89238576,cust_549158,6229.61,COD,0,0,0.0,1,1,TIER_2,0.814,0,3,22,0
ord_66256961,cust_575135,862.92,COD,4,0,0.0,0,1,TIER_1_METRO,0.729,2,2,13,0
ord_85900629,cust_844402,3575.39,CARD,11,0,0.0,0,3,TIER_1_METRO,0.798,0,1,5,0
ord_33647205,cust_383269,647.43,CARD,6,0,0.0,0,2,TIER_1_METRO,0.68,0,3,22,0
ord_56270592,cust_163474,730.62,UPI,1,0,0.0,0,1,TIER_2,0.962,0,1,5,0
ord_14421590,cust_206948,1711.74,UPI,5,0,0.0,0,1,TIER_2,0.979,3,1,12,1
ord_42123007,cust_909033,418.85,CARD,0,0,0.0,1,1,TIER_3_HIGH_RISK,0.778,1,3,1,1
ord_61066701,cust_802661,3837.77,UPI,3,0,0.0,0,2,TIER_2,0.723,0,1,17,0
ord_58514867,cust_902983,1145.8,COD,4,0,0.0,0,1,TIER_1_METRO,0.937,0,2,10,0
ord_45611449,cust_486221,250.41,UPI,11,0,0.0,0,2,TIER_2,0.786,1,3,5,0
ord_79821052,cust_861733,798.74,COD,3,0,0.0,0,1,TIER_2,0.705,0,1,3,1
ord_16662064,cust_914720,412.95,COD,14,0,0.0,0,2,TIER_3_HIGH_RISK,0.914,1,5,1,0
ord_28397030,cust_540110,616.67,UPI,0,0,0.0,1,2,TIER_2,0.913,2,1,12,0
ord_49372960,cust_667275,1424.45,COD,4,0,0.0,0,3,TIER_3_HIGH_RISK,0.733,2,2,15,1
ord_12402112,cust_291644,743.29,UPI,4,0,0.0,0,1,TIER_3_HIGH_RISK,0.644,2,2,0,0
ord_49464554,cust_958753,1598.72,COD,6,0,0.0,0,1,TIER_1_METRO,0.672,0,1,21,0
ord_98349801,cust_166798,566.71,NETBANKING,0,0,0.0,1,1,TIER_2,0.76,1,2,13,0
ord_69488479,cust_998728,791.2,COD,4,0,0.0,0,2,TIER_1_METRO,0.572,0,1,18,1
ord_59087758,cust_733141,1101.39,UPI,3,1,0.3333,0,1,TIER_3_HIGH_RISK,0.401,0,1,13,0
ord_85495044,cust_623764,1033.6,COD,6,0,0.0,0,4,TIER_2,0.825,0,2,1,0
ord_31767749,cust_437035,2111.92,COD,3,1,0.3333,0,2,TIER_2,0.888,1,3,14,0
ord_31173866,cust_288405,346.7,UPI,2,0,0.0,0,3,TIER_2,0.52,2,3,0,0
ord_85647880,cust_165123,1629.13,CARD,5,0,0.0,0,1,TIER_1_METRO,0.789,1,2,20,0
ord_78565362,cust_148022,249.0,COD,3,0,0.0,0,1,TIER_2,0.666,2,3,22,0
ord_78105134,cust_187420,501.9,COD,0,0,0.0,1,1,TIER_1_METRO,0.926,1,1,20,1
ord_46656386,cust_968551,564.12,COD,6,0,0.0,0,1,TIER_2,0.541,0,2,22,0
ord_72110920,cust_303014,742.24,UPI,0,0,0.0,1,1,TIER_2,0.639,1,3,14,0
ord_91399788,cust_647079,504.48,COD,0,0,0.0,1,1,TIER_2,0.87,0,1,22,1
ord_52165906,cust_269421,1417.31,UPI,4,0,0.0,0,2,TIER_3_HIGH_RISK,0.597,0,2,1,0
ord_52742328,cust_496439,940.8,CARD,0,0,0.0,1,2,TIER_2,0.478,3,1,18,1
ord_10728165,cust_992485,1617.22,COD,0,0,0.0,1,1,TIER_1_METRO,0.877,0,1,13,0
ord_20782554,cust_374507,930.81,UPI,7,0,0.0,0,2,TIER_1_METRO,0.867,0,1,0,0
ord_66232827,cust_475412,1665.95,UPI,11,0,0.0,0,1,TIER_2,0.698,0,1,14,0
ord_39268923,cust_829541,1344.49,CARD,3,0,0.0,0,1,TIER_1_METRO,0.78,0,1,0,0
ord_35057299,cust_439665,844.56,CARD,0,0,0.0,1,1,TIER_1_METRO,0.588,0,1,22,0
ord_76088429,cust_757003,1155.73,COD,2,0,0.0,0,3,TIER_1_METRO,0.577,1,1,23,1
ord_31794866,cust_811083,1332.88,UPI,9,0,0.0,0,1,TIER_1_METRO,0.887,2,2,2,0
ord_21532766,cust_601130,443.42,COD,1,0,0.0,0,1,TIER_3_HIGH_RISK,0.655,0,1,5,1
ord_42401727,cust_117580,1626.07,COD,0,0,0.0,1,2,TIER_2,0.662,1,2,6,1
ord_58523941,cust_762398,410.28,COD,0,0,0.0,1,1,TIER_2,0.869,0,1,20,0
ord_95023413,cust_680333,1388.87,CARD,0,0,0.0,1,1,TIER_3_HIGH_RISK,0.829,3,1,14,0
ord_19944145,cust_657827,766.37,COD,7,0,0.0,0,1,TIER_1_METRO,0.913,2,1,8,0
ord_64188045,cust_118405,599.63,COD,4,0,0.0,0,1,TIER_1_METRO,0.932,1,1,17,0
ord_89702323,cust_988580,1253.87,CARD,0,0,0.0,1,4,TIER_3_HIGH_RISK,0.461,3,2,17,1
ord_47771235,cust_769384,2011.73,COD,6,0,0.0,0,1,TIER_3_HIGH_RISK,0.771,1,1,7,0
ord_22195226,cust_689573,306.07,COD,2,0,0.0,0,4,TIER_1_METRO,0.734,0,1,11,1
ord_18607964,cust_387179,1365.71,COD,6,0,0.0,0,3,TIER_2,0.98,2,1,2,0
ord_45039064,cust_260802,1211.37,COD,8,0,0.0,0,1,TIER_1_METRO,0.666,0,1,23,0
ord_12057244,cust_592474,531.12,UPI,0,0,0.0,1,1,TIER_1_METRO,0.895,0,1,3,0
ord_95607690,cust_853604,2029.2,UPI,0,0,0.0,1,1,TIER_3_HIGH_RISK,0.54,0,2,4,0
ord_28861720,cust_270372,2304.34,COD,0,0,0.0,1,1,TIER_3_HIGH_RISK,0.743,1,1,4,1
ord_33237439,cust_578562,1350.69,COD,7,0,0.0,0,1,TIER_3_HIGH_RISK,0.382,1,2,5,1
ord_23292599,cust_665760,1589.11,CARD,4,1,0.25,0,1,TIER_1_METRO,0.961,1,2,7,0
ord_78427019,cust_863011,3099.51,COD,0,0,0.0,1,1,TIER_1_METRO,0.905,1,2,23,0
ord_87712376,cust_504067,388.54,UPI,1,0,0.0,0,1,TIER_1_METRO,0.723,0,1,16,0
ord_54681008,cust_317790,436.05,UPI,2,0,0.0,0,2,TIER_2,0.739,2,2,5,0
ord_88547323,cust_401065,2521.29,COD,0,0,0.0,1,1,TIER_1_METRO,0.855,1,3,1,1
ord_72056263,cust_623292,2175.4,UPI,7,1,0.1429,0,1,TIER_2,0.847,1,2,19,0
ord_58383190,cust_469302,536.66,COD,11,0,0.0,0,1,TIER_1_METRO,0.964,1,3,3,0
ord_85589151,cust_689163,414.37,CARD,0,0,0.0,1,2,TIER_2,0.923,0,3,8,0
ord_95857552,cust_380400,754.99,COD,10,2,0.2,0,1,TIER_1_METRO,0.876,0,4,16,0
ord_93271099,cust_559281,1818.17,UPI,3,0,0.0,0,1,TIER_1_METRO,0.91,1,1,20,0
ord_41670310,cust_615985,1256.82,UPI,11,0,0.0,0,1,TIER_2,0.466,0,2,15,1
ord_64216898,cust_843333,1229.37,UPI,0,0,0.0,1,2,TIER_2,0.539,0,1,19,1
ord_68601489,cust_754492,749.17,COD,0,0,0.0,1,1,TIER_2,0.675,0,1,22,0
ord_44751594,cust_937762,793.33,COD,0,0,0.0,1,1,TIER_2,0.839,0,2,15,1
ord_78994054,cust_853340,599.07,UPI,1,0,0.0,0,1,TIER_3_HIGH_RISK,0.454,0,1,9,0
ord_99402262,cust_428700,1909.81,COD,4,0,0.0,0,1,TIER_1_METRO,0.543,3,2,12,1
ord_47328050,cust_645116,1349.14,COD,3,1,0.3333,0,1,TIER_3_HIGH_RISK,0.585,0,1,13,1
ord_45432211,cust_140058,1473.43,COD,6,0,0.0,0,3,TIER_3_HIGH_RISK,0.486,0,1,23,0
ord_37006699,cust_986628,4929.24,UPI,13,1,0.0769,0,2,TIER_2,0.433,0,4,1,0
ord_24013403,cust_807691,1544.94,COD,3,0,0.0,0,2,TIER_2,0.534,1,1,20,0
ord_92424160,cust_835848,2464.76,COD,5,0,0.0,0,1,TIER_3_HIGH_RISK,0.686,0,1,13,0
ord_42913291,cust_308803,1830.17,UPI,0,0,0.0,1,2,TIER_1_METRO,0.696,1,2,19,0
ord_36779335,cust_665073,1382.0,COD,8,0,0.0,0,3,TIER_1_METRO,0.583,1,2,3,0
ord_76725931,cust_801477,2379.92,COD,0,0,0.0,1,1,TIER_1_METRO,0.7,0,2,3,0
ord_29350835,cust_520331,1895.16,UPI,7,0,0.0,0,1,TIER_3_HIGH_RISK,0.756,2,2,21,0
ord_45156028,cust_176067,2903.49,COD,7,0,0.0,0,1,TIER_1_METRO,0.309,1,2,23,0
ord_76875180,cust_801040,758.06,CARD,7,0,0.0,0,1,TIER_1_METRO,0.685,1,2,20,0
ord_21616152,cust_273625,761.59,UPI,8,0,0.0,0,1,TIER_3_HIGH_RISK,0.746,1,2,19,0
ord_76966770,cust_833996,734.89,UPI,15,0,0.0,0,1,TIER_1_METRO,0.716,2,4,7,0
ord_59626984,cust_377106,2823.27,CARD,5,0,0.0,0,1,TIER_1_METRO,0.53,0,1,2,0
ord_65207084,cust_408479,674.5,COD,0,0,0.0,1,1,TIER_1_METRO,0.81,2,2,13,0
ord_80096952,cust_927600,789.16,UPI,10,0,0.0,0,1,TIER_1_METRO,0.806,0,1,13,0
ord_16490750,cust_244574,1419.31,COD,0,0,0.0,1,2,TIER_1_METRO,0.823,0,1,16,1
ord_99222610,cust_720716,2390.86,COD,0,0,0.0,1,3,TIER_3_HIGH_RISK,0.761,0,1,18,1
ord_86353425,cust_210380,988.53,COD,0,0,0.0,1,1,TIER_3_HIGH_RISK,0.674,2,1,18,1
ord_39012949,cust_219558,1678.05,COD,0,0,0.0,1,1,TIER_1_METRO,0.801,0,2,12,1
ord_11043233,cust_800461,3005.31,COD,9,0,0.0,0,1,TIER_3_HIGH_RISK,0.782,0,1,13,1
ord_92974992,cust_487684,2652.17,UPI,12,0,0.0,0,3,TIER_2,0.861,1,1,14,0
ord_70749710,cust_430484,3357.85,COD,0,0,0.0,1,1,TIER_1_METRO,0.87,0,2,11,0
ord_34562662,cust_499884,1215.02,UPI,2,0,0.0,0,1,TIER_1_METRO,0.736,1,1,0,0
ord_11398558,cust_486582,1530.31,CARD,1,0,0.0,0,1,TIER_2,0.963,2,1,5,0
ord_83205955,cust_842092,2739.93,CARD,10,1,0.1,0,1,TIER_1_METRO,0.807,0,2,14,0
ord_93034631,cust_452780,791.36,COD,4,0,0.0,0,2,TIER_3_HIGH_RISK,0.706,1,2,7,0
ord_33501181,cust_634561,2270.61,COD,0,0,0.0,1,1,TIER_1_METRO,0.68,0,2,0,0
ord_62866880,cust_278331,2216.7,UPI,3,0,0.0,0,1,TIER_3_HIGH_RISK,0.823,1,1,23,0
ord_90262729,cust_799909,4487.24,COD,10,1,0.1,0,1,TIER_2,0.924,1,2,13,0
ord_27203708,cust_954758,303.1,UPI,0,0,0.0,1,1,TIER_2,0.857,0,2,5,0
ord_59375650,cust_969946,12821.43,NETBANKING,10,0,0.0,0,2,TIER_2,0.766,0,2,1,0
ord_33268496,cust_495803,1379.64,COD,9,0,0.0,0,1,TIER_1_METRO,0.728,0,1,7,0
ord_80065015,cust_180570,2433.61,CARD,8,2,0.25,0,1,TIER_2,0.705,1,4,21,0
ord_20127222,cust_415410,1165.3,UPI,6,0,0.0,0,1,TIER_3_HIGH_RISK,0.379,1,2,4,0
ord_52418799,cust_944516,1369.16,COD,10,0,0.0,0,1,TIER_3_HIGH_RISK,0.478,0,1,17,1
ord_82759216,cust_829063,746.99,UPI,4,0,0.0,0,2,TIER_3_HIGH_RISK,0.577,0,1,11,0
ord_61989536,cust_803552,5017.6,UPI,0,0,0.0,1,1,TIER_3_HIGH_RISK,0.57,3,1,3,1
ord_82641274,cust_495668,249.0,COD,0,0,0.0,1,1,TIER_2,0.504,2,1,2,1
ord_69668870,cust_128037,4183.34,UPI,13,1,0.0769,0,1,TIER_2,0.457,2,1,10,1
ord_29643673,cust_709026,1218.53,COD,4,0,0.0,0,1,TIER_2,0.794,0,3,23,0
ord_49739290,cust_243404,2477.54,CARD,7,0,0.0,0,1,TIER_2,0.719,1,1,12,0
ord_42683027,cust_291838,1174.27,CARD,14,0,0.0,0,1,TIER_1_METRO,0.581,1,1,22,0
ord_81382962,cust_897171,685.17,CARD,0,0,0.0,1,1,TIER_1_METRO,0.5,0,2,21,0
ord_95967610,cust_598535,4330.57,CARD,0,0,0.0,1,1,TIER_3_HIGH_RISK,0.401,0,3,14,0
ord_33666269,cust_379709,1099.4,COD,8,0,0.0,0,2,TIER_2,0.807,0,2,19,0
ord_88918401,cust_569769,400.49,CARD,6,0,0.0,0,1,TIER_1_METRO,0.929,1,4,6,0
ord_51459049,cust_634421,680.77,NETBANKING,0,0,0.0,1,1,TIER_1_METRO,0.489,0,2,2,1
ord_23608519,cust_335787,528.47,CARD,0,0,0.0,1,2,TIER_3_HIGH_RISK,0.739,0,3,1,0
ord_88039489,cust_734163,355.24,COD,6,0,0.0,0,1,TIER_2,0.946,1,1,3,0
ord_33352262,cust_349486,1892.61,COD,0,0,0.0,1,1,TIER_1_METRO,0.593,1,1,15,0
ord_47737437,cust_742624,3776.92,UPI,0,0,0.0,1,4,TIER_1_METRO,0.648,1,4,15,1
ord_39361667,cust_625261,1861.33,UPI,2,0,0.0,0,1,TIER_2,0.839,1,2,12,0
ord_60066487,cust_741507,4129.74,UPI,4,2,0.5,0,1,TIER_2,0.561,1,4,20,1
ord_54514743,cust_863303,1008.23,CARD,0,0,0.0,1,1,TIER_1_METRO,0.602,0,1,14,0
ord_96051536,cust_577536,351.72,COD,6,0,0.0,0,1,TIER_2,0.751,0,3,1,1
ord_59351998,cust_832228,1083.46,CARD,0,0,0.0,1,1,TIER_2,0.727,2,3,1,0
ord_95043673,cust_823707,1688.38,COD,0,0,0.0,1,4,TIER_1_METRO,0.373,1,2,23,1
ord_49903676,cust_624535,2859.33,COD,5,0,0.0,0,1,TIER_1_METRO,0.926,0,1,16,0
ord_58730509,cust_669505,528.48,COD,1,0,0.0,0,1,TIER_2,0.903,0,1,18,0
ord_90086494,cust_955505,2585.11,COD,2,0,0.0,0,1,TIER_2,0.948,2,4,10,0
ord_25974862,cust_744927,736.54,UPI,7,0,0.0,0,1,TIER_3_HIGH_RISK,0.723,0,1,13,0
ord_96448549,cust_842547,1841.89,UPI,0,0,0.0,1,1,TIER_1_METRO,0.424,0,3,6,0
ord_70175171,cust_712654,598.82,COD,0,0,0.0,1,1,TIER_2,0.921,0,2,2,1
ord_19810404,cust_817463,8718.91,UPI,0,0,0.0,1,4,TIER_3_HIGH_RISK,0.345,0,1,8,1
ord_83190814,cust_796480,478.9,UPI,0,0,0.0,1,1,TIER_3_HIGH_RISK,0.816,0,1,8,0
ord_73014156,cust_263073,1127.67,UPI,2,0,0.0,0,1,TIER_1_METRO,0.712,1,1,13,0
ord_44974352,cust_187160,4372.01,COD,13,0,0.0,0,3,TIER_1_METRO,0.897,0,2,17,0
ord_56894926,cust_999263,737.65,UPI,0,0,0.0,1,1,TIER_1_METRO,0.63,0,1,19,0
ord_57732820,cust_710505,1554.47,UPI,8,0,0.0,0,1,TIER_2,0.555,0,2,10,0
ord_43779713,cust_494833,2677.59,COD,0,0,0.0,1,1,TIER_2,0.752,0,1,0,1
ord_92159657,cust_690324,471.58,COD,0,0,0.0,1,2,TIER_2,0.69,0,2,23,1
ord_64089633,cust_569045,547.73,COD,1,0,0.0,0,2,TIER_1_METRO,0.853,1,3,15,1
ord_10174588,cust_981587,669.29,COD,0,0,0.0,1,1,TIER_1_METRO,0.883,0,2,6,0
ord_10935709,cust_189257,1850.52,UPI,0,0,0.0,1,1,TIER_2,0.801,1,1,11,1
ord_13078882,cust_794813,255.39,UPI,8,0,0.0,0,1,TIER_2,0.957,1,1,4,0
ord_45174147,cust_153629,1367.96,UPI,1,0,0.0,0,1,TIER_1_METRO,0.858,1,1,3,0
ord_82571626,cust_997774,1153.66,COD,10,1,0.1,0,2,TIER_1_METRO,0.457,1,1,2,0
ord_76318360,cust_330205,1450.87,COD,12,0,0.0,0,1,TIER_3_HIGH_RISK,0.706,2,1,8,0
ord_21879882,cust_441030,3239.76,UPI,6,0,0.0,0,1,TIER_2,0.97,0,1,20,0
ord_47192252,cust_255205,989.01,COD,0,0,0.0,1,1,TIER_1_METRO,0.923,0,1,17,0
ord_55844569,cust_466991,5411.12,CARD,20,1,0.05,0,1,TIER_1_METRO,0.718,0,1,13,0
ord_82109647,cust_633464,724.32,COD,12,1,0.0833,0,4,TIER_3_HIGH_RISK,0.553,0,1,13,1
ord_72552127,cust_504655,325.55,UPI,0,0,0.0,1,1,TIER_2,0.939,2,2,0,1
ord_17818441,cust_873386,1708.07,COD,9,1,0.1111,0,5,TIER_3_HIGH_RISK,0.772,0,1,13,1
ord_80635601,cust_634951,799.19,UPI,0,0,0.0,1,1,TIER_2,0.961,1,1,20,0
ord_66418580,cust_793431,648.29,UPI,12,1,0.0833,0,1,TIER_1_METRO,0.907,0,3,20,0
ord_76881133,cust_808930,685.66,UPI,0,0,0.0,1,1,TIER_3_HIGH_RISK,0.748,2,1,5,1
ord_22998017,cust_845231,872.58,UPI,7,0,0.0,0,1,TIER_1_METRO,0.756,1,2,9,0
ord_68585728,cust_436644,288.85,COD,7,1,0.1429,0,1,TIER_2,0.722,0,1,3,0
ord_15337355,cust_430600,2356.51,CARD,4,1,0.25,0,1,TIER_2,0.908,0,3,20,0
ord_90003243,cust_994457,915.2,COD,0,0,0.0,1,1,TIER_2,0.965,1,1,22,0
ord_66047222,cust_286963,3170.43,CARD,9,0,0.0,0,2,TIER_2,0.83,0,2,18,0
ord_95364161,cust_717064,1950.14,UPI,0,0,0.0,1,2,TIER_3_HIGH_RISK,0.593,1,1,12,0
ord_27841583,cust_710912,494.02,CARD,9,0,0.0,0,1,TIER_1_METRO,0.938,0,1,16,0
ord_25243680,cust_175614,4761.9,UPI,0,0,0.0,1,2,TIER_1_METRO,0.905,3,1,14,0
ord_52499758,cust_474968,785.31,UPI,13,2,0.1538,0,2,TIER_1_METRO,0.769,2,1,9,0
ord_65620931,cust_942575,1746.68,UPI,3,0,0.0,0,2,TIER_1_METRO,0.503,0,4,16,0
ord_10880096,cust_102438,519.51,COD,5,0,0.0,0,3,TIER_2,0.595,2,1,17,1
ord_43119668,cust_619116,1092.97,CARD,2,0,0.0,0,1,TIER_3_HIGH_RISK,0.439,2,2,13,0
ord_10573881,cust_334849,2084.89,COD,4,0,0.0,0,1,TIER_2,0.584,1,2,2,1
ord_62829650,cust_392112,1807.01,UPI,7,3,0.4286,0,1,TIER_1_METRO,0.641,1,2,4,0
ord_47280046,cust_319842,2580.27,COD,7,1,0.1429,0,2,TIER_1_METRO,0.929,1,1,1,0
ord_58984542,cust_508286,11301.19,UPI,0,0,0.0,1,1,TIER_3_HIGH_RISK,0.716,1,1,1,0
ord_72678143,cust_425533,551.43,COD,2,0,0.0,0,1,TIER_2,0.715,0,2,5,0
ord_75213299,cust_251714,1025.61,UPI,2,0,0.0,0,1,TIER_2,0.798,0,3,1,0
ord_64441451,cust_723539,1352.4,UPI,0,0,0.0,1,1,TIER_3_HIGH_RISK,0.754,3,2,3,1
ord_58327025,cust_299939,1281.93,COD,0,0,0.0,1,2,TIER_2,0.7,0,2,13,0
ord_99668140,cust_515800,756.18,NETBANKING,2,0,0.0,0,1,TIER_2,0.732,0,1,16,0
ord_97818521,cust_834391,1574.69,COD,6,0,0.0,0,3,TIER_1_METRO,0.847,2,2,5,0
ord_15560068,cust_433589,2712.08,COD,2,0,0.0,0,1,TIER_2,0.751,2,1,18,0
ord_77084285,cust_472384,393.13,UPI,0,0,0.0,1,1,TIER_2,0.772,1,1,19,0
ord_22768876,cust_749054,888.66,UPI,0,0,0.0,1,5,TIER_1_METRO,0.842,0,4,20,1
ord_68327846,cust_133434,2275.02,UPI,11,0,0.0,0,1,TIER_3_HIGH_RISK,0.697,2,2,20,0
ord_45259675,cust_381466,1478.82,UPI,3,0,0.0,0,1,TIER_1_METRO,0.882,0,3,8,0
ord_64779043,cust_233021,1177.16,UPI,0,0,0.0,1,1,TIER_2,0.728,1,1,17,0
ord_13235863,cust_606583,2640.27,COD,3,0,0.0,0,1,TIER_1_METRO,0.593,0,2,13,0
ord_62411802,cust_166846,1386.16,UPI,3,0,0.0,0,2,TIER_3_HIGH_RISK,0.378,2,2,21,0
ord_98356836,cust_570449,389.49,CARD,0,0,0.0,1,1,TIER_2,0.834,1,2,3,0
ord_47315486,cust_829353,650.87,UPI,4,0,0.0,0,1,TIER_1_METRO,0.899,1,2,10,0
ord_58754833,cust_706692,495.22,COD,0,0,0.0,1,1,TIER_1_METRO,0.934,1,2,8,0
ord_55843878,cust_459511,1832.83,CARD,10,0,0.0,0,1,TIER_1_METRO,0.827,0,2,11,0
ord_35476259,cust_955981,856.03,COD,3,0,0.0,0,1,TIER_1_METRO,0.704,0,1,13,1
ord_61417258,cust_288297,5755.98,UPI,0,0,0.0,1,1,TIER_3_HIGH_RISK,0.666,0,1,10,0
ord_98175441,cust_469322,4168.67,UPI,4,0,0.0,0,1,TIER_2,0.409,0,3,9,0
ord_49970870,cust_370896,686.11,UPI,4,0,0.0,0,1,TIER_2,0.484,1,1,8,0
ord_34101438,cust_736480,689.3,COD,15,1,0.0667,0,1,TIER_1_METRO,0.832,0,1,19,0
ord_78377046,cust_403561,1490.02,COD,0,0,0.0,1,1,TIER_2,0.868,2,1,10,0
ord_98606138,cust_530898,1388.14,COD,0,0,0.0,1,1,TIER_1_METRO,0.541,0,2,14,1
ord_48177374,cust_109529,651.2,UPI,0,0,0.0,1,1,TIER_2,0.701,3,1,2,1
ord_72028341,cust_423121,2561.33,UPI,0,0,0.0,1,1,TIER_3_HIGH_RISK,0.708,3,2,16,0
ord_34579521,cust_209796,464.52,UPI,13,1,0.0769,0,1,TIER_1_METRO,0.697,0,2,11,0
ord_97777945,cust_140832,775.1,COD,14,0,0.0,0,2,TIER_2,0.866,0,1,6,0
ord_16314768,cust_417582,1755.77,CARD,3,0,0.0,0,1,TIER_1_METRO,0.702,0,2,20,0
ord_95447809,cust_474994,1729.4,UPI,0,0,0.0,1,2,TIER_3_HIGH_RISK,0.861,0,3,7,1
ord_32306770,cust_421417,703.16,COD,0,0,0.0,1,1,TIER_1_METRO,0.983,0,1,9,0
ord_42049003,cust_677545,4094.17,COD,0,0,0.0,1,1,TIER_2,0.743,0,2,11,0
ord_51665616,cust_230249,566.74,UPI,2,0,0.0,0,1,TIER_2,0.942,0,1,4,0
ord_52973491,cust_200290,1921.78,UPI,0,0,0.0,1,1,TIER_2,0.583,1,2,19,0
ord_75431227,cust_564825,1577.29,COD,6,0,0.0,0,5,TIER_1_METRO,0.692,0,1,19,1
ord_85302285,cust_987675,820.67,UPI,18,2,0.1111,0,1,TIER_2,0.845,0,1,21,0
ord_52267417,cust_108434,471.12,COD,8,0,0.0,0,2,TIER_1_METRO,0.914,0,5,23,0
ord_27036417,cust_275768,619.45,COD,3,0,0.0,0,2,TIER_1_METRO,0.898,0,1,8,0
ord_55713473,cust_233001,2170.18,COD,0,0,0.0,1,1,TIER_2,0.817,0,2,0,1
ord_45362169,cust_721065,1512.88,UPI,2,0,0.0,0,5,TIER_1_METRO,0.514,1,1,6,1
ord_75594704,cust_439373,2199.51,COD,5,0,0.0,0,1,TIER_1_METRO,0.845,0,1,21,1
ord_65339989,cust_954470,862.84,CARD,8,3,0.375,0,1,TIER_3_HIGH_RISK,0.558,3,1,17,0
ord_59431582,cust_401743,362.09,COD,0,0,0.0,1,3,TIER_3_HIGH_RISK,0.801,1,1,5,1
ord_51592253,cust_716285,690.56,CARD,10,1,0.1,0,1,TIER_2,0.83,1,1,5,0
ord_97796277,cust_300671,1854.07,UPI,12,0,0.0,0,1,TIER_2,0.518,3,2,6,0
ord_23969223,cust_980219,853.11,UPI,0,0,0.0,1,1,TIER_1_METRO,0.783,1,1,9,0
ord_81784059,cust_105017,691.34,COD,0,0,0.0,1,3,TIER_1_METRO,0.966,1,1,10,1
ord_53866822,cust_306353,310.32,CARD,0,0,0.0,1,2,TIER_3_HIGH_RISK,0.692,0,1,9,0
ord_10769598,cust_135572,799.17,COD,11,1,0.0909,0,3,TIER_2,0.687,0,1,12,1
ord_53214675,cust_985192,1817.31,COD,8,0,0.0,0,1,TIER_1_METRO,0.944,1,1,22,0
ord_68771482,cust_807717,3681.98,COD,0,0,0.0,1,1,TIER_2,0.718,1,1,4,1
ord_52655972,cust_957148,577.22,COD,0,0,0.0,1,1,TIER_1_METRO,0.874,0,2,19,0
ord_33151417,cust_383303,945.5,COD,5,0,0.0,0,1,TIER_3_HIGH_RISK,0.759,0,4,17,1
ord_33429562,cust_881085,395.42,COD,0,0,0.0,1,1,TIER_2,0.434,0,1,20,0
ord_68040667,cust_974187,1451.39,COD,12,0,0.0,0,4,TIER_1_METRO,0.852,3,1,14,1
ord_99408647,cust_454805,566.4,NETBANKING,11,1,0.0909,0,1,TIER_1_METRO,0.812,1,1,2,0
ord_62706142,cust_172575,2429.69,UPI,0,0,0.0,1,1,TIER_2,0.781,0,5,8,0
ord_38119485,cust_807848,962.9,COD,0,0,0.0,1,1,TIER_3_HIGH_RISK,0.648,0,1,4,0
ord_82119783,cust_821236,641.61,COD,0,0,0.0,1,1,TIER_1_METRO,0.673,1,1,4,1
ord_36878179,cust_475460,1077.98,COD,0,0,0.0,1,1,TIER_2,0.92,0,1,7,1
ord_42134440,cust_909634,1292.91,UPI,0,0,0.0,1,1,TIER_1_METRO,0.625,0,4,10,0
ord_59119003,cust_590226,1014.47,COD,0,0,0.0,1,1,TIER_1_METRO,0.835,0,1,6,1
ord_40235640,cust_289681,780.38,COD,5,2,0.4,0,1,TIER_1_METRO,0.82,2,2,20,0
ord_86885981,cust_459579,913.18,COD,0,0,0.0,1,5,TIER_2,0.855,0,1,20,1
ord_70749918,cust_267452,628.52,CARD,7,2,0.2857,0,1,TIER_2,0.387,1,1,10,1
ord_75316731,cust_250161,741.11,UPI,3,0,0.0,0,1,TIER_1_METRO,0.901,0,4,0,0
ord_78699609,cust_151137,1299.55,COD,1,0,0.0,0,1,TIER_2,0.791,2,2,7,0
ord_52851880,cust_107322,627.16,COD,0,0,0.0,1,2,TIER_1_METRO,0.58,2,3,20,1
ord_55739326,cust_577744,1017.98,CARD,9,0,0.0,0,2,TIER_3_HIGH_RISK,0.761,1,5,5,0
ord_85337600,cust_589454,2026.98,CARD,6,0,0.0,0,1,TIER_3_HIGH_RISK,0.667,0,5,4,0
ord_80399934,cust_421059,2170.47,COD,11,1,0.0909,0,1,TIER_1_METRO,0.835,0,1,18,1
ord_17356148,cust_270386,1862.52,COD,13,0,0.0,0,2,TIER_1_METRO,0.886,0,1,20,0
ord_71777469,cust_884147,684.36,COD,3,0,0.0,0,1,TIER_3_HIGH_RISK,0.819,2,1,7,1
ord_75771889,cust_838360,249.0,UPI,0,0,0.0,1,1,TIER_1_METRO,0.455,1,4,1,0
ord_95941488,cust_915668,1132.34,COD,0,0,0.0,1,2,TIER_1_METRO,0.581,0,1,6,0
ord_41175239,cust_805479,954.75,COD,0,0,0.0,1,1,TIER_1_METRO,0.807,0,2,10,0
ord_10690778,cust_392508,4343.43,COD,1,0,0.0,0,3,TIER_2,0.828,0,3,15,0
ord_28119030,cust_595025,1173.62,UPI,4,0,0.0,0,1,TIER_1_METRO,0.73,1,1,1,0
ord_27846842,cust_352988,6215.61,UPI,0,0,0.0,1,1,TIER_2,0.922,0,4,10,0
ord_54181713,cust_659827,441.89,COD,0,0,0.0,1,3,TIER_3_HIGH_RISK,0.471,0,2,15,1
ord_69953934,cust_973356,2802.03,UPI,8,2,0.25,0,1,TIER_1_METRO,0.945,1,1,10,0
ord_15210558,cust_132481,4300.91,COD,5,0,0.0,0,2,TIER_3_HIGH_RISK,0.72,0,3,10,1
ord_83252056,cust_328339,2328.47,COD,0,0,0.0,1,1,TIER_2,0.861,3,1,19,1
ord_27127283,cust_789503,1107.01,UPI,5,0,0.0,0,1,TIER_1_METRO,0.652,1,1,17,0
ord_20943336,cust_638002,1409.41,COD,0,0,0.0,1,2,TIER_2,0.648,1,1,3,1
ord_23752997,cust_323573,1088.92,COD,0,0,0.0,1,1,TIER_2,0.579,1,1,16,1
ord_41197881,cust_217954,717.64,CARD,11,0,0.0,0,1,TIER_1_METRO,0.856,0,3,10,0
ord_11171758,cust_716923,1106.63,COD,0,0,0.0,1,1,TIER_1_METRO,0.772,2,2,23,0
ord_38756261,cust_455239,1117.79,COD,22,0,0.0,0,2,TIER_2,0.715,0,1,14,0
ord_19742257,cust_893936,3194.16,COD,4,0,0.0,0,1,TIER_1_METRO,0.633,0,2,19,0
ord_95482326,cust_641629,1197.0,COD,5,0,0.0,0,1,TIER_3_HIGH_RISK,0.797,0,1,11,0
ord_85965696,cust_728590,249.0,COD,0,0,0.0,1,3,TIER_1_METRO,0.755,0,2,23,1
ord_37719138,cust_392753,1550.97,CARD,10,0,0.0,0,2,TIER_2,0.769,0,2,6,0
ord_30515189,cust_123814,3474.35,CARD,2,0,0.0,0,1,TIER_2,0.814,0,1,9,0
ord_42386345,cust_471513,1706.98,UPI,5,0,0.0,0,4,TIER_1_METRO,0.65,0,1,8,0
ord_38751505,cust_803098,1980.84,COD,0,0,0.0,1,4,TIER_2,0.84,0,1,12,1
ord_11270896,cust_878074,1900.52,UPI,0,0,0.0,1,1,TIER_3_HIGH_RISK,0.861,1,1,14,0
ord_63326683,cust_902524,722.57,UPI,1,0,0.0,0,1,TIER_3_HIGH_RISK,0.769,1,2,3,0
ord_18234025,cust_948268,2017.07,CARD,0,0,0.0,1,1,TIER_1_METRO,0.819,0,1,9,0
ord_64432684,cust_780934,1538.6,CARD,0,0,0.0,1,1,TIER_2,0.928,3,3,4,0
ord_16191081,cust_215729,1386.56,CARD,30,3,0.1,0,1,TIER_2,0.53,0,2,19,0
ord_64148094,cust_724559,759.89,COD,0,0,0.0,1,1,TIER_2,0.747,0,1,5,0
ord_52817546,cust_503460,1975.55,COD,0,0,0.0,1,1,TIER_1_METRO,0.308,0,1,23,0
ord_99059475,cust_224703,1815.14,UPI,2,0,0.0,0,2,TIER_2,0.289,1,5,21,1
ord_81143513,cust_322274,2671.71,UPI,6,1,0.1667,0,1,TIER_3_HIGH_RISK,0.577,0,1,4,0
ord_95075377,cust_197932,1128.22,CARD,7,2,0.2857,0,1,TIER_1_METRO,0.952,1,1,6,0
ord_35403726,cust_724367,792.99,CARD,0,0,0.0,1,1,TIER_3_HIGH_RISK,0.527,0,1,8,0
ord_54010951,cust_119734,930.38,UPI,0,0,0.0,1,1,TIER_2,0.78,2,3,20,1
ord_74587277,cust_873317,1528.09,COD,8,0,0.0,0,1,TIER_3_HIGH_RISK,0.772,2,1,1,1
ord_34345877,cust_665082,481.15,UPI,0,0,0.0,1,1,TIER_3_HIGH_RISK,0.712,0,2,10,0
ord_87189210,cust_680620,5952.75,CARD,5,1,0.2,0,3,TIER_2,0.698,0,1,15,0
ord_12363162,cust_337963,661.94,UPI,0,0,0.0,1,1,TIER_1_METRO,0.882,0,1,15,0
ord_57087000,cust_214527,2468.77,COD,3,0,0.0,0,1,TIER_3_HIGH_RISK,0.663,1,1,8,1
ord_80706570,cust_657830,1385.98,UPI,4,0,0.0,0,3,TIER_3_HIGH_RISK,0.727,0,2,15,0
ord_82019526,cust_109705,1450.58,UPI,0,0,0.0,1,1,TIER_2,0.876,2,3,3,0
ord_43019807,cust_129433,1716.43,UPI,0,0,0.0,1,1,TIER_2,0.943,1,1,11,0
ord_36095524,cust_601078,1343.85,COD,6,0,0.0,0,1,TIER_3_HIGH_RISK,0.504,0,3,18,1
ord_75991925,cust_169360,1443.87,UPI,5,0,0.0,0,1,TIER_1_METRO,0.527,2,2,20,0
ord_39977525,cust_291711,1430.06,UPI,10,5,0.5,0,1,TIER_1_METRO,0.587,2,1,21,0
ord_98193990,cust_707970,2788.47,COD,0,0,0.0,1,1,TIER_1_METRO,0.715,1,2,5,0
ord_20531544,cust_659632,429.54,UPI,0,0,0.0,1,1,TIER_2,0.938,0,2,22,0
ord_91963626,cust_289086,383.47,UPI,7,0,0.0,0,1,TIER_1_METRO,0.964,0,1,18,0
ord_13887008,cust_718528,4865.3,UPI,0,0,0.0,1,1,TIER_2,0.677,0,1,3,0
ord_51130558,cust_138250,461.94,COD,8,0,0.0,0,1,TIER_3_HIGH_RISK,0.648,1,1,12,1
ord_32763342,cust_690296,1348.21,CARD,0,0,0.0,1,1,TIER_1_METRO,0.806,1,2,6,0
ord_63791192,cust_895046,812.41,NETBANKING,6,0,0.0,0,1,TIER_1_METRO,0.967,1,3,23,0
ord_81626426,cust_351131,2305.82,COD,0,0,0.0,1,1,TIER_3_HIGH_RISK,0.677,1,1,18,1
ord_75534828,cust_206379,4840.05,NETBANKING,5,0,0.0,0,1,TIER_1_METRO,0.671,0,3,1,0
ord_87512073,cust_836809,967.46,UPI,4,0,0.0,0,1,TIER_3_HIGH_RISK,0.766,1,2,23,0
ord_95588239,cust_718618,550.77,CARD,0,0,0.0,1,1,TIER_3_HIGH_RISK,0.672,0,1,15,0
ord_80872166,cust_620715,10368.64,UPI,0,0,0.0,1,1,TIER_3_HIGH_RISK,0.404,0,1,20,1
ord_60553200,cust_816432,2308.47,CARD,3,0,0.0,0,1,TIER_1_METRO,0.761,1,1,7,0
ord_49638077,cust_655244,446.07,CARD,6,1,0.1667,0,1,TIER_1_METRO,0.635,0,5,2,0
ord_62498106,cust_236803,843.04,COD,4,0,0.0,0,5,TIER_1_METRO,0.647,1,4,16,1
ord_66933105,cust_312810,372.08,COD,0,0,0.0,1,1,TIER_3_HIGH_RISK,0.449,1,1,11,1
ord_29363133,cust_784028,577.42,UPI,0,0,0.0,1,1,TIER_2,0.753,0,2,2,1
ord_24115491,cust_819968,8324.98,UPI,2,0,0.0,0,1,TIER_2,0.924,2,1,11,0
ord_74671523,cust_682840,7727.72,UPI,4,3,0.75,0,1,TIER_2,0.826,1,1,22,1
ord_89534578,cust_297872,727.58,COD,4,0,0.0,0,1,TIER_1_METRO,0.957,0,1,2,0
ord_22479981,cust_850230,934.13,UPI,6,0,0.0,0,1,TIER_1_METRO,0.282,3,3,5,0
ord_63241067,cust_592461,4132.34,COD,15,0,0.0,0,1,TIER_2,0.696,0,1,9,0
ord_81279027,cust_291945,1183.25,COD,8,0,0.0,0,1,TIER_1_METRO,0.98,0,1,1,0
ord_19699755,cust_827814,2145.51,COD,2,0,0.0,0,1,TIER_1_METRO,0.786,0,1,13,0
ord_18120459,cust_619328,1010.26,COD,0,0,0.0,1,1,TIER_2,0.82,1,1,9,1
ord_21918529,cust_372196,489.42,COD,0,0,0.0,1,1,TIER_2,0.989,0,2,1,0
ord_65288809,cust_901391,980.67,COD,5,0,0.0,0,1,TIER_2,0.901,0,1,2,0
ord_75261548,cust_538949,566.66,UPI,0,0,0.0,1,1,TIER_2,0.945,2,1,11,0
ord_93532383,cust_788839,3440.85,COD,0,0,0.0,1,1,TIER_2,0.882,1,1,3,1
ord_47347524,cust_732027,1758.84,UPI,2,0,0.0,0,1,TIER_2,0.745,1,1,3,0
ord_65703922,cust_682275,2197.47,COD,0,0,0.0,1,1,TIER_1_METRO,0.842,0,1,10,0
ord_92162634,cust_136368,3687.61,CARD,13,0,0.0,0,1,TIER_2,0.876,1,1,13,0
ord_17560116,cust_976611,2038.66,UPI,10,0,0.0,0,3,TIER_3_HIGH_RISK,0.576,1,2,14,0
ord_78412170,cust_704730,1201.86,CARD,0,0,0.0,1,1,TIER_3_HIGH_RISK,0.638,2,3,17,0
ord_58190951,cust_312620,1400.8,UPI,18,4,0.2222,0,1,TIER_2,0.911,1,2,14,0
ord_59179195,cust_469841,272.54,UPI,0,0,0.0,1,1,TIER_1_METRO,0.667,0,1,6,0
ord_53840923,cust_620436,2408.91,NETBANKING,0,0,0.0,1,2,TIER_1_METRO,0.902,2,1,14,0
ord_17887739,cust_289637,395.69,COD,0,0,0.0,1,2,TIER_2,0.942,0,1,1,1
ord_47617741,cust_872427,1815.2,UPI,0,0,0.0,1,1,TIER_2,0.772,1,4,11,0
ord_68534435,cust_407822,1763.3,UPI,1,0,0.0,0,1,TIER_3_HIGH_RISK,0.694,1,1,9,0
ord_42053929,cust_283501,977.93,COD,0,0,0.0,1,1,TIER_3_HIGH_RISK,0.56,0,2,8,0
ord_19714177,cust_576697,2718.42,UPI,12,2,0.1667,0,4,TIER_2,0.941,1,1,21,0
ord_20584340,cust_152034,3393.07,CARD,7,0,0.0,0,2,TIER_2,0.51,0,1,6,0
ord_55931435,cust_990567,539.81,COD,3,0,0.0,0,1,TIER_2,0.714,0,1,2,1
ord_62134150,cust_716012,1300.64,COD,0,0,0.0,1,1,TIER_2,0.783,0,2,22,0
ord_37209162,cust_411173,579.36,COD,0,0,0.0,1,1,TIER_3_HIGH_RISK,0.625,1,1,7,1
ord_61724844,cust_407784,249.0,COD,7,1,0.1429,0,1,TIER_1_METRO,0.949,0,1,5,0
ord_21966251,cust_128401,3020.87,COD,11,0,0.0,0,2,TIER_1_METRO,0.768,1,1,20,0
ord_86595525,cust_155450,4935.51,UPI,18,0,0.0,0,5,TIER_1_METRO,0.897,0,2,5,1
ord_26761480,cust_447613,1996.57,CARD,0,0,0.0,1,1,TIER_1_METRO,0.406,1,1,20,0
ord_19057483,cust_877156,1127.39,COD,8,0,0.0,0,1,TIER_1_METRO,0.6,2,3,22,0
ord_19944790,cust_510141,2059.14,COD,0,0,0.0,1,1,TIER_1_METRO,0.623,0,8,3,1
ord_29877714,cust_873529,2894.26,UPI,9,0,0.0,0,3,TIER_3_HIGH_RISK,0.836,0,1,9,0
ord_58103684,cust_597502,1261.76,CARD,0,0,0.0,1,1,TIER_1_METRO,0.503,0,2,11,0
ord_63755402,cust_770756,842.32,COD,17,0,0.0,0,1,TIER_1_METRO,0.731,1,1,23,0
ord_80860062,cust_239741,3677.96,CARD,0,0,0.0,1,2,TIER_2,0.924,0,1,3,1
ord_86698319,cust_674162,2209.31,COD,0,0,0.0,1,1,TIER_1_METRO,0.956,2,1,2,0
ord_43050331,cust_923426,4260.14,CARD,16,1,0.0625,0,1,TIER_1_METRO,0.868,0,1,14,0
ord_63660697,cust_312916,1966.92,NETBANKING,5,0,0.0,0,1,TIER_2,0.682,1,1,12,0
ord_30978981,cust_997525,753.31,UPI,0,0,0.0,1,1,TIER_3_HIGH_RISK,0.66,0,3,17,0
ord_11762204,cust_699612,2402.45,UPI,11,0,0.0,0,1,TIER_1_METRO,0.401,2,2,15,0
ord_42648101,cust_275541,968.57,CARD,0,0,0.0,1,1,TIER_1_METRO,0.856,1,1,8,0
ord_29568220,cust_282277,2445.99,COD,0,0,0.0,1,1,TIER_1_METRO,0.671,0,1,11,1
ord_38046417,cust_976280,2914.37,UPI,0,0,0.0,1,1,TIER_3_HIGH_RISK,0.676,0,2,7,0
ord_19578672,cust_763662,4241.67,COD,14,1,0.0714,0,2,TIER_1_METRO,0.9,1,1,23,0
ord_43644175,cust_904342,1968.25,COD,0,0,0.0,1,1,TIER_1_METRO,0.644,2,1,11,1
ord_12322523,cust_489860,1584.37,CARD,5,0,0.0,0,2,TIER_3_HIGH_RISK,0.65,0,1,7,0
ord_86871123,cust_437651,4774.77,COD,3,0,0.0,0,3,TIER_1_METRO,0.929,1,2,7,0
ord_90925517,cust_683194,641.5,NETBANKING,30,0,0.0,0,2,TIER_3_HIGH_RISK,0.473,1,3,10,0
ord_18330512,cust_351061,784.35,COD,0,0,0.0,1,1,TIER_1_METRO,0.792,3,1,11,1
ord_61568189,cust_564193,1513.08,UPI,4,0,0.0,0,1,TIER_1_METRO,0.675,0,1,6,0
ord_59742523,cust_784392,595.78,UPI,9,0,0.0,0,1,TIER_1_METRO,0.881,2,2,2,0
ord_79578794,cust_996612,2248.74,COD,5,0,0.0,0,2,TIER_2,0.72,0,5,2,0
ord_59802235,cust_770797,844.14,COD,0,0,0.0,1,1,TIER_1_METRO,0.942,1,1,8,0
ord_51822973,cust_290690,249.0,UPI,0,0,0.0,1,1,TIER_1_METRO,0.892,3,1,13,1
ord_90455483,cust_680381,1742.77,UPI,17,3,0.1765,0,1,TIER_2,0.756,2,2,16,0
ord_11985681,cust_851247,1059.89,UPI,0,0,0.0,1,1,TIER_1_METRO,0.556,0,1,19,0
ord_98121120,cust_909818,2876.61,COD,5,1,0.2,0,1,TIER_1_METRO,0.516,0,1,17,0
ord_55276218,cust_599961,1006.73,UPI,9,0,0.0,0,3,TIER_1_METRO,0.624,0,1,22,0
ord_98640034,cust_329701,1147.77,COD,6,0,0.0,0,1,TIER_3_HIGH_RISK,0.703,2,2,13,1
ord_38963091,cust_614136,531.69,COD,4,0,0.0,0,1,TIER_1_METRO,0.791,2,2,20,0
ord_33465520,cust_541653,999.54,UPI,0,0,0.0,1,1,TIER_2,0.789,1,1,8,0
ord_58193845,cust_572355,2787.2,COD,12,0,0.0,0,1,TIER_2,0.971,0,1,19,0
ord_30974295,cust_640203,1086.77,UPI,3,0,0.0,0,1,TIER_3_HIGH_RISK,0.707,2,1,11,0
ord_10113936,cust_723172,1569.87,CARD,0,0,0.0,1,1,TIER_2,0.876,2,1,18,0
ord_48669500,cust_634292,1476.52,COD,9,0,0.0,0,1,TIER_1_METRO,0.788,1,1,0,0
ord_69961421,cust_644933,729.85,COD,12,2,0.1667,0,2,TIER_2,0.796,0,1,6,1
ord_95072967,cust_703318,432.58,COD,1,0,0.0,0,3,TIER_3_HIGH_RISK,0.329,1,1,8,1
ord_44262607,cust_441094,751.92,NETBANKING,0,0,0.0,1,1,TIER_3_HIGH_RISK,0.457,1,1,16,1
ord_99653284,cust_318123,2987.56,CARD,0,0,0.0,1,2,TIER_3_HIGH_RISK,0.619,0,1,23,0
ord_67884623,cust_307526,1074.31,CARD,0,0,0.0,1,2,TIER_1_METRO,0.641,1,2,13,0
ord_15236840,cust_747899,831.44,UPI,3,0,0.0,0,7,TIER_1_METRO,0.741,0,1,0,0
ord_84712740,cust_264702,2522.48,COD,0,0,0.0,1,1,TIER_2,0.488,0,2,14,0
ord_76058129,cust_789918,619.58,COD,0,0,0.0,1,1,TIER_2,0.859,0,2,9,1
ord_74994170,cust_357426,4669.06,COD,0,0,0.0,1,1,TIER_1_METRO,0.534,2,4,14,1
ord_36942759,cust_917483,552.36,UPI,9,1,0.1111,0,1,TIER_3_HIGH_RISK,0.719,0,2,18,0
ord_41185607,cust_717472,1934.04,COD,0,0,0.0,1,1,TIER_2,0.957,1,1,18,0
ord_77800621,cust_659373,833.73,UPI,0,0,0.0,1,2,TIER_1_METRO,0.621,1,1,15,0
ord_86152968,cust_536346,4715.63,COD,2,1,0.5,0,3,TIER_1_METRO,0.804,0,1,1,1
ord_84304782,cust_493000,8362.71,UPI,0,0,0.0,1,1,TIER_1_METRO,0.799,3,3,3,1
ord_61424149,cust_478888,757.81,UPI,8,0,0.0,0,1,TIER_1_METRO,0.844,0,1,13,0
ord_15346471,cust_865208,611.59,COD,0,0,0.0,1,2,TIER_3_HIGH_RISK,0.767,0,1,5,1
ord_73475441,cust_764407,2410.67,UPI,2,0,0.0,0,3,TIER_1_METRO,0.835,3,1,14,0
ord_58104371,cust_317252,446.89,UPI,15,0,0.0,0,4,TIER_1_METRO,0.72,0,2,3,0
ord_70523996,cust_314202,642.07,UPI,5,0,0.0,0,2,TIER_2,0.52,2,1,22,0
ord_11897465,cust_399519,377.51,COD,0,0,0.0,1,1,TIER_1_METRO,0.944,1,2,12,1
ord_52860080,cust_875173,984.33,CARD,7,0,0.0,0,2,TIER_2,0.918,0,2,7,0
ord_59885716,cust_943301,1733.48,COD,0,0,0.0,1,3,TIER_1_METRO,0.625,0,2,7,1
ord_70736972,cust_941774,556.16,COD,1,0,0.0,0,1,TIER_3_HIGH_RISK,0.403,2,1,4,1
ord_70168854,cust_285326,587.3,CARD,3,0,0.0,0,1,TIER_1_METRO,0.646,0,1,23,0
ord_84614055,cust_148850,1560.4,UPI,32,4,0.125,0,1,TIER_1_METRO,0.848,1,2,10,0
ord_33627745,cust_427980,511.3,COD,0,0,0.0,1,1,TIER_1_METRO,0.853,0,2,23,1
ord_28333734,cust_999726,2481.56,COD,0,0,0.0,1,1,TIER_2,0.961,1,3,5,0
ord_42242032,cust_581465,945.76,UPI,7,0,0.0,0,1,TIER_2,0.847,0,1,21,0
ord_56506776,cust_438008,861.9,UPI,11,0,0.0,0,2,TIER_1_METRO,0.593,1,1,12,0
ord_80532468,cust_209822,749.13,UPI,4,0,0.0,0,1,TIER_3_HIGH_RISK,0.389,0,1,8,0
ord_60335659,cust_423417,1912.27,COD,5,0,0.0,0,1,TIER_1_METRO,0.672,2,1,4,0
ord_70081877,cust_746280,883.4,COD,4,0,0.0,0,1,TIER_2,0.913,3,1,8,0
ord_87892539,cust_737507,2008.77,COD,1,0,0.0,0,2,TIER_1_METRO,0.474,2,1,23,0
ord_10976264,cust_916929,593.39,COD,0,0,0.0,1,2,TIER_1_METRO,0.915,0,2,7,1
ord_66895262,cust_609742,2451.94,COD,10,1,0.1,0,1,TIER_1_METRO,0.8,2,2,19,1
ord_24106894,cust_729735,1167.44,UPI,11,1,0.0909,0,1,TIER_2,0.777,0,2,15,0
ord_53338836,cust_512073,916.12,UPI,0,0,0.0,1,3,TIER_3_HIGH_RISK,0.721,0,2,8,1
ord_16709332,cust_603362,375.29,CARD,0,0,0.0,1,1,TIER_2,0.86,2,1,14,0
ord_38075910,cust_128604,1118.1,COD,4,0,0.0,0,5,TIER_1_METRO,0.912,0,3,15,1
ord_43657453,cust_961636,1654.75,COD,0,0,0.0,1,1,TIER_3_HIGH_RISK,0.554,2,1,8,1
ord_60825596,cust_304706,395.61,UPI,9,2,0.2222,0,2,TIER_2,0.951,0,2,23,0
ord_20495300,cust_502961,806.7,UPI,10,4,0.4,0,1,TIER_1_METRO,0.775,0,1,14,0
ord_40477458,cust_398971,580.32,COD,2,0,0.0,0,2,TIER_1_METRO,0.98,1,5,16,1
ord_21098252,cust_672735,3451.1,COD,16,0,0.0,0,1,TIER_1_METRO,0.922,0,2,1,0
ord_44952363,cust_204791,3136.94,UPI,0,0,0.0,1,2,TIER_3_HIGH_RISK,0.735,1,1,13,1
ord_58248168,cust_644531,6808.77,COD,10,0,0.0,0,1,TIER_2,0.707,1,1,5,0
ord_98897082,cust_419052,1621.81,COD,4,0,0.0,0,1,TIER_1_METRO,0.947,0,3,12,0
ord_31978990,cust_573130,1177.85,COD,21,1,0.0476,0,1,TIER_3_HIGH_RISK,0.788,1,1,19,0
ord_37112999,cust_653940,1359.92,UPI,5,1,0.2,0,1,TIER_3_HIGH_RISK,0.791,0,2,17,1
ord_66062130,cust_576665,3509.01,UPI,0,0,0.0,1,1,TIER_1_METRO,0.72,0,3,5,0
ord_43970306,cust_321519,1513.07,COD,0,0,0.0,1,1,TIER_2,0.735,1,1,0,1
ord_15840445,cust_983657,1721.54,COD,11,0,0.0,0,1,TIER_2,0.878,0,1,20,1
ord_40190179,cust_429669,979.66,UPI,0,0,0.0,1,2,TIER_1_METRO,0.651,1,1,10,1
ord_20722351,cust_237011,6957.11,UPI,0,0,0.0,1,2,TIER_3_HIGH_RISK,0.732,0,1,23,0
ord_46216069,cust_517579,1563.39,COD,6,0,0.0,0,1,TIER_1_METRO,0.878,1,3,2,0
ord_56404773,cust_809009,1056.33,COD,0,0,0.0,1,2,TIER_3_HIGH_RISK,0.322,0,4,20,1
ord_11199217,cust_941554,1047.76,COD,8,3,0.375,0,1,TIER_3_HIGH_RISK,0.732,1,1,4,1
ord_15280156,cust_524306,1323.47,CARD,0,0,0.0,1,1,TIER_3_HIGH_RISK,0.762,1,1,15,0
ord_11138422,cust_571939,1901.24,COD,5,0,0.0,0,1,TIER_2,0.785,2,2,16,0
ord_31302821,cust_722260,585.11,COD,14,3,0.2143,0,2,TIER_2,0.65,2,3,19,1
ord_65757486,cust_157353,749.47,UPI,8,1,0.125,0,1,TIER_3_HIGH_RISK,0.756,0,1,11,0
ord_39141997,cust_699952,2224.11,CARD,6,1,0.1667,0,1,TIER_1_METRO,0.662,1,1,15,1
ord_29110863,cust_916785,1543.53,CARD,0,0,0.0,1,1,TIER_1_METRO,0.701,0,1,6,0
ord_51049527,cust_698598,2962.88,COD,2,0,0.0,0,1,TIER_1_METRO,0.904,0,1,19,0
ord_61241823,cust_746155,800.82,COD,0,0,0.0,1,1,TIER_1_METRO,0.984,0,1,3,0
ord_48879284,cust_971985,1222.44,CARD,4,0,0.0,0,1,TIER_3_HIGH_RISK,0.725,1,3,23,0
ord_64244317,cust_674662,809.02,COD,9,0,0.0,0,1,TIER_3_HIGH_RISK,0.785,1,1,7,0
ord_59054750,cust_354572,647.2,COD,0,0,0.0,1,1,TIER_2,0.744,0,3,5,1
ord_90619142,cust_281181,499.47,CARD,17,1,0.0588,0,1,TIER_1_METRO,0.856,0,3,16,0
ord_66748327,cust_107943,1711.67,UPI,14,1,0.0714,0,2,TIER_2,0.766,1,2,7,0
ord_86384571,cust_992566,3287.76,CARD,3,0,0.0,0,2,TIER_2,0.801,0,2,23,0
ord_39783576,cust_135607,877.93,COD,13,0,0.0,0,1,TIER_3_HIGH_RISK,0.679,1,1,3,1
ord_73671116,cust_933799,1142.57,COD,0,0,0.0,1,1,TIER_1_METRO,0.929,0,1,14,0
ord_54672241,cust_730543,602.54,COD,5,0,0.0,0,1,TIER_3_HIGH_RISK,0.647,0,1,18,1
ord_16299492,cust_906545,793.61,COD,0,0,0.0,1,1,TIER_3_HIGH_RISK,0.699,1,2,6,1
ord_71910920,cust_742497,1593.23,COD,7,0,0.0,0,2,TIER_2,0.753,3,2,3,1
ord_17130144,cust_469006,1452.13,UPI,0,0,0.0,1,1,TIER_1_METRO,0.78,0,1,18,0
ord_65456322,cust_854207,382.58,COD,0,0,0.0,1,1,TIER_2,0.419,2,3,1,1
ord_65831333,cust_902373,3238.16,COD,9,0,0.0,0,1,TIER_2,0.886,1,1,14,1
ord_16630604,cust_172613,1844.38,COD,6,0,0.0,0,1,TIER_2,0.684,0,2,1,0
ord_99596413,cust_451590,1067.3,CARD,0,0,0.0,1,1,TIER_1_METRO,0.929,0,3,23,0
ord_12427667,cust_506599,8244.39,COD,1,0,0.0,0,4,TIER_1_METRO,0.819,0,1,13,1
ord_57204322,cust_624381,340.36,UPI,4,1,0.25,0,2,TIER_1_METRO,0.939,0,1,23,0
ord_60739298,cust_647514,2807.46,COD,12,0,0.0,0,2,TIER_1_METRO,0.448,1,2,8,0
ord_88710185,cust_123655,2306.01,UPI,0,0,0.0,1,1,TIER_1_METRO,0.925,2,1,8,0
ord_52926707,cust_657873,2951.26,COD,10,0,0.0,0,1,TIER_2,0.962,0,2,4,1
ord_22512020,cust_281607,2554.71,UPI,3,0,0.0,0,1,TIER_2,0.685,0,1,0,0
ord_21042682,cust_167703,4870.7,UPI,0,0,0.0,1,1,TIER_1_METRO,0.517,0,1,14,0
ord_62959636,cust_874808,4193.2,CARD,0,0,0.0,1,1,TIER_1_METRO,0.688,1,3,20,0
ord_68835615,cust_407963,1294.4,CARD,11,0,0.0,0,2,TIER_3_HIGH_RISK,0.824,2,2,22,0
ord_22267883,cust_992078,2000.24,UPI,13,0,0.0,0,1,TIER_2,0.616,1,4,9,0
ord_81968497,cust_538868,475.96,COD,0,0,0.0,1,4,TIER_1_METRO,0.848,0,1,8,1
ord_18332715,cust_890103,374.42,UPI,2,0,0.0,0,1,TIER_1_METRO,0.686,2,2,6,0
ord_66364509,cust_685933,764.36,COD,7,0,0.0,0,1,TIER_3_HIGH_RISK,0.825,0,1,8,0
ord_74237209,cust_674405,921.12,UPI,4,0,0.0,0,1,TIER_1_METRO,0.648,0,2,6,0
ord_81797346,cust_328464,925.61,UPI,0,0,0.0,1,1,TIER_2,0.914,1,2,5,0
ord_37582031,cust_729309,6414.2,CARD,5,0,0.0,0,1,TIER_1_METRO,0.836,1,1,0,0
ord_23412066,cust_531954,529.3,COD,0,0,0.0,1,1,TIER_3_HIGH_RISK,0.625,0,1,11,1
ord_56442869,cust_903937,4379.64,UPI,4,0,0.0,0,2,TIER_2,0.866,0,4,17,0
ord_91193128,cust_287381,3029.28,UPI,7,1,0.1429,0,2,TIER_3_HIGH_RISK,0.77,0,2,22,1
ord_27036641,cust_963367,1722.94,UPI,0,0,0.0,1,1,TIER_1_METRO,0.945,0,1,17,0
ord_21729096,cust_821911,413.08,UPI,12,1,0.0833,0,1,TIER_1_METRO,0.682,3,1,19,0
ord_95783079,cust_926599,1952.1,COD,0,0,0.0,1,1,TIER_2,0.71,1,1,5,0
ord_71730143,cust_357476,589.22,UPI,0,0,0.0,1,1,TIER_2,0.809,1,3,0,0
ord_16849221,cust_838587,1838.35,COD,3,0,0.0,0,1,TIER_1_METRO,0.794,0,1,10,0
ord_14746771,cust_753689,637.98,CARD,0,0,0.0,1,3,TIER_2,0.949,1,1,20,1
ord_15028035,cust_878539,6359.59,COD,3,0,0.0,0,1,TIER_2,0.76,2,3,4,1
ord_45188893,cust_589774,862.34,UPI,16,0,0.0,0,4,TIER_1_METRO,0.84,1,1,5,0
ord_98220245,cust_322832,818.23,COD,2,0,0.0,0,5,TIER_1_METRO,0.923,2,1,6,1
ord_55905971,cust_982341,3025.66,UPI,0,0,0.0,1,1,TIER_1_METRO,0.869,0,1,15,0
ord_70181915,cust_441910,512.89,COD,6,0,0.0,0,5,TIER_1_METRO,0.619,0,1,5,0
ord_16377844,cust_504542,801.43,COD,2,0,0.0,0,3,TIER_2,0.537,0,2,19,0
ord_95082925,cust_468692,968.31,CARD,0,0,0.0,1,2,TIER_1_METRO,0.834,0,2,18,0
ord_29520338,cust_521788,1169.97,COD,5,0,0.0,0,1,TIER_3_HIGH_RISK,0.485,0,1,17,1
ord_60859057,cust_695067,634.56,UPI,6,0,0.0,0,1,TIER_1_METRO,0.822,0,2,7,0
ord_80560961,cust_754274,1362.2,COD,0,0,0.0,1,1,TIER_3_HIGH_RISK,0.685,1,1,10,1
ord_44543768,cust_851537,1597.58,COD,6,0,0.0,0,1,TIER_2,0.9,0,1,3,0
ord_83913944,cust_228357,2428.88,UPI,17,0,0.0,0,1,TIER_1_METRO,0.977,0,2,2,0
ord_53193996,cust_536142,1368.74,UPI,0,0,0.0,1,2,TIER_2,0.72,1,1,12,0
ord_11420654,cust_726551,2315.85,CARD,17,2,0.1176,0,5,TIER_3_HIGH_RISK,0.763,0,1,9,1
ord_23407382,cust_721436,3459.62,COD,14,0,0.0,0,1,TIER_1_METRO,0.694,0,1,12,0
ord_97671910,cust_659743,470.77,COD,0,0,0.0,1,3,TIER_3_HIGH_RISK,0.534,1,1,14,1
ord_29787303,cust_670722,2455.82,CARD,3,2,0.6667,0,1,TIER_1_METRO,0.504,0,2,18,1
ord_98358551,cust_299245,933.24,COD,0,0,0.0,1,1,TIER_1_METRO,0.481,0,1,22,0
ord_47637372,cust_116010,1623.64,COD,13,0,0.0,0,2,TIER_1_METRO,0.603,0,4,3,0
ord_63012638,cust_401409,565.89,UPI,6,0,0.0,0,1,TIER_3_HIGH_RISK,0.347,2,3,21,0
ord_98733443,cust_805654,1678.98,UPI,5,3,0.6,0,1,TIER_3_HIGH_RISK,0.532,0,1,16,1
ord_12203092,cust_912846,1330.81,COD,3,0,0.0,0,1,TIER_1_METRO,0.798,0,1,10,1
ord_15654237,cust_153533,1634.74,COD,2,0,0.0,0,1,TIER_3_HIGH_RISK,0.793,0,1,11,1
ord_11228807,cust_489336,4129.57,CARD,0,0,0.0,1,1,TIER_1_METRO,0.842,1,1,20,0
ord_36370480,cust_689323,2655.55,COD,9,2,0.2222,0,1,TIER_2,0.841,1,2,2,1
ord_96405050,cust_616030,1034.73,UPI,7,0,0.0,0,1,TIER_2,0.805,0,1,22,0
ord_85758633,cust_742836,2310.93,COD,0,0,0.0,1,1,TIER_1_METRO,0.361,2,1,19,0
ord_45027732,cust_937430,916.24,COD,0,0,0.0,1,1,TIER_1_METRO,0.838,1,1,20,1
ord_28276882,cust_196816,1865.87,COD,0,0,0.0,1,1,TIER_3_HIGH_RISK,0.582,0,3,13,1
ord_46160254,cust_544022,1568.25,COD,6,0,0.0,0,2,TIER_2,0.914,0,1,21,0
ord_86705258,cust_483094,4478.23,COD,0,0,0.0,1,1,TIER_2,0.503,0,1,19,0
ord_71731354,cust_869589,2103.79,COD,0,0,0.0,1,1,TIER_3_HIGH_RISK,0.604,0,2,15,1
ord_59818662,cust_332033,3196.94,COD,0,0,0.0,1,1,TIER_1_METRO,0.764,0,3,9,0
ord_56999208,cust_141446,288.15,UPI,7,1,0.1429,0,1,TIER_3_HIGH_RISK,0.825,0,2,0,0
ord_71333812,cust_621384,1411.13,COD,0,0,0.0,1,1,TIER_1_METRO,0.827,0,2,2,0
ord_66483185,cust_476684,4066.35,UPI,14,1,0.0714,0,1,TIER_2,0.867,0,8,7,0
ord_82239282,cust_634979,3120.51,UPI,2,0,0.0,0,3,TIER_3_HIGH_RISK,0.575,0,4,10,1
ord_42070801,cust_611972,1267.74,UPI,8,1,0.125,0,1,TIER_1_METRO,0.603,1,1,19,0
ord_24573458,cust_238604,249.0,COD,5,0,0.0,0,1,TIER_1_METRO,0.909,0,1,5,0
ord_43015348,cust_543609,2143.11,COD,0,0,0.0,1,1,TIER_3_HIGH_RISK,0.607,0,1,15,1
ord_96716175,cust_438781,2165.2,UPI,0,0,0.0,1,1,TIER_2,0.78,2,1,9,0
ord_73687770,cust_842711,1495.83,UPI,15,3,0.2,0,1,TIER_3_HIGH_RISK,0.71,1,1,6,0
ord_60736118,cust_942235,602.8,COD,4,0,0.0,0,1,TIER_3_HIGH_RISK,0.635,0,1,0,1
ord_69544511,cust_291958,2653.47,UPI,18,3,0.1667,0,1,TIER_1_METRO,0.922,2,1,2,0
ord_97762185,cust_137525,450.17,UPI,7,0,0.0,0,1,TIER_2,0.909,1,1,12,0
ord_65666186,cust_773439,2095.18,COD,4,0,0.0,0,1,TIER_2,0.726,0,1,20,0
ord_73134935,cust_232667,1036.96,UPI,14,0,0.0,0,1,TIER_1_METRO,0.74,0,1,19,0
ord_87582731,cust_991354,2006.14,UPI,0,0,0.0,1,1,TIER_1_METRO,0.802,0,2,16,0
ord_80805040,cust_373016,864.05,COD,6,0,0.0,0,2,TIER_1_METRO,0.625,2,3,19,0
ord_36200296,cust_780583,2406.81,UPI,3,0,0.0,0,4,TIER_1_METRO,0.878,2,1,1,1
ord_64816383,cust_453497,2550.35,UPI,1,0,0.0,0,1,TIER_1_METRO,0.886,1,3,20,0
ord_22257042,cust_910309,709.49,COD,0,0,0.0,1,2,TIER_1_METRO,0.661,1,1,8,1
ord_91836180,cust_589554,1067.31,UPI,6,0,0.0,0,1,TIER_2,0.869,0,1,17,0
ord_47214417,cust_223252,840.73,COD,0,0,0.0,1,1,TIER_1_METRO,0.789,1,4,4,1
ord_26738345,cust_772316,2217.52,CARD,0,0,0.0,1,1,TIER_1_METRO,0.665,1,3,14,0
ord_47458301,cust_425689,384.79,UPI,0,0,0.0,1,2,TIER_3_HIGH_RISK,0.77,2,1,21,0
ord_85655174,cust_958985,4639.81,COD,0,0,0.0,1,1,TIER_2,0.68,0,2,21,0
ord_48309051,cust_152243,4026.44,COD,3,0,0.0,0,1,TIER_1_METRO,0.406,1,8,14,1
ord_45555041,cust_234845,3557.45,CARD,7,0,0.0,0,3,TIER_1_METRO,0.69,1,4,4,0
ord_64248291,cust_320767,900.47,NETBANKING,0,0,0.0,1,1,TIER_2,0.9,0,2,3,0
ord_65950884,cust_218849,1206.51,COD,12,0,0.0,0,1,TIER_2,0.73,0,1,8,0
ord_80489659,cust_835081,336.41,CARD,0,0,0.0,1,1,TIER_2,0.681,1,3,3,1
ord_51821034,cust_620622,1026.92,UPI,0,0,0.0,1,1,TIER_3_HIGH_RISK,0.76,1,2,8,0
ord_30115885,cust_508890,5431.92,UPI,14,0,0.0,0,1,TIER_2,0.84,0,1,4,0
ord_90458942,cust_604268,2948.51,COD,5,1,0.2,0,1,TIER_2,0.887,0,1,20,0
ord_85945874,cust_606398,1007.69,UPI,6,0,0.0,0,1,TIER_1_METRO,0.615,0,2,5,0
ord_79927631,cust_199895,1319.42,COD,0,0,0.0,1,1,TIER_1_METRO,0.912,0,3,20,0
ord_86908660,cust_472507,1390.06,UPI,0,0,0.0,1,1,TIER_1_METRO,0.835,3,2,18,0
ord_94931931,cust_371246,1130.4,COD,0,0,0.0,1,1,TIER_2,0.872,1,3,6,1
ord_23015771,cust_834124,3341.87,UPI,0,0,0.0,1,2,TIER_1_METRO,0.757,1,1,6,0
ord_71136438,cust_816537,1764.62,UPI,22,0,0.0,0,1,TIER_2,0.612,0,1,15,0
ord_43957164,cust_179552,367.79,UPI,8,0,0.0,0,1,TIER_1_METRO,0.881,2,5,19,0
ord_56022526,cust_356108,794.48,UPI,0,0,0.0,1,1,TIER_3_HIGH_RISK,0.648,1,1,15,0
ord_66437579,cust_273441,1126.03,COD,7,0,0.0,0,1,TIER_2,0.946,0,1,18,0
ord_90782073,cust_708458,460.01,CARD,10,1,0.1,0,1,TIER_1_METRO,0.652,3,3,2,0
ord_15698618,cust_329482,1009.1,UPI,15,1,0.0667,0,2,TIER_2,0.835,0,1,8,0
ord_29248072,cust_798429,1462.01,COD,0,0,0.0,1,1,TIER_1_METRO,0.772,0,2,23,0
ord_25374160,cust_980751,569.72,UPI,0,0,0.0,1,1,TIER_3_HIGH_RISK,0.531,0,3,23,1
ord_33212905,cust_295110,249.0,COD,7,0,0.0,0,1,TIER_2,0.636,0,5,13,0
ord_22299695,cust_226861,1181.83,COD,2,0,0.0,0,1,TIER_2,0.883,0,1,21,0
ord_46433622,cust_471551,485.74,COD,0,0,0.0,1,1,TIER_1_METRO,0.911,1,3,22,1
ord_83548874,cust_919409,964.14,CARD,1,0,0.0,0,2,TIER_2,0.927,0,2,0,0
ord_73445552,cust_489911,1088.35,CARD,6,1,0.1667,0,1,TIER_3_HIGH_RISK,0.47,0,3,8,0
ord_47981863,cust_559980,2908.85,UPI,0,0,0.0,1,2,TIER_2,0.896,1,1,9,0
ord_45495143,cust_712681,618.2,COD,0,0,0.0,1,1,TIER_1_METRO,0.662,0,1,21,0
ord_59547581,cust_390088,2116.49,COD,5,0,0.0,0,2,TIER_3_HIGH_RISK,0.669,0,2,6,0
ord_28520171,cust_920688,3631.1,NETBANKING,0,0,0.0,1,1,TIER_2,0.885,0,1,1,0
ord_73287778,cust_182844,945.61,CARD,2,0,0.0,0,1,TIER_2,0.772,2,1,3,0
ord_20987706,cust_209119,474.97,COD,7,0,0.0,0,1,TIER_1_METRO,0.771,0,2,1,0
ord_68711614,cust_842868,709.29,COD,0,0,0.0,1,1,TIER_2,0.65,1,1,2,0
ord_38266442,cust_603239,698.22,UPI,7,0,0.0,0,1,TIER_2,0.852,1,1,17,0
ord_22505751,cust_804039,2936.05,COD,0,0,0.0,1,1,TIER_3_HIGH_RISK,0.402,0,1,14,0
ord_76593407,cust_172053,950.86,UPI,0,0,0.0,1,1,TIER_2,0.845,1,2,23,0
ord_43957984,cust_778403,3379.12,COD,1,0,0.0,0,1,TIER_3_HIGH_RISK,0.752,1,1,1,1
ord_40076989,cust_995377,328.36,COD,0,0,0.0,1,1,TIER_2,0.855,3,1,9,1
ord_90818774,cust_609009,3681.51,COD,6,0,0.0,0,1,TIER_3_HIGH_RISK,0.549,1,1,11,1
ord_85071230,cust_567375,992.74,COD,2,0,0.0,0,3,TIER_1_METRO,0.54,1,4,8,0
ord_22664860,cust_130192,1248.97,COD,0,0,0.0,1,1,TIER_2,0.718,0,1,3,0
ord_79432593,cust_872169,908.07,UPI,0,0,0.0,1,1,TIER_2,0.428,3,1,6,0
ord_36218057,cust_288912,668.99,COD,3,0,0.0,0,1,TIER_2,0.598,1,2,9,0
ord_94712358,cust_136108,2661.38,UPI,7,0,0.0,0,1,TIER_1_METRO,0.885,0,5,15,0
ord_79581919,cust_811069,3003.81,UPI,4,0,0.0,0,2,TIER_3_HIGH_RISK,0.467,1,2,15,0
ord_26806308,cust_685422,1035.57,COD,0,0,0.0,1,1,TIER_1_METRO,0.873,2,2,8,0
ord_61195209,cust_486377,1562.1,UPI,0,0,0.0,1,1,TIER_3_HIGH_RISK,0.725,1,2,11,1
ord_39289370,cust_712772,2659.56,COD,0,0,0.0,1,1,TIER_1_METRO,0.81,1,1,5,0
ord_66650417,cust_870267,495.29,UPI,0,0,0.0,1,2,TIER_2,0.626,1,1,10,0
ord_20686962,cust_994605,1927.54,NETBANKING,0,0,0.0,1,7,TIER_3_HIGH_RISK,0.752,0,3,11,1
ord_56673151,cust_174712,2043.94,COD,13,0,0.0,0,1,TIER_1_METRO,0.635,0,3,19,0
ord_45007279,cust_697066,359.56,UPI,0,0,0.0,1,1,TIER_1_METRO,0.617,0,1,2,0
ord_61847186,cust_157940,1863.97,COD,0,0,0.0,1,1,TIER_2,0.787,1,4,21,1
ord_77509936,cust_355117,466.1,COD,15,0,0.0,0,3,TIER_1_METRO,0.929,1,5,0,0
ord_23982694,cust_841866,1570.1,UPI,1,0,0.0,0,1,TIER_1_METRO,0.971,3,1,2,1
ord_66085716,cust_422191,323.95,COD,0,0,0.0,1,1,TIER_1_METRO,0.482,3,2,0,1
ord_47747492,cust_106654,746.03,UPI,12,0,0.0,0,3,TIER_2,0.898,2,3,14,0
ord_97669192,cust_768234,1285.5,UPI,1,0,0.0,0,1,TIER_2,0.633,1,2,14,0
ord_94404041,cust_641709,2234.49,UPI,0,0,0.0,1,2,TIER_2,0.617,2,2,23,0
ord_39549535,cust_837902,463.21,UPI,0,0,0.0,1,1,TIER_1_METRO,0.901,1,3,16,0
ord_24038009,cust_213610,1257.89,UPI,0,0,0.0,1,1,TIER_2,0.743,0,2,21,0
ord_76475936,cust_966763,1057.43,COD,0,0,0.0,1,1,TIER_2,0.965,0,4,15,0
ord_97087158,cust_889466,798.62,COD,0,0,0.0,1,1,TIER_1_METRO,0.899,0,1,15,1
ord_13246319,cust_558480,475.53,CARD,0,0,0.0,1,1,TIER_1_METRO,0.652,0,2,14,0
ord_58737346,cust_417763,1788.32,COD,2,0,0.0,0,5,TIER_1_METRO,0.726,0,1,12,1
ord_91200125,cust_499122,1963.69,COD,0,0,0.0,1,1,TIER_3_HIGH_RISK,0.805,0,1,14,1
ord_34584915,cust_980858,841.82,CARD,6,0,0.0,0,1,TIER_1_METRO,0.738,0,1,11,0
ord_95505610,cust_196108,816.71,CARD,2,0,0.0,0,2,TIER_2,0.736,3,3,15,1
ord_17292306,cust_692633,3025.85,COD,0,0,0.0,1,1,TIER_1_METRO,0.453,0,1,14,0
ord_56216125,cust_322785,1122.32,UPI,0,0,0.0,1,1,TIER_3_HIGH_RISK,0.577,1,1,2,0
ord_73058842,cust_188909,249.0,COD,1,0,0.0,0,1,TIER_1_METRO,0.906,0,1,3,0
ord_36864699,cust_944535,525.24,CARD,2,0,0.0,0,1,TIER_2,0.816,0,3,14,0
ord_32986990,cust_112467,678.48,COD,0,0,0.0,1,1,TIER_2,0.488,0,4,0,1
ord_12872875,cust_732574,322.5,UPI,0,0,0.0,1,1,TIER_3_HIGH_RISK,0.695,0,3,13,0
ord_83143586,cust_385154,1765.42,COD,7,1,0.1429,0,1,TIER_2,0.908,3,2,11,1
ord_55587883,cust_449005,1043.61,CARD,2,0,0.0,0,1,TIER_2,0.952,0,2,5,0
ord_58725617,cust_908459,797.85,COD,6,0,0.0,0,2,TIER_3_HIGH_RISK,0.528,0,1,7,0
ord_21285878,cust_486044,2617.26,COD,1,0,0.0,0,1,TIER_3_HIGH_RISK,0.726,1,1,15,1
ord_72930864,cust_497774,2176.22,COD,10,1,0.1,0,1,TIER_3_HIGH_RISK,0.707,1,5,7,1
ord_26810950,cust_498506,731.29,UPI,0,0,0.0,1,1,TIER_2,0.677,1,1,19,0
ord_95021707,cust_401729,3404.9,COD,0,0,0.0,1,1,TIER_1_METRO,0.743,0,4,2,0
ord_40736211,cust_259852,565.58,COD,6,0,0.0,0,1,TIER_1_METRO,0.691,0,1,21,0
ord_21044590,cust_626443,396.7,NETBANKING,0,0,0.0,1,1,TIER_2,0.778,1,1,0,1
ord_71664492,cust_590073,1003.99,UPI,3,0,0.0,0,3,TIER_1_METRO,0.443,0,3,18,0
ord_81542358,cust_407402,1596.63,COD,8,1,0.125,0,1,TIER_2,0.749,0,1,4,0
ord_69428285,cust_817608,414.89,COD,0,0,0.0,1,1,TIER_1_METRO,0.898,0,1,11,0
ord_80256751,cust_503125,568.17,UPI,10,0,0.0,0,1,TIER_3_HIGH_RISK,0.549,2,1,0,0
ord_50104523,cust_846178,2272.44,CARD,0,0,0.0,1,1,TIER_1_METRO,0.807,0,3,17,0
ord_72516086,cust_726946,1784.66,UPI,3,0,0.0,0,1,TIER_2,0.597,1,2,7,0
ord_55893516,cust_103825,2135.28,COD,4,0,0.0,0,1,TIER_2,0.872,0,2,20,0
ord_81747110,cust_532058,685.64,COD,5,0,0.0,0,1,TIER_1_METRO,0.916,1,2,3,0
ord_46417182,cust_670073,2345.54,UPI,4,0,0.0,0,3,TIER_3_HIGH_RISK,0.587,2,3,7,0
ord_56597588,cust_735552,1100.86,CARD,0,0,0.0,1,1,TIER_2,0.935,0,4,23,0
ord_63059012,cust_511476,1401.43,CARD,13,0,0.0,0,1,TIER_1_METRO,0.962,1,1,15,0
ord_57152541,cust_550198,1855.87,COD,0,0,0.0,1,1,TIER_3_HIGH_RISK,0.854,0,2,16,1
ord_76041337,cust_810571,879.98,COD,0,0,0.0,1,1,TIER_3_HIGH_RISK,0.898,1,1,6,0
ord_99473837,cust_911399,3849.53,UPI,4,0,0.0,0,1,TIER_3_HIGH_RISK,0.861,0,1,16,0
ord_90514152,cust_195856,500.0,UPI,6,0,0.0,0,1,TIER_2,0.952,0,3,4,0
ord_64214985,cust_864298,477.15,CARD,0,0,0.0,1,1,TIER_2,0.697,0,2,20,0
ord_66209323,cust_486259,2692.77,COD,0,0,0.0,1,1,TIER_1_METRO,0.892,0,1,0,1
ord_41966443,cust_166445,4476.45,COD,6,0,0.0,0,4,TIER_1_METRO,0.27,0,3,16,1
ord_85711405,cust_102598,431.04,UPI,6,0,0.0,0,2,TIER_3_HIGH_RISK,0.447,0,1,9,1
ord_77980386,cust_934648,1387.32,COD,12,0,0.0,0,1,TIER_3_HIGH_RISK,0.66,0,1,7,0
ord_21623796,cust_450804,2231.09,COD,19,3,0.1579,0,2,TIER_1_METRO,0.715,1,1,4,1
ord_44907127,cust_149607,1053.1,COD,0,0,0.0,1,1,TIER_1_METRO,0.418,1,2,2,1
ord_80318880,cust_383197,3404.61,COD,5,0,0.0,0,1,TIER_2,0.603,2,1,4,0
ord_66183253,cust_237867,1354.35,UPI,7,0,0.0,0,3,TIER_1_METRO,0.623,2,8,22,0
ord_25364217,cust_571300,1353.99,UPI,9,0,0.0,0,1,TIER_2,0.664,0,1,0,0
ord_25806167,cust_962582,3879.81,COD,7,0,0.0,0,1,TIER_2,0.957,1,4,16,1
ord_26949723,cust_392317,528.4,UPI,0,0,0.0,1,1,TIER_2,0.89,0,2,0,0
ord_11034780,cust_265961,1871.74,UPI,0,0,0.0,1,1,TIER_1_METRO,0.75,1,2,3,0
ord_39159511,cust_417055,762.23,COD,8,1,0.125,0,1,TIER_1_METRO,0.654,1,1,19,1
ord_14833177,cust_997285,4108.77,NETBANKING,3,0,0.0,0,1,TIER_3_HIGH_RISK,0.581,2,1,18,1
ord_44799607,cust_799901,6043.42,COD,0,0,0.0,1,2,TIER_1_METRO,0.928,0,2,9,0
ord_61232190,cust_791476,1477.45,UPI,9,0,0.0,0,1,TIER_3_HIGH_RISK,0.739,0,5,9,0
ord_22506080,cust_209626,1321.21,UPI,2,0,0.0,0,1,TIER_2,0.892,0,2,16,0
ord_50981642,cust_443810,2749.15,COD,0,0,0.0,1,1,TIER_1_METRO,0.567,0,1,17,0
ord_55594401,cust_551797,1977.99,COD,0,0,0.0,1,1,TIER_1_METRO,0.733,1,1,16,0
ord_48116218,cust_970322,4372.3,COD,5,0,0.0,0,3,TIER_2,0.714,1,1,11,0
ord_26794513,cust_944134,2059.4,COD,11,0,0.0,0,1,TIER_3_HIGH_RISK,0.72,1,1,22,1
ord_57814123,cust_236248,3410.7,COD,6,0,0.0,0,1,TIER_3_HIGH_RISK,0.466,2,4,6,1
ord_66570915,cust_674670,370.79,COD,0,0,0.0,1,1,TIER_1_METRO,0.725,0,1,8,0
ord_27075099,cust_777036,738.87,UPI,2,0,0.0,0,1,TIER_2,0.72,1,1,10,0
ord_40647215,cust_820270,730.59,COD,7,0,0.0,0,2,TIER_1_METRO,0.852,2,1,4,0
ord_29838558,cust_408176,305.25,COD,4,0,0.0,0,1,TIER_1_METRO,0.941,0,2,3,0
ord_97692768,cust_777055,2201.82,CARD,4,0,0.0,0,1,TIER_2,0.716,0,2,15,0
ord_66810336,cust_947746,249.0,CARD,0,0,0.0,1,1,TIER_2,0.878,0,1,13,0
ord_16846090,cust_306802,2926.04,UPI,6,0,0.0,0,1,TIER_1_METRO,0.744,0,1,7,0
ord_97969826,cust_587650,493.49,CARD,0,0,0.0,1,1,TIER_1_METRO,0.762,0,1,11,0
ord_59784570,cust_748207,2655.26,COD,0,0,0.0,1,2,TIER_1_METRO,0.797,1,1,23,1
ord_32556210,cust_615470,3350.62,UPI,5,1,0.2,0,2,TIER_3_HIGH_RISK,0.48,0,2,7,1
ord_62304261,cust_235230,1322.44,UPI,10,0,0.0,0,1,TIER_1_METRO,0.695,2,1,10,0
ord_46982407,cust_515505,6369.99,UPI,3,0,0.0,0,2,TIER_1_METRO,0.803,1,1,21,0
ord_61234705,cust_312668,1724.73,COD,0,0,0.0,1,1,TIER_2,0.888,1,1,7,0
ord_68554917,cust_523691,612.28,UPI,0,0,0.0,1,1,TIER_2,0.727,0,3,8,0
ord_36790262,cust_302456,1407.04,CARD,8,1,0.125,0,1,TIER_2,0.788,1,3,14,0
ord_60478187,cust_919567,788.13,COD,2,0,0.0,0,1,TIER_2,0.788,0,3,20,0
ord_12873524,cust_823571,685.07,COD,16,1,0.0625,0,2,TIER_3_HIGH_RISK,0.595,1,1,2,1
ord_41354977,cust_359673,1554.15,UPI,13,3,0.2308,0,1,TIER_3_HIGH_RISK,0.786,2,1,21,0
ord_79678979,cust_347117,836.04,UPI,7,3,0.4286,0,1,TIER_2,0.883,3,2,2,1
ord_42315606,cust_290984,2390.87,COD,0,0,0.0,1,1,TIER_2,0.77,1,1,19,0
ord_48151590,cust_328594,1170.06,UPI,13,0,0.0,0,1,TIER_2,0.91,0,2,0,0
ord_99334688,cust_370970,5309.84,COD,2,0,0.0,0,1,TIER_2,0.933,0,1,18,1
ord_43718376,cust_801983,2352.83,COD,0,0,0.0,1,4,TIER_1_METRO,0.878,2,1,5,1
ord_86294529,cust_665345,767.14,CARD,0,0,0.0,1,1,TIER_1_METRO,0.627,0,1,19,0
ord_42769936,cust_840781,328.56,UPI,11,0,0.0,0,1,TIER_1_METRO,0.965,0,1,10,0
ord_35609050,cust_258736,769.66,COD,1,0,0.0,0,4,TIER_2,0.905,1,1,15,1
ord_60443683,cust_515126,1406.24,CARD,6,0,0.0,0,1,TIER_2,0.715,1,1,20,0
ord_71980075,cust_213947,329.86,UPI,0,0,0.0,1,1,TIER_2,0.847,0,1,21,0
ord_89149420,cust_950086,593.06,CARD,0,0,0.0,1,3,TIER_3_HIGH_RISK,0.555,2,1,12,1
ord_95417897,cust_431627,5311.58,UPI,9,1,0.1111,0,3,TIER_1_METRO,0.6,0,1,17,1
ord_61425604,cust_946811,781.86,COD,0,0,0.0,1,1,TIER_2,0.935,1,1,14,0
ord_38565752,cust_779174,249.0,COD,11,0,0.0,0,1,TIER_3_HIGH_RISK,0.713,1,1,2,1
ord_48334882,cust_830002,2926.06,COD,0,0,0.0,1,1,TIER_1_METRO,0.707,2,1,3,0
ord_12488144,cust_767245,4120.91,CARD,13,0,0.0,0,1,TIER_1_METRO,0.779,2,1,0,0
ord_70310982,cust_557359,608.13,CARD,5,0,0.0,0,1,TIER_2,0.935,1,2,20,0
ord_31006444,cust_745979,2221.42,NETBANKING,0,0,0.0,1,1,TIER_3_HIGH_RISK,0.829,0,2,3,0
ord_93173418,cust_181227,1262.95,COD,0,0,0.0,1,2,TIER_1_METRO,0.944,0,3,7,1
ord_37992091,cust_321325,1735.88,UPI,8,0,0.0,0,1,TIER_1_METRO,0.859,1,1,20,0
ord_14396054,cust_899765,1931.69,UPI,16,3,0.1875,0,1,TIER_2,0.786,1,2,4,0
ord_64349411,cust_409042,1030.09,COD,0,0,0.0,1,1,TIER_1_METRO,0.939,0,3,9,0
ord_54132455,cust_129533,538.81,COD,26,0,0.0,0,1,TIER_1_METRO,0.94,0,4,21,0
ord_81880737,cust_676424,1528.92,COD,0,0,0.0,1,2,TIER_1_METRO,0.919,1,1,17,1
ord_59172324,cust_843194,1203.81,UPI,3,0,0.0,0,3,TIER_2,0.92,0,4,15,1
ord_91143014,cust_230704,1168.8,CARD,0,0,0.0,1,2,TIER_2,0.974,0,2,6,0
ord_92632529,cust_645961,402.76,UPI,12,0,0.0,0,1,TIER_1_METRO,0.897,1,1,6,0
ord_46181576,cust_458720,1247.23,UPI,6,1,0.1667,0,1,TIER_1_METRO,0.865,2,1,14,0
ord_62925374,cust_698422,1293.12,COD,0,0,0.0,1,1,TIER_3_HIGH_RISK,0.701,0,1,17,1
ord_17775679,cust_979828,327.73,COD,0,0,0.0,1,1,TIER_1_METRO,0.919,1,2,11,1
ord_63915845,cust_880912,249.0,COD,26,1,0.0385,0,1,TIER_1_METRO,0.817,1,1,20,0
ord_80322138,cust_576251,2507.65,COD,0,0,0.0,1,1,TIER_2,0.904,0,4,1,1
ord_47395056,cust_583321,1475.59,UPI,0,0,0.0,1,1,TIER_3_HIGH_RISK,0.713,1,1,17,0
ord_36357257,cust_986322,416.9,COD,2,0,0.0,0,1,TIER_3_HIGH_RISK,0.887,2,1,2,1
ord_70094329,cust_813209,706.69,CARD,0,0,0.0,1,1,TIER_2,0.952,0,2,15,0
ord_30639379,cust_834742,1572.9,CARD,12,2,0.1667,0,1,TIER_1_METRO,0.892,1,2,18,0
ord_83657758,cust_145310,786.12,UPI,0,0,0.0,1,1,TIER_2,0.684,2,2,6,0
ord_22099015,cust_400106,4021.19,COD,0,0,0.0,1,4,TIER_3_HIGH_RISK,0.734,0,2,4,1
ord_86666404,cust_146526,1779.82,COD,0,0,0.0,1,1,TIER_2,0.331,0,4,15,1
ord_56316696,cust_675063,1844.2,COD,5,0,0.0,0,1,TIER_2,0.947,2,2,18,0
ord_62251235,cust_934252,2130.44,COD,8,0,0.0,0,1,TIER_1_METRO,0.792,0,1,22,0
ord_97545328,cust_392517,1967.05,COD,8,0,0.0,0,1,TIER_1_METRO,0.708,0,1,3,0
ord_61274287,cust_749344,952.24,COD,2,0,0.0,0,2,TIER_1_METRO,0.496,0,2,19,0
ord_99089996,cust_344300,1150.7,CARD,0,0,0.0,1,2,TIER_1_METRO,0.823,0,1,22,0
ord_72527341,cust_793192,1055.65,COD,1,0,0.0,0,7,TIER_1_METRO,0.806,2,4,2,1
ord_51505238,cust_438295,4550.86,UPI,2,0,0.0,0,2,TIER_2,0.817,0,1,3,0
ord_36931806,cust_617255,1049.82,UPI,8,0,0.0,0,4,TIER_2,0.649,0,3,4,0
ord_53483890,cust_689663,514.25,NETBANKING,14,1,0.0714,0,4,TIER_1_METRO,0.859,1,3,15,0
ord_14739400,cust_476645,1796.97,UPI,0,0,0.0,1,1,TIER_3_HIGH_RISK,0.657,0,1,2,0
ord_41959674,cust_952588,974.52,UPI,3,0,0.0,0,1,TIER_2,0.787,2,1,12,0
ord_98910672,cust_475433,1576.65,CARD,1,0,0.0,0,1,TIER_1_METRO,0.761,2,1,20,0
ord_25365416,cust_438325,5390.99,UPI,0,0,0.0,1,1,TIER_1_METRO,0.804,1,1,13,0
ord_72595266,cust_978839,1168.87,UPI,9,1,0.1111,0,1,TIER_1_METRO,0.801,1,1,7,0
ord_97080594,cust_273021,1113.31,COD,0,0,0.0,1,1,TIER_2,0.929,0,1,14,0
ord_33612300,cust_759409,2112.96,CARD,14,0,0.0,0,1,TIER_3_HIGH_RISK,0.763,0,1,1,0
ord_53757228,cust_360775,732.37,UPI,11,2,0.1818,0,1,TIER_2,0.926,0,1,1,0
ord_97969751,cust_370796,1556.16,NETBANKING,3,0,0.0,0,1,TIER_1_METRO,0.628,0,1,22,0
ord_43766262,cust_149757,3818.11,COD,11,0,0.0,0,1,TIER_2,0.894,2,2,4,1
ord_24369952,cust_861752,937.27,UPI,10,0,0.0,0,1,TIER_2,0.831,2,1,0,0
ord_11180859,cust_631501,602.27,COD,0,0,0.0,1,1,TIER_1_METRO,0.841,1,2,11,1
ord_94439440,cust_906743,258.25,UPI,0,0,0.0,1,1,TIER_1_METRO,0.826,2,1,13,0
ord_10784514,cust_770712,2146.86,UPI,14,1,0.0714,0,1,TIER_3_HIGH_RISK,0.777,1,1,10,0
ord_48685536,cust_320967,753.92,CARD,17,3,0.1765,0,3,TIER_1_METRO,0.92,2,2,6,0
ord_26186862,cust_344620,1169.5,COD,6,0,0.0,0,1,TIER_3_HIGH_RISK,0.746,0,1,8,0
ord_82593044,cust_135017,4019.83,CARD,6,0,0.0,0,3,TIER_3_HIGH_RISK,0.563,1,2,11,0
ord_98924540,cust_972689,565.03,UPI,0,0,0.0,1,1,TIER_3_HIGH_RISK,0.724,1,1,1,0
ord_51243886,cust_129044,1963.38,COD,5,1,0.2,0,1,TIER_1_METRO,0.777,0,1,17,0
ord_73530320,cust_627279,2437.06,UPI,0,0,0.0,1,1,TIER_1_METRO,0.337,0,1,12,0
ord_57081025,cust_918964,444.93,COD,6,0,0.0,0,1,TIER_1_METRO,0.572,1,1,1,0
ord_72150915,cust_282185,752.81,COD,0,0,0.0,1,1,TIER_1_METRO,0.887,2,1,16,0
ord_50457970,cust_477261,7694.89,UPI,5,0,0.0,0,1,TIER_1_METRO,0.912,0,2,23,0
ord_85092303,cust_878504,1048.34,COD,15,0,0.0,0,4,TIER_3_HIGH_RISK,0.858,1,2,21,0
ord_70471690,cust_238498,1824.8,CARD,0,0,0.0,1,2,TIER_3_HIGH_RISK,0.646,0,1,14,1
ord_50769841,cust_799328,2179.18,UPI,0,0,0.0,1,2,TIER_2,0.8,2,1,14,0
ord_52857257,cust_632587,1314.75,UPI,14,0,0.0,0,7,TIER_3_HIGH_RISK,0.421,0,1,7,0
ord_59207388,cust_573300,1850.4,COD,1,0,0.0,0,1,TIER_2,0.894,0,1,18,0
ord_81551995,cust_868180,537.87,COD,0,0,0.0,1,1,TIER_2,0.755,2,1,20,0
ord_64832046,cust_246104,691.55,COD,7,0,0.0,0,3,TIER_1_METRO,0.597,0,4,17,0
ord_90999757,cust_748789,846.8,UPI,14,4,0.2857,0,1,TIER_2,0.488,0,1,15,0
ord_11612850,cust_810229,1747.12,COD,7,2,0.2857,0,2,TIER_1_METRO,0.51,2,1,10,1
ord_69553486,cust_866364,1295.22,COD,2,0,0.0,0,1,TIER_1_METRO,0.609,1,2,2,0
ord_86914300,cust_331898,283.4,UPI,4,1,0.25,0,1,TIER_2,0.227,1,1,14,0
ord_78306925,cust_442627,1087.81,UPI,3,0,0.0,0,2,TIER_2,0.773,3,4,11,0
ord_26125202,cust_421405,875.37,COD,0,0,0.0,1,1,TIER_3_HIGH_RISK,0.826,0,2,17,1
ord_74391870,cust_359718,1786.32,CARD,2,0,0.0,0,2,TIER_2,0.506,1,1,17,0
ord_63974651,cust_750228,1305.94,COD,8,0,0.0,0,1,TIER_3_HIGH_RISK,0.888,1,1,13,0
ord_71357430,cust_170511,1760.81,UPI,5,0,0.0,0,4,TIER_3_HIGH_RISK,0.723,1,1,12,0
ord_74931348,cust_660881,849.61,UPI,13,0,0.0,0,1,TIER_2,0.733,0,3,14,0
ord_37995739,cust_373591,976.11,COD,0,0,0.0,1,1,TIER_3_HIGH_RISK,0.453,0,1,19,1
ord_45769101,cust_321257,640.78,COD,13,0,0.0,0,1,TIER_1_METRO,0.924,0,1,18,0
ord_39429963,cust_191123,1398.65,UPI,0,0,0.0,1,3,TIER_1_METRO,0.911,1,2,23,1
ord_17111905,cust_580910,3901.9,UPI,11,0,0.0,0,1,TIER_2,0.64,0,2,5,0
ord_19455984,cust_669027,1606.57,COD,6,1,0.1667,0,2,TIER_2,0.447,1,1,1,1
ord_39041075,cust_412646,1220.72,CARD,9,0,0.0,0,2,TIER_2,0.439,0,2,14,0
ord_85824842,cust_227899,1397.52,UPI,0,0,0.0,1,5,TIER_1_METRO,0.868,1,1,12,1
ord_75823714,cust_784362,900.97,UPI,13,0,0.0,0,1,TIER_1_METRO,0.713,0,1,13,0
ord_96534282,cust_897118,740.36,UPI,3,1,0.3333,0,1,TIER_3_HIGH_RISK,0.211,0,4,20,0
ord_75978252,cust_657466,862.75,UPI,15,1,0.0667,0,2,TIER_3_HIGH_RISK,0.913,0,2,5,0
ord_46340634,cust_107344,1718.14,CARD,2,0,0.0,0,1,TIER_2,0.327,1,2,8,0
ord_47327243,cust_496900,1216.0,CARD,6,1,0.1667,0,1,TIER_3_HIGH_RISK,0.824,0,1,15,0
ord_67968453,cust_855209,448.03,COD,9,0,0.0,0,1,TIER_1_METRO,0.566,2,5,20,0
ord_64525264,cust_232508,1429.43,COD,14,0,0.0,0,1,TIER_2,0.815,1,1,16,0
ord_22541175,cust_996910,696.86,CARD,0,0,0.0,1,1,TIER_2,0.849,0,1,0,0
ord_93046078,cust_847916,323.85,UPI,0,0,0.0,1,1,TIER_1_METRO,0.928,0,2,16,0
ord_65573977,cust_782495,781.05,UPI,7,0,0.0,0,1,TIER_3_HIGH_RISK,0.426,0,2,23,0
ord_16800541,cust_396317,484.16,UPI,0,0,0.0,1,1,TIER_2,0.871,1,1,1,0
ord_50480309,cust_567221,1272.08,CARD,3,0,0.0,0,1,TIER_1_METRO,0.854,1,1,0,0
ord_67675376,cust_486503,912.95,COD,0,0,0.0,1,2,TIER_3_HIGH_RISK,0.645,0,2,16,1
ord_36458172,cust_588684,7795.73,COD,0,0,0.0,1,4,TIER_1_METRO,0.712,0,1,6,1
ord_56848819,cust_208991,2035.26,UPI,7,0,0.0,0,1,TIER_3_HIGH_RISK,0.68,0,2,23,0
ord_54625011,cust_592611,2420.98,UPI,2,1,0.5,0,1,TIER_1_METRO,0.704,1,1,5,0
ord_16379878,cust_559329,463.22,COD,8,0,0.0,0,1,TIER_1_METRO,0.529,1,2,23,0
ord_32938234,cust_568089,4189.19,COD,25,8,0.32,0,2,TIER_3_HIGH_RISK,0.716,0,1,10,1
ord_14294539,cust_929321,1674.72,COD,6,0,0.0,0,1,TIER_1_METRO,0.911,1,1,10,0
ord_10658139,cust_437468,731.6,COD,9,0,0.0,0,1,TIER_2,0.823,0,2,21,0
ord_21963776,cust_615046,720.35,UPI,0,0,0.0,1,1,TIER_1_METRO,0.853,1,2,1,0
ord_79427484,cust_782622,706.21,CARD,0,0,0.0,1,2,TIER_1_METRO,0.828,1,2,18,0
ord_82382897,cust_934433,768.31,COD,13,0,0.0,0,3,TIER_2,0.497,0,2,20,0
ord_79713766,cust_338580,1179.66,UPI,0,0,0.0,1,1,TIER_1_METRO,0.847,0,3,12,0
ord_16243246,cust_657496,1771.29,CARD,0,0,0.0,1,1,TIER_1_METRO,0.337,0,1,13,0
ord_95382256,cust_274682,249.0,COD,5,0,0.0,0,1,TIER_1_METRO,0.863,0,1,11,0
ord_72058106,cust_932192,813.55,UPI,0,0,0.0,1,1,TIER_3_HIGH_RISK,0.207,0,1,7,0
ord_48021655,cust_725927,3227.4,NETBANKING,15,2,0.1333,0,1,TIER_3_HIGH_RISK,0.321,0,1,5,0
ord_53860083,cust_525305,1568.15,COD,7,0,0.0,0,2,TIER_3_HIGH_RISK,0.488,0,1,8,1
ord_74625942,cust_802101,685.21,UPI,0,0,0.0,1,1,TIER_2,0.671,0,1,1,0
ord_14886202,cust_816743,1177.33,COD,3,0,0.0,0,1,TIER_3_HIGH_RISK,0.607,3,1,6,1
ord_46805730,cust_361609,967.41,COD,0,0,0.0,1,1,TIER_2,0.952,0,1,13,0
ord_89948588,cust_990125,3515.89,COD,1,1,1.0,0,2,TIER_2,0.883,2,1,22,1
ord_99689775,cust_532496,684.61,COD,6,0,0.0,0,3,TIER_1_METRO,0.36,0,1,18,0
ord_21238504,cust_688393,249.0,COD,3,0,0.0,0,1,TIER_3_HIGH_RISK,0.591,0,1,14,1
ord_30324696,cust_649175,768.31,CARD,11,0,0.0,0,3,TIER_1_METRO,0.787,1,1,8,0
ord_22757810,cust_985890,5414.58,COD,0,0,0.0,1,1,TIER_2,0.496,1,1,23,1
ord_99652220,cust_179134,6462.44,COD,6,1,0.1667,0,1,TIER_3_HIGH_RISK,0.666,0,2,14,1
ord_21190124,cust_916566,1429.56,NETBANKING,6,0,0.0,0,1,TIER_1_METRO,0.639,0,1,17,0
ord_37329173,cust_847417,1017.88,NETBANKING,3,0,0.0,0,2,TIER_1_METRO,0.842,1,1,22,0
ord_95079011,cust_248608,1502.55,UPI,10,0,0.0,0,1,TIER_1_METRO,0.544,0,1,12,0
ord_67597408,cust_398030,831.78,COD,0,0,0.0,1,1,TIER_2,0.906,0,5,14,1
ord_92125254,cust_672703,1630.73,COD,1,0,0.0,0,1,TIER_1_METRO,0.843,1,1,15,0
ord_63684678,cust_117330,318.68,COD,0,0,0.0,1,1,TIER_3_HIGH_RISK,0.547,2,1,15,1
ord_46081386,cust_741075,1656.16,UPI,4,0,0.0,0,1,TIER_2,0.795,0,1,23,0
ord_45044449,cust_188074,955.15,CARD,0,0,0.0,1,2,TIER_1_METRO,0.822,0,1,17,0
ord_39169138,cust_765918,975.75,CARD,0,0,0.0,1,1,TIER_2,0.861,2,2,17,0
ord_33846553,cust_667848,3401.54,UPI,8,1,0.125,0,2,TIER_1_METRO,0.802,1,1,16,0
ord_60796110,cust_667730,1160.18,COD,7,0,0.0,0,1,TIER_2,0.732,0,2,20,0
ord_31876123,cust_725782,1269.33,COD,0,0,0.0,1,1,TIER_1_METRO,0.638,0,2,2,0
ord_80261845,cust_676922,2750.95,UPI,0,0,0.0,1,1,TIER_1_METRO,0.596,0,8,23,0
ord_64675347,cust_507887,695.89,UPI,10,1,0.1,0,3,TIER_3_HIGH_RISK,0.366,0,1,23,0
ord_93744525,cust_913829,4733.55,UPI,0,0,0.0,1,1,TIER_1_METRO,0.948,0,1,23,0
ord_52299010,cust_679443,582.19,COD,9,3,0.3333,0,1,TIER_1_METRO,0.697,0,1,15,1
ord_72694139,cust_943732,1037.9,COD,0,0,0.0,1,3,TIER_1_METRO,0.785,0,3,19,1
ord_31437512,cust_196123,1409.63,COD,0,0,0.0,1,2,TIER_2,0.953,1,1,6,0
ord_60571427,cust_899125,710.18,COD,0,0,0.0,1,1,TIER_1_METRO,0.952,0,1,10,0
ord_59347456,cust_364952,1560.03,UPI,7,0,0.0,0,1,TIER_1_METRO,0.446,0,1,13,0
ord_93845477,cust_280526,828.0,NETBANKING,0,0,0.0,1,1,TIER_1_METRO,0.922,1,1,13,0
ord_67873362,cust_619362,470.29,COD,1,0,0.0,0,1,TIER_2,0.836,2,3,14,0
ord_63531738,cust_212833,1295.71,CARD,5,0,0.0,0,1,TIER_2,0.805,1,2,21,0
ord_30918642,cust_431822,1042.68,UPI,11,1,0.0909,0,1,TIER_1_METRO,0.699,1,3,6,0
ord_66825938,cust_812514,477.73,UPI,0,0,0.0,1,1,TIER_2,0.887,1,2,4,0
ord_36635617,cust_407732,2388.14,COD,9,0,0.0,0,1,TIER_1_METRO,0.609,0,1,23,0
ord_30901606,cust_402570,4374.63,COD,7,1,0.1429,0,1,TIER_3_HIGH_RISK,0.834,0,1,21,0
ord_82661476,cust_474160,1451.22,COD,0,0,0.0,1,1,TIER_3_HIGH_RISK,0.201,0,1,0,1
ord_70655240,cust_380967,526.93,CARD,0,0,0.0,1,1,TIER_1_METRO,0.823,0,1,8,0
ord_11983509,cust_102928,4950.23,UPI,0,0,0.0,1,1,TIER_3_HIGH_RISK,0.675,1,1,0,1
ord_82465294,cust_936852,1596.53,COD,0,0,0.0,1,1,TIER_1_METRO,0.621,0,2,1,1
ord_42456981,cust_317972,1314.24,COD,4,0,0.0,0,1,TIER_1_METRO,0.582,0,1,10,0
ord_63640153,cust_614004,2447.93,NETBANKING,4,2,0.5,0,1,TIER_1_METRO,0.566,0,1,11,0
ord_20710632,cust_980392,3014.23,CARD,10,0,0.0,0,2,TIER_2,0.79,0,1,11,0
ord_55148268,cust_124406,2507.86,COD,13,0,0.0,0,1,TIER_1_METRO,0.774,0,1,1,0
ord_75555773,cust_610252,4383.32,UPI,0,0,0.0,1,1,TIER_2,0.952,0,1,10,1
ord_56778501,cust_166918,3163.17,COD,0,0,0.0,1,1,TIER_1_METRO,0.66,2,1,14,1
ord_23457080,cust_611213,451.24,UPI,13,0,0.0,0,1,TIER_1_METRO,0.534,1,4,4,0
ord_38013358,cust_223811,740.12,COD,7,1,0.1429,0,4,TIER_2,0.59,1,2,15,1
ord_68843455,cust_353555,469.19,CARD,0,0,0.0,1,1,TIER_2,0.846,2,1,18,0
ord_88542943,cust_844287,1669.59,NETBANKING,9,0,0.0,0,1,TIER_3_HIGH_RISK,0.754,2,2,20,0
ord_32758757,cust_389183,909.03,UPI,0,0,0.0,1,1,TIER_2,0.88,1,2,10,0
ord_80597135,cust_893634,1706.51,COD,12,0,0.0,0,1,TIER_2,0.808,1,2,2,0
ord_54198308,cust_241110,1434.74,UPI,10,0,0.0,0,2,TIER_1_METRO,0.717,0,1,13,0
ord_12088618,cust_585462,456.16,COD,0,0,0.0,1,1,TIER_1_METRO,0.8,1,3,13,0
ord_39483553,cust_813136,1620.37,UPI,1,0,0.0,0,1,TIER_1_METRO,0.851,0,1,5,0
ord_65229755,cust_508039,1076.82,UPI,0,0,0.0,1,1,TIER_1_METRO,0.686,1,2,3,0
ord_20392034,cust_568084,1809.15,COD,0,0,0.0,1,1,TIER_2,0.458,0,1,4,0
ord_39009512,cust_266901,624.86,COD,0,0,0.0,1,1,TIER_1_METRO,0.84,0,2,23,0
ord_11612119,cust_858175,1502.74,NETBANKING,0,0,0.0,1,1,TIER_1_METRO,0.796,1,1,23,0
ord_49579572,cust_615131,1987.87,UPI,0,0,0.0,1,1,TIER_3_HIGH_RISK,0.609,0,1,16,0
ord_17479602,cust_701601,1347.42,COD,5,0,0.0,0,1,TIER_1_METRO,0.765,0,2,19,0
ord_65927604,cust_148648,3444.67,COD,0,0,0.0,1,1,TIER_1_METRO,0.692,0,1,22,0
ord_41499954,cust_232141,2277.14,UPI,5,0,0.0,0,4,TIER_3_HIGH_RISK,0.439,1,5,14,0
ord_62496015,cust_528596,1443.45,UPI,14,0,0.0,0,1,TIER_1_METRO,0.899,0,2,16,0
ord_13394020,cust_745141,2323.99,COD,9,0,0.0,0,1,TIER_3_HIGH_RISK,0.466,2,4,5,1
ord_80359745,cust_294549,249.0,UPI,10,0,0.0,0,1,TIER_3_HIGH_RISK,0.689,1,1,16,0
ord_38070760,cust_545661,750.36,UPI,0,0,0.0,1,2,TIER_2,0.717,0,4,6,0
ord_17679124,cust_630659,921.84,COD,1,0,0.0,0,2,TIER_3_HIGH_RISK,0.541,2,2,20,1
ord_64755123,cust_979403,577.38,COD,18,1,0.0556,0,1,TIER_2,0.916,0,2,4,0
ord_38029388,cust_682964,320.22,UPI,1,0,0.0,0,1,TIER_1_METRO,0.852,0,1,21,0
ord_34795222,cust_369981,743.36,CARD,0,0,0.0,1,1,TIER_3_HIGH_RISK,0.645,2,4,0,0
ord_55318936,cust_602895,688.45,CARD,0,0,0.0,1,1,TIER_2,0.947,2,1,13,0
ord_31384981,cust_862199,806.16,CARD,10,0,0.0,0,2,TIER_3_HIGH_RISK,0.712,2,1,10,0
ord_71647593,cust_882086,3204.65,UPI,5,0,0.0,0,1,TIER_2,0.844,0,3,8,0
ord_36126699,cust_968573,1147.7,UPI,0,0,0.0,1,1,TIER_3_HIGH_RISK,0.668,0,1,10,0
ord_44532966,cust_138795,1492.01,CARD,14,0,0.0,0,1,TIER_3_HIGH_RISK,0.669,0,2,3,0
ord_24514254,cust_444994,3703.33,COD,0,0,0.0,1,1,TIER_1_METRO,0.307,0,2,2,1
ord_20877097,cust_885648,368.09,COD,5,0,0.0,0,1,TIER_1_METRO,0.977,0,2,5,0
ord_34784815,cust_483043,891.49,UPI,0,0,0.0,1,1,TIER_2,0.785,0,3,0,1
ord_68224509,cust_417234,481.61,COD,7,4,0.5714,0,1,TIER_1_METRO,0.543,0,1,2,1
ord_85845258,cust_931716,932.75,UPI,0,0,0.0,1,2,TIER_2,0.885,1,4,12,0
ord_93851677,cust_295285,11930.68,COD,0,0,0.0,1,1,TIER_1_METRO,0.53,0,1,17,0
ord_61828708,cust_437905,1166.51,COD,0,0,0.0,1,1,TIER_2,0.73,0,1,12,0
ord_82187975,cust_518648,1315.99,UPI,0,0,0.0,1,1,TIER_2,0.924,0,1,6,0
ord_83915951,cust_180865,1953.74,CARD,0,0,0.0,1,1,TIER_2,0.913,0,1,6,0
ord_69036718,cust_939528,594.71,COD,0,0,0.0,1,1,TIER_2,0.84,0,1,1,0
ord_41671087,cust_428141,759.73,COD,0,0,0.0,1,1,TIER_1_METRO,0.758,1,2,14,0
ord_28238528,cust_828666,393.8,COD,0,0,0.0,1,1,TIER_1_METRO,0.574,0,1,7,0
ord_59558083,cust_734958,3016.13,COD,0,0,0.0,1,1,TIER_3_HIGH_RISK,0.785,0,1,21,1
ord_20718126,cust_594771,1121.27,UPI,1,1,1.0,0,1,TIER_3_HIGH_RISK,0.793,1,1,16,1
ord_64887961,cust_884642,700.7,CARD,15,0,0.0,0,2,TIER_2,0.821,0,1,19,0
ord_11904400,cust_687791,937.47,COD,13,3,0.2308,0,1,TIER_2,0.788,0,2,1,1
ord_51467922,cust_320638,1293.98,COD,0,0,0.0,1,1,TIER_2,0.93,0,1,4,0
ord_10083576,cust_587123,2543.46,COD,0,0,0.0,1,1,TIER_2,0.864,0,1,5,1
ord_38498615,cust_142568,689.5,COD,7,0,0.0,0,1,TIER_2,0.556,2,4,5,0
ord_59702208,cust_442318,1191.89,COD,7,0,0.0,0,1,TIER_1_METRO,0.746,0,1,4,0
ord_28057496,cust_345900,4780.92,UPI,0,0,0.0,1,1,TIER_3_HIGH_RISK,0.554,2,2,22,0
ord_68477266,cust_985032,1899.84,UPI,3,0,0.0,0,1,TIER_3_HIGH_RISK,0.679,1,2,19,0
ord_75818320,cust_666253,2111.56,NETBANKING,0,0,0.0,1,1,TIER_1_METRO,0.983,0,5,15,0
ord_27007812,cust_624845,1830.08,COD,0,0,0.0,1,1,TIER_3_HIGH_RISK,0.487,0,1,9,1
ord_44353667,cust_862167,5544.67,COD,0,0,0.0,1,1,TIER_1_METRO,0.865,1,1,22,0
ord_60059073,cust_833350,757.07,UPI,8,0,0.0,0,1,TIER_2,0.893,0,8,20,0
ord_15562067,cust_163867,1055.44,UPI,0,0,0.0,1,1,TIER_2,0.92,0,2,1,0
ord_65651376,cust_934151,577.09,COD,11,0,0.0,0,1,TIER_3_HIGH_RISK,0.834,0,1,22,0
ord_11480175,cust_720121,1925.25,UPI,0,0,0.0,1,1,TIER_2,0.998,1,1,7,0
ord_20760888,cust_344348,403.56,UPI,6,0,0.0,0,1,TIER_1_METRO,0.959,2,1,9,0
ord_37082158,cust_367590,821.53,UPI,17,0,0.0,0,1,TIER_2,0.919,0,1,8,0
ord_62919199,cust_288059,438.99,COD,14,0,0.0,0,1,TIER_2,0.746,0,4,0,0
ord_15412199,cust_878578,644.03,COD,4,0,0.0,0,1,TIER_2,0.783,1,1,5,1
ord_84504737,cust_590492,3140.11,UPI,15,0,0.0,0,1,TIER_1_METRO,0.909,0,1,22,0
ord_62673683,cust_321099,2254.32,UPI,0,0,0.0,1,1,TIER_2,0.845,1,3,18,0
ord_22084335,cust_949190,808.49,UPI,5,0,0.0,0,1,TIER_2,0.712,0,1,14,0
ord_26674948,cust_987517,765.26,UPI,8,0,0.0,0,1,TIER_2,0.91,2,1,17,0
ord_35636721,cust_608906,3425.99,COD,0,0,0.0,1,1,TIER_1_METRO,0.81,1,2,6,0
ord_87640857,cust_631369,529.91,UPI,0,0,0.0,1,1,TIER_1_METRO,0.74,1,1,8,0
ord_47945833,cust_982399,2671.79,UPI,7,0,0.0,0,2,TIER_1_METRO,0.82,0,2,7,0
ord_64567906,cust_551420,2608.48,CARD,0,0,0.0,1,1,TIER_1_METRO,0.654,1,1,6,0
ord_44916702,cust_670864,1559.28,UPI,3,0,0.0,0,1,TIER_2,0.47,0,1,21,0
ord_57675854,cust_694515,1593.14,COD,0,0,0.0,1,1,TIER_1_METRO,0.727,2,1,21,0
ord_57538500,cust_292811,3059.26,COD,0,0,0.0,1,1,TIER_2,0.862,0,1,0,0
ord_96025543,cust_492069,5812.86,UPI,1,0,0.0,0,1,TIER_2,0.787,1,1,1,0
ord_16851803,cust_144258,965.84,COD,4,1,0.25,0,3,TIER_2,0.716,1,8,20,1
ord_65543184,cust_784932,1069.03,UPI,10,0,0.0,0,1,TIER_2,0.6,0,1,7,0
ord_58085527,cust_445607,3683.5,CARD,3,0,0.0,0,5,TIER_3_HIGH_RISK,0.315,1,1,8,1
ord_28699008,cust_919119,2734.42,COD,0,0,0.0,1,1,TIER_3_HIGH_RISK,0.84,0,3,13,1
ord_44253388,cust_333597,4165.16,UPI,16,1,0.0625,0,1,TIER_1_METRO,0.519,2,1,21,0
ord_19031370,cust_813895,1485.43,COD,8,0,0.0,0,2,TIER_2,0.937,1,1,18,0
ord_21601645,cust_646913,2443.75,COD,0,0,0.0,1,2,TIER_3_HIGH_RISK,0.801,0,3,1,1
ord_47376501,cust_745061,1125.18,COD,0,0,0.0,1,2,TIER_2,0.797,0,1,3,0
ord_42325149,cust_291026,2426.73,UPI,14,0,0.0,0,1,TIER_2,0.76,2,3,16,0
ord_35118176,cust_692135,1324.38,UPI,0,0,0.0,1,1,TIER_2,0.928,2,1,23,0
ord_47416039,cust_879833,6555.14,COD,0,0,0.0,1,1,TIER_2,0.409,1,1,17,1
ord_65345697,cust_930623,1156.25,COD,0,0,0.0,1,1,TIER_1_METRO,0.686,0,1,17,0
ord_42356072,cust_948115,1424.58,UPI,0,0,0.0,1,1,TIER_1_METRO,0.697,0,3,6,0
ord_89047699,cust_129030,427.44,CARD,0,0,0.0,1,1,TIER_2,0.784,2,1,6,0
ord_59192004,cust_149987,379.79,UPI,0,0,0.0,1,1,TIER_3_HIGH_RISK,0.785,2,1,15,1
ord_72919136,cust_463109,1497.62,UPI,11,1,0.0909,0,2,TIER_2,0.474,2,2,4,0
ord_65703096,cust_656494,1755.12,COD,10,1,0.1,0,2,TIER_1_METRO,0.697,2,1,18,0
ord_80823619,cust_650822,2090.77,UPI,0,0,0.0,1,1,TIER_1_METRO,0.599,1,1,8,0
ord_68581601,cust_658459,1424.44,NETBANKING,0,0,0.0,1,2,TIER_3_HIGH_RISK,0.483,0,2,10,1
ord_22064163,cust_742584,728.58,COD,7,0,0.0,0,1,TIER_1_METRO,0.66,3,2,20,0
ord_75777503,cust_161915,776.45,COD,5,0,0.0,0,1,TIER_1_METRO,0.937,1,2,2,0
ord_34723448,cust_418461,4210.48,COD,11,0,0.0,0,1,TIER_1_METRO,0.941,2,1,22,0
ord_53229393,cust_172920,625.01,UPI,0,0,0.0,1,1,TIER_2,0.854,2,2,21,0
ord_62208793,cust_298831,568.04,UPI,17,0,0.0,0,1,TIER_2,0.504,1,3,3,0
ord_61308081,cust_445184,1086.72,COD,8,0,0.0,0,2,TIER_1_METRO,0.84,1,1,7,0
ord_73218224,cust_699149,1629.86,UPI,8,0,0.0,0,1,TIER_1_METRO,0.748,2,2,10,0
ord_77413407,cust_102853,449.03,COD,10,0,0.0,0,2,TIER_1_METRO,0.767,1,2,23,0
ord_13457521,cust_228863,789.58,NETBANKING,0,0,0.0,1,1,TIER_2,0.455,1,1,6,0
ord_40954678,cust_927344,1524.03,UPI,0,0,0.0,1,1,TIER_3_HIGH_RISK,0.751,0,3,19,1
ord_89560661,cust_562358,325.32,COD,12,0,0.0,0,1,TIER_3_HIGH_RISK,0.699,0,1,17,1
ord_89015319,cust_757925,708.38,COD,7,0,0.0,0,5,TIER_3_HIGH_RISK,0.701,0,1,10,1
ord_45119150,cust_860395,1265.05,COD,0,0,0.0,1,1,TIER_1_METRO,0.931,0,2,22,1
ord_36049918,cust_813601,2483.3,COD,0,0,0.0,1,1,TIER_2,0.759,1,1,18,1
ord_37320962,cust_767719,337.19,UPI,11,0,0.0,0,1,TIER_1_METRO,0.919,1,2,19,0
ord_76787621,cust_900122,418.59,UPI,4,0,0.0,0,1,TIER_1_METRO,0.679,0,1,7,0
ord_58487260,cust_630704,1352.58,COD,0,0,0.0,1,2,TIER_1_METRO,0.859,0,3,19,0
ord_27410605,cust_279933,447.26,COD,8,1,0.125,0,1,TIER_2,0.895,0,1,4,0
ord_65228634,cust_261764,910.67,UPI,0,0,0.0,1,2,TIER_1_METRO,0.85,1,1,13,0
ord_54194441,cust_278270,2124.94,COD,8,0,0.0,0,1,TIER_1_METRO,0.674,1,1,14,0
ord_36905710,cust_435752,796.96,UPI,0,0,0.0,1,3,TIER_1_METRO,0.881,1,1,4,0
ord_11167498,cust_109402,360.41,UPI,0,0,0.0,1,1,TIER_3_HIGH_RISK,0.562,0,2,13,1
ord_28804536,cust_806475,3193.41,UPI,0,0,0.0,1,1,TIER_3_HIGH_RISK,0.469,0,1,16,0
ord_44125539,cust_334257,543.25,UPI,1,1,1.0,0,1,TIER_1_METRO,0.828,0,1,0,0
ord_72392732,cust_458100,866.14,COD,0,0,0.0,1,3,TIER_1_METRO,0.865,1,1,3,1
ord_75802267,cust_592176,3727.35,UPI,11,0,0.0,0,1,TIER_2,0.587,0,2,10,0
ord_96367578,cust_592344,1684.46,COD,13,2,0.1538,0,1,TIER_1_METRO,0.732,1,1,15,0
ord_18805586,cust_277587,1181.41,COD,5,0,0.0,0,1,TIER_1_METRO,0.872,0,1,4,0
ord_64388673,cust_220484,1296.26,COD,12,0,0.0,0,1,TIER_2,0.845,2,1,20,0
ord_97948400,cust_485664,763.49,NETBANKING,0,0,0.0,1,1,TIER_2,0.8,2,4,17,1
ord_51491540,cust_101355,1570.2,COD,1,0,0.0,0,1,TIER_1_METRO,0.673,1,1,20,0
ord_14303677,cust_447238,1028.85,UPI,0,0,0.0,1,3,TIER_3_HIGH_RISK,0.513,0,1,17,1
ord_63984109,cust_464385,1629.57,NETBANKING,4,1,0.25,0,2,TIER_3_HIGH_RISK,0.447,0,1,16,1
ord_19426807,cust_607026,670.93,COD,0,0,0.0,1,1,TIER_1_METRO,0.893,1,2,8,1
ord_93418136,cust_600269,888.84,COD,0,0,0.0,1,1,TIER_2,0.909,0,1,12,1
ord_98866329,cust_629222,4054.13,UPI,0,0,0.0,1,1,TIER_2,0.961,0,2,18,0
ord_61766378,cust_184079,5023.33,COD,4,0,0.0,0,2,TIER_2,0.788,1,3,21,0
ord_32978935,cust_402838,1068.17,UPI,0,0,0.0,1,1,TIER_1_METRO,0.891,2,3,19,0
ord_69844250,cust_902498,2473.43,UPI,0,0,0.0,1,1,TIER_1_METRO,0.592,0,1,23,0
ord_95768066,cust_975137,269.03,COD,3,0,0.0,0,1,TIER_1_METRO,0.919,0,4,9,0
ord_65640716,cust_500414,736.72,UPI,13,0,0.0,0,1,TIER_1_METRO,0.714,2,1,23,0
ord_62212000,cust_834707,2343.77,COD,8,2,0.25,0,1,TIER_1_METRO,0.888,1,1,15,0
ord_14294329,cust_243573,1306.41,COD,0,0,0.0,1,1,TIER_2,0.96,3,2,8,1
ord_79701967,cust_203397,1663.75,COD,7,0,0.0,0,1,TIER_2,0.925,0,1,14,0
ord_27151560,cust_508417,1495.67,COD,5,0,0.0,0,2,TIER_2,0.914,1,1,6,0
ord_51400302,cust_616656,529.84,CARD,11,0,0.0,0,1,TIER_2,0.641,0,1,2,0
ord_66226686,cust_453807,730.78,CARD,13,0,0.0,0,2,TIER_3_HIGH_RISK,0.754,0,2,0,0
ord_32295574,cust_831870,1384.94,CARD,0,0,0.0,1,1,TIER_1_METRO,0.835,0,1,2,0
ord_10308617,cust_546171,613.74,UPI,0,0,0.0,1,1,TIER_1_METRO,0.893,2,1,3,0
ord_65208971,cust_282636,2451.92,UPI,19,3,0.1579,0,1,TIER_3_HIGH_RISK,0.394,0,1,5,0
ord_19247076,cust_466708,2734.25,CARD,0,0,0.0,1,1,TIER_3_HIGH_RISK,0.672,0,3,15,0
ord_21504456,cust_936776,568.28,UPI,8,0,0.0,0,1,TIER_2,0.424,0,2,6,0
ord_19615754,cust_446361,3015.96,COD,0,0,0.0,1,1,TIER_2,0.688,2,2,13,0
ord_12459507,cust_285406,1714.42,UPI,0,0,0.0,1,2,TIER_1_METRO,0.756,0,2,6,0
ord_89123995,cust_411466,1101.06,CARD,9,2,0.2222,0,2,TIER_3_HIGH_RISK,0.421,0,1,0,1
ord_43319676,cust_796584,3770.92,COD,2,0,0.0,0,2,TIER_2,0.675,0,1,3,0
ord_40715395,cust_873393,2322.92,UPI,1,0,0.0,0,2,TIER_2,0.82,0,1,22,0
ord_35243818,cust_953539,2231.76,CARD,2,0,0.0,0,1,TIER_1_METRO,0.989,2,1,21,0
ord_41785895,cust_686643,902.89,CARD,0,0,0.0,1,1,TIER_3_HIGH_RISK,0.72,0,1,14,0
ord_77284075,cust_878628,885.21,COD,5,1,0.2,0,2,TIER_1_METRO,0.718,1,2,4,0
ord_41073264,cust_433296,1498.92,COD,0,0,0.0,1,3,TIER_1_METRO,0.825,0,5,7,1
ord_94212996,cust_500623,2593.22,COD,9,0,0.0,0,2,TIER_2,0.283,2,4,18,0
ord_35897482,cust_461981,1969.66,NETBANKING,7,0,0.0,0,1,TIER_2,0.869,0,2,23,0
ord_58226615,cust_148070,1192.88,COD,9,0,0.0,0,1,TIER_2,0.929,0,2,2,0
ord_43920531,cust_170272,4233.14,COD,0,0,0.0,1,2,TIER_2,0.846,0,1,7,1
ord_65066980,cust_570929,810.47,UPI,11,0,0.0,0,1,TIER_2,0.935,0,1,14,0
ord_72550627,cust_493769,692.88,COD,3,0,0.0,0,1,TIER_1_METRO,0.565,0,2,10,0
ord_39859883,cust_393904,1459.07,COD,5,0,0.0,0,2,TIER_1_METRO,0.966,1,1,11,0
ord_92932385,cust_136079,925.08,UPI,0,0,0.0,1,1,TIER_2,0.599,1,1,12,0
ord_67863492,cust_537239,917.4,NETBANKING,15,0,0.0,0,1,TIER_1_METRO,0.357,0,3,21,0
ord_69248434,cust_571069,1482.33,CARD,1,0,0.0,0,2,TIER_3_HIGH_RISK,0.403,0,2,2,0
ord_88550238,cust_326406,1490.91,COD,9,0,0.0,0,1,TIER_2,0.788,0,8,21,0
ord_96478520,cust_698923,956.45,UPI,3,0,0.0,0,1,TIER_1_METRO,0.871,0,3,21,0
ord_82265083,cust_910463,2399.2,UPI,0,0,0.0,1,1,TIER_2,0.449,0,2,10,0
ord_58297495,cust_865962,1744.98,UPI,0,0,0.0,1,1,TIER_2,0.944,3,3,18,0
ord_86429247,cust_786133,755.97,COD,7,1,0.1429,0,1,TIER_1_METRO,0.72,0,1,16,0
ord_45782098,cust_299795,495.5,CARD,5,0,0.0,0,1,TIER_3_HIGH_RISK,0.422,1,1,18,0
ord_63410690,cust_697446,1016.78,NETBANKING,3,0,0.0,0,1,TIER_1_METRO,0.606,1,1,23,0
ord_88665231,cust_889417,1599.46,UPI,5,0,0.0,0,1,TIER_2,0.764,0,2,23,0
ord_49787982,cust_412100,777.14,UPI,7,0,0.0,0,1,TIER_3_HIGH_RISK,0.621,0,1,6,0
ord_23022270,cust_977481,683.69,UPI,12,1,0.0833,0,1,TIER_1_METRO,0.768,0,1,21,0
ord_63628551,cust_186675,4460.03,UPI,0,0,0.0,1,1,TIER_1_METRO,0.957,1,4,12,0
ord_37609269,cust_656516,2358.81,COD,2,0,0.0,0,2,TIER_1_METRO,0.619,1,2,11,1
ord_99803134,cust_802440,482.31,UPI,12,0,0.0,0,1,TIER_2,0.819,0,1,8,0
ord_69529451,cust_862570,827.88,COD,0,0,0.0,1,1,TIER_1_METRO,0.688,0,1,7,0
ord_39335471,cust_192154,1736.4,CARD,0,0,0.0,1,1,TIER_3_HIGH_RISK,0.711,1,2,4,1
ord_66761259,cust_952132,954.06,COD,0,0,0.0,1,1,TIER_1_METRO,0.693,2,1,3,0
ord_48177208,cust_521744,1559.58,COD,0,0,0.0,1,1,TIER_1_METRO,0.857,2,1,13,0
ord_92344817,cust_243622,1595.23,UPI,5,0,0.0,0,1,TIER_1_METRO,0.812,0,1,16,0
ord_43222265,cust_530802,1157.84,UPI,7,0,0.0,0,1,TIER_1_METRO,0.57,1,1,20,0
ord_99703756,cust_902047,669.73,COD,6,0,0.0,0,1,TIER_1_METRO,0.931,0,2,2,0
ord_47841814,cust_696715,2226.01,UPI,0,0,0.0,1,1,TIER_3_HIGH_RISK,0.738,1,1,13,1
ord_21959322,cust_902963,1768.73,UPI,0,0,0.0,1,4,TIER_1_METRO,0.857,1,2,15,1
ord_99097673,cust_465296,343.87,UPI,5,0,0.0,0,2,TIER_1_METRO,0.795,0,2,2,0
ord_34096114,cust_695910,1033.46,COD,0,0,0.0,1,1,TIER_2,0.954,1,1,22,1
ord_93261970,cust_263122,659.31,UPI,5,0,0.0,0,1,TIER_1_METRO,0.79,2,4,23,0
ord_32383810,cust_484382,3256.78,UPI,3,0,0.0,0,1,TIER_1_METRO,0.885,0,1,21,0
ord_21683982,cust_248317,1002.32,UPI,0,0,0.0,1,1,TIER_2,0.812,2,3,20,0
ord_57685442,cust_798560,2866.35,COD,0,0,0.0,1,1,TIER_2,0.552,1,1,20,0
ord_72738549,cust_230538,754.64,COD,0,0,0.0,1,7,TIER_1_METRO,0.947,2,4,14,1
ord_47203676,cust_506885,3100.98,CARD,0,0,0.0,1,1,TIER_2,0.752,0,2,3,1
ord_59756120,cust_273804,2542.25,COD,0,0,0.0,1,1,TIER_2,0.873,2,1,2,1
ord_93977736,cust_840870,896.18,UPI,5,1,0.2,0,1,TIER_2,0.898,1,1,22,0
ord_69974585,cust_832382,1216.1,UPI,0,0,0.0,1,1,TIER_3_HIGH_RISK,0.689,1,1,2,0
ord_68792475,cust_439003,738.77,COD,6,0,0.0,0,1,TIER_1_METRO,0.842,1,4,5,0
ord_98703610,cust_664153,742.2,UPI,1,0,0.0,0,1,TIER_1_METRO,0.615,1,1,9,0
ord_38906038,cust_504255,1047.14,COD,6,0,0.0,0,1,TIER_2,0.732,2,1,18,0
ord_27583780,cust_984015,2929.01,COD,4,0,0.0,0,2,TIER_2,0.414,0,1,20,0
ord_71753617,cust_295333,1732.15,COD,6,0,0.0,0,1,TIER_3_HIGH_RISK,0.747,1,1,5,0
ord_62995264,cust_214919,487.96,NETBANKING,6,0,0.0,0,1,TIER_2,0.763,1,3,15,0
ord_27658253,cust_243361,249.0,CARD,8,1,0.125,0,1,TIER_2,0.376,0,1,6,1
ord_71161815,cust_508965,371.88,COD,0,0,0.0,1,1,TIER_2,0.878,0,3,17,1
ord_38899868,cust_909138,860.65,UPI,15,0,0.0,0,1,TIER_1_METRO,0.772,0,1,16,0
ord_77658530,cust_725058,1475.78,NETBANKING,7,0,0.0,0,2,TIER_1_METRO,0.775,0,2,0,0
ord_62441466,cust_938600,578.73,COD,4,0,0.0,0,1,TIER_2,0.677,1,2,10,0
ord_87327760,cust_395906,594.26,COD,3,1,0.3333,0,2,TIER_3_HIGH_RISK,0.69,0,2,2,1
ord_77976702,cust_649667,696.77,COD,7,2,0.2857,0,1,TIER_1_METRO,0.851,3,1,5,1
ord_15868518,cust_106309,3537.64,UPI,0,0,0.0,1,3,TIER_3_HIGH_RISK,0.703,2,3,0,1
ord_91216090,cust_783755,4951.88,UPI,0,0,0.0,1,2,TIER_1_METRO,0.675,1,1,7,0
ord_55618794,cust_209660,959.34,CARD,10,0,0.0,0,1,TIER_1_METRO,0.91,1,1,2,0
ord_47965477,cust_129218,2622.48,COD,4,0,0.0,0,2,TIER_1_METRO,0.693,3,1,8,0
ord_83478417,cust_216254,4430.82,UPI,0,0,0.0,1,2,TIER_3_HIGH_RISK,0.654,0,1,1,1
ord_90155332,cust_823439,606.71,COD,6,0,0.0,0,1,TIER_1_METRO,0.757,2,2,10,0
ord_68594823,cust_289939,779.6,COD,1,0,0.0,0,1,TIER_1_METRO,0.602,2,1,6,0
ord_10667538,cust_964465,464.89,COD,3,0,0.0,0,1,TIER_1_METRO,0.565,2,2,10,0
ord_27045818,cust_132822,1274.12,UPI,8,0,0.0,0,2,TIER_1_METRO,0.784,2,2,10,0
ord_60760636,cust_896247,2181.32,UPI,9,0,0.0,0,2,TIER_1_METRO,0.538,2,1,20,0
ord_81970146,cust_951638,1528.08,COD,2,0,0.0,0,1,TIER_3_HIGH_RISK,0.728,2,1,18,1
ord_75586411,cust_394458,649.65,CARD,3,0,0.0,0,1,TIER_1_METRO,0.552,0,2,0,0
ord_41198324,cust_413073,1955.1,UPI,2,0,0.0,0,1,TIER_1_METRO,0.852,1,2,6,1
ord_89694571,cust_669931,436.69,UPI,10,0,0.0,0,2,TIER_1_METRO,0.98,0,3,8,0
ord_27393153,cust_329216,747.24,COD,0,0,0.0,1,1,TIER_1_METRO,0.901,0,2,23,0
ord_14768026,cust_423022,1014.4,COD,0,0,0.0,1,1,TIER_1_METRO,0.592,1,4,22,0
ord_98021634,cust_487581,1134.86,COD,3,0,0.0,0,1,TIER_1_METRO,0.883,0,1,10,0
ord_99973675,cust_883577,2169.52,UPI,2,0,0.0,0,1,TIER_1_METRO,0.882,1,5,0,0
ord_75096075,cust_297937,519.84,COD,4,0,0.0,0,1,TIER_1_METRO,0.609,0,2,2,0
ord_16773329,cust_804875,359.03,COD,7,0,0.0,0,4,TIER_1_METRO,0.955,0,1,5,0
ord_11467256,cust_424437,3173.85,CARD,0,0,0.0,1,1,TIER_1_METRO,0.88,1,2,22,0
ord_96820397,cust_839435,317.7,UPI,8,1,0.125,0,1,TIER_3_HIGH_RISK,0.768,2,3,0,1
ord_42530400,cust_549423,3955.85,COD,0,0,0.0,1,1,TIER_3_HIGH_RISK,0.701,1,1,5,0
ord_81932280,cust_969757,2910.52,COD,0,0,0.0,1,3,TIER_2,0.781,3,8,5,1
ord_78660194,cust_361041,563.54,UPI,12,0,0.0,0,3,TIER_2,0.987,0,1,0,0
ord_29655820,cust_450933,1117.56,COD,7,2,0.2857,0,1,TIER_1_METRO,0.899,0,1,12,0
ord_45424315,cust_639972,626.25,UPI,5,1,0.2,0,1,TIER_2,0.8,0,5,8,0
ord_73967150,cust_468225,566.4,UPI,0,0,0.0,1,2,TIER_2,0.616,0,3,6,0
ord_49425136,cust_885183,613.03,CARD,12,1,0.0833,0,1,TIER_1_METRO,0.598,0,1,23,0
ord_39993782,cust_361272,603.64,UPI,0,0,0.0,1,1,TIER_1_METRO,0.937,2,1,5,0
ord_24367204,cust_640609,1056.64,UPI,4,0,0.0,0,1,TIER_2,0.862,1,1,16,0
ord_75250123,cust_872874,1106.09,COD,10,1,0.1,0,1,TIER_2,0.534,1,1,16,0
ord_47407771,cust_187897,3929.37,UPI,2,0,0.0,0,1,TIER_1_METRO,0.734,2,1,6,0
ord_57192083,cust_838936,3662.1,COD,8,0,0.0,0,4,TIER_3_HIGH_RISK,0.688,0,1,12,1
ord_54087791,cust_348134,808.74,COD,0,0,0.0,1,1,TIER_1_METRO,0.777,1,1,19,1
ord_36704425,cust_983511,15586.0,COD,0,0,0.0,1,2,TIER_2,0.851,0,4,14,1
ord_69366531,cust_498944,1405.89,UPI,14,0,0.0,0,1,TIER_2,0.893,0,3,13,0
ord_64702250,cust_709778,1212.19,COD,0,0,0.0,1,1,TIER_3_HIGH_RISK,0.686,0,3,18,1
ord_94084190,cust_455474,2212.59,CARD,9,0,0.0,0,1,TIER_1_METRO,0.614,1,2,17,0
ord_59848270,cust_863070,2706.17,UPI,1,0,0.0,0,1,TIER_2,0.926,1,2,11,0
ord_13465495,cust_310670,1538.68,COD,0,0,0.0,1,1,TIER_1_METRO,0.433,1,2,4,1
ord_95103140,cust_712545,1197.23,UPI,12,0,0.0,0,1,TIER_3_HIGH_RISK,0.541,0,1,3,0
ord_80508448,cust_421133,1877.08,COD,9,1,0.1111,0,1,TIER_3_HIGH_RISK,0.352,0,1,6,1
ord_32419480,cust_972288,1050.57,NETBANKING,1,0,0.0,0,1,TIER_1_METRO,0.887,0,4,14,0
ord_13726713,cust_552517,1394.73,UPI,0,0,0.0,1,1,TIER_1_METRO,0.593,2,1,2,0
ord_60543111,cust_160896,351.45,COD,2,0,0.0,0,1,TIER_2,0.499,3,1,10,1
ord_27337859,cust_633881,1018.7,COD,0,0,0.0,1,4,TIER_3_HIGH_RISK,0.833,1,1,12,1
ord_82350548,cust_183804,874.49,COD,0,0,0.0,1,2,TIER_2,0.831,1,1,1,0
ord_91805906,cust_526208,344.94,UPI,10,0,0.0,0,1,TIER_2,0.761,0,1,17,0
ord_31172318,cust_633893,954.8,UPI,0,0,0.0,1,3,TIER_2,0.429,1,4,16,1
ord_62420967,cust_980480,2333.85,CARD,0,0,0.0,1,1,TIER_1_METRO,0.955,0,1,16,1
ord_99804422,cust_220469,414.71,COD,0,0,0.0,1,1,TIER_2,0.937,1,1,4,0
ord_10614101,cust_223441,1626.76,COD,0,0,0.0,1,4,TIER_2,0.621,0,1,4,1
ord_98359294,cust_845662,1518.2,COD,0,0,0.0,1,1,TIER_1_METRO,0.64,0,3,4,0
ord_28727583,cust_628446,1700.32,UPI,12,0,0.0,0,2,TIER_2,0.897,0,2,11,0
ord_31523136,cust_613207,458.22,COD,0,0,0.0,1,1,TIER_1_METRO,0.861,1,1,5,0
ord_96762317,cust_103841,3285.08,UPI,0,0,0.0,1,1,TIER_1_METRO,0.686,0,1,14,0
ord_32312344,cust_736045,1309.0,CARD,3,0,0.0,0,1,TIER_1_METRO,0.85,0,1,6,0
ord_81270324,cust_603015,3817.31,COD,1,0,0.0,0,3,TIER_3_HIGH_RISK,0.578,0,1,3,1
ord_74650154,cust_289579,2020.41,CARD,4,0,0.0,0,1,TIER_1_METRO,0.802,1,1,7,0
ord_42775006,cust_370445,2161.92,COD,0,0,0.0,1,1,TIER_2,0.609,1,1,13,0
ord_53842483,cust_254946,2358.61,UPI,7,0,0.0,0,4,TIER_1_METRO,0.883,0,4,4,0
ord_77792893,cust_514976,764.46,UPI,0,0,0.0,1,1,TIER_3_HIGH_RISK,0.822,2,1,22,1
ord_59840603,cust_563539,886.38,CARD,8,0,0.0,0,1,TIER_3_HIGH_RISK,0.773,0,1,17,0
ord_57891710,cust_571399,1198.55,COD,3,0,0.0,0,1,TIER_1_METRO,0.824,0,1,9,1
ord_23735021,cust_499987,1014.48,COD,7,0,0.0,0,1,TIER_2,0.628,0,1,3,0
ord_33740482,cust_822193,989.78,COD,2,0,0.0,0,1,TIER_3_HIGH_RISK,0.872,2,1,17,1
ord_40016158,cust_324045,1146.99,COD,0,0,0.0,1,1,TIER_1_METRO,0.611,0,2,18,0
ord_97931801,cust_590994,1419.52,CARD,11,0,0.0,0,3,TIER_1_METRO,0.497,1,2,1,0
ord_68499047,cust_606945,1414.82,NETBANKING,10,0,0.0,0,1,TIER_2,0.679,0,1,21,0
ord_72755985,cust_794096,571.59,UPI,9,3,0.3333,0,1,TIER_2,0.579,0,1,18,0
ord_11308507,cust_483276,443.21,COD,3,0,0.0,0,3,TIER_2,0.847,2,1,23,1
ord_84467919,cust_595162,1295.35,UPI,0,0,0.0,1,1,TIER_1_METRO,0.988,3,2,10,0
ord_79863927,cust_996606,1015.47,UPI,0,0,0.0,1,1,TIER_1_METRO,0.692,0,5,15,0
ord_39697894,cust_296166,2452.58,CARD,15,0,0.0,0,2,TIER_1_METRO,0.94,0,1,20,0
ord_20763861,cust_305180,831.44,COD,0,0,0.0,1,1,TIER_2,0.873,0,1,7,0
ord_68349503,cust_500704,1087.82,COD,0,0,0.0,1,1,TIER_3_HIGH_RISK,0.604,0,1,14,1
ord_83934575,cust_807883,324.37,COD,18,1,0.0556,0,2,TIER_1_METRO,0.624,1,3,15,0
ord_89163104,cust_120077,948.84,NETBANKING,0,0,0.0,1,1,TIER_3_HIGH_RISK,0.509,2,1,10,1
ord_55153952,cust_857624,2161.84,UPI,1,0,0.0,0,1,TIER_3_HIGH_RISK,0.592,0,3,1,0
ord_80690175,cust_969221,2390.23,UPI,0,0,0.0,1,2,TIER_2,0.664,0,1,7,0
ord_95433013,cust_591969,1377.91,CARD,5,0,0.0,0,1,TIER_3_HIGH_RISK,0.475,1,1,21,0
ord_33186579,cust_642040,1370.9,UPI,0,0,0.0,1,1,TIER_2,0.968,0,1,21,0
ord_25905769,cust_146652,2942.57,UPI,0,0,0.0,1,2,TIER_2,0.815,0,1,15,0
ord_64381878,cust_569773,3292.12,COD,9,0,0.0,0,1,TIER_2,0.903,0,1,11,0
ord_68445297,cust_761449,2603.72,COD,3,0,0.0,0,1,TIER_1_METRO,0.89,2,1,20,1
ord_66740577,cust_149008,314.6,COD,0,0,0.0,1,1,TIER_3_HIGH_RISK,0.5,0,1,2,1
ord_42442046,cust_112402,2770.67,CARD,0,0,0.0,1,2,TIER_2,0.862,0,1,5,0
ord_45700513,cust_213655,2243.0,COD,5,0,0.0,0,2,TIER_1_METRO,0.547,1,1,11,0
ord_87446900,cust_675512,1443.01,COD,0,0,0.0,1,1,TIER_2,0.575,0,1,13,1
ord_86589195,cust_542276,437.84,COD,3,2,0.6667,0,1,TIER_2,0.785,0,4,5,1
ord_98421025,cust_291735,3215.21,CARD,4,1,0.25,0,1,TIER_1_METRO,0.77,1,3,3,0
ord_31114003,cust_501914,1077.78,COD,0,0,0.0,1,2,TIER_2,0.581,1,3,19,0
ord_31584360,cust_676748,1057.68,CARD,0,0,0.0,1,2,TIER_1_METRO,0.753,1,3,17,0
ord_44018155,cust_771450,1410.53,UPI,0,0,0.0,1,1,TIER_2,0.732,0,4,2,1
ord_82336392,cust_100415,1103.03,CARD,0,0,0.0,1,2,TIER_3_HIGH_RISK,0.725,1,1,22,1
ord_14973064,cust_489871,997.09,COD,12,0,0.0,0,1,TIER_2,0.696,0,4,23,0
ord_57719804,cust_572194,795.92,CARD,0,0,0.0,1,1,TIER_3_HIGH_RISK,0.651,0,2,21,0
ord_71762654,cust_701643,2669.16,COD,13,0,0.0,0,1,TIER_1_METRO,0.792,0,1,9,0
ord_57367764,cust_195987,1837.59,COD,0,0,0.0,1,1,TIER_3_HIGH_RISK,0.512,0,3,1,1
ord_10931253,cust_912525,875.61,COD,5,0,0.0,0,1,TIER_3_HIGH_RISK,0.436,0,1,23,1
ord_52772387,cust_898086,2685.76,UPI,0,0,0.0,1,1,TIER_2,0.884,0,2,20,0
ord_11157260,cust_824078,1038.18,COD,0,0,0.0,1,4,TIER_1_METRO,0.731,2,1,11,1
ord_17249127,cust_300122,5223.11,CARD,21,0,0.0,0,1,TIER_3_HIGH_RISK,0.729,1,1,4,0
ord_51765312,cust_861595,350.3,COD,6,0,0.0,0,1,TIER_1_METRO,0.702,2,1,13,0
ord_69057344,cust_943009,1119.81,UPI,6,2,0.3333,0,1,TIER_2,0.798,3,2,3,0
ord_42285676,cust_911062,4876.15,COD,0,0,0.0,1,1,TIER_2,0.973,1,1,14,1
ord_49748835,cust_604924,1037.95,COD,2,0,0.0,0,1,TIER_1_METRO,0.669,0,1,12,0
ord_53778108,cust_823040,1085.31,UPI,3,0,0.0,0,1,TIER_1_METRO,0.665,2,1,8,0
ord_69684467,cust_541192,1176.39,NETBANKING,4,1,0.25,0,1,TIER_3_HIGH_RISK,0.726,0,1,13,1
ord_74709239,cust_685760,3300.76,CARD,6,0,0.0,0,1,TIER_2,0.875,2,1,21,0
ord_32098345,cust_176625,744.92,COD,1,0,0.0,0,1,TIER_3_HIGH_RISK,0.54,0,1,6,1
ord_14926788,cust_661023,1453.43,CARD,6,0,0.0,0,1,TIER_1_METRO,0.723,1,1,3,0
ord_78457758,cust_353048,2066.86,COD,11,0,0.0,0,1,TIER_2,0.532,2,1,19,0
ord_21377787,cust_673367,419.05,COD,2,0,0.0,0,1,TIER_2,0.771,3,1,8,1
ord_19939139,cust_855715,755.36,UPI,12,0,0.0,0,2,TIER_1_METRO,0.815,1,2,5,0
ord_32659761,cust_920188,408.36,COD,6,0,0.0,0,1,TIER_1_METRO,0.929,1,2,22,0
ord_28742845,cust_772298,4448.58,COD,3,0,0.0,0,2,TIER_1_METRO,0.925,0,1,12,1
ord_82846444,cust_473722,1008.17,UPI,7,0,0.0,0,3,TIER_1_METRO,0.548,0,2,23,0
ord_73852247,cust_335077,1124.63,COD,0,0,0.0,1,1,TIER_3_HIGH_RISK,0.627,1,1,6,1
ord_23356632,cust_670093,1455.31,COD,5,0,0.0,0,1,TIER_1_METRO,0.798,0,1,8,0
ord_49898334,cust_501210,726.56,CARD,0,0,0.0,1,1,TIER_1_METRO,0.967,1,1,18,0
ord_85935097,cust_750329,1737.18,COD,0,0,0.0,1,2,TIER_2,0.949,0,1,8,1
ord_56374447,cust_896282,969.38,UPI,11,1,0.0909,0,1,TIER_3_HIGH_RISK,0.663,0,5,1,0
ord_21618627,cust_200020,796.73,COD,2,0,0.0,0,1,TIER_2,0.637,2,3,23,1
ord_81990042,cust_163535,4246.32,UPI,6,1,0.1667,0,2,TIER_1_METRO,0.508,0,1,20,0
ord_64564054,cust_194176,632.39,COD,8,0,0.0,0,1,TIER_1_METRO,0.955,0,1,0,0
ord_75586599,cust_306924,4485.62,NETBANKING,4,0,0.0,0,1,TIER_2,0.809,0,2,22,0
ord_35381224,cust_108177,2189.15,COD,6,1,0.1667,0,1,TIER_2,0.911,0,1,1,1
ord_38267184,cust_686463,1076.24,NETBANKING,0,0,0.0,1,1,TIER_1_METRO,0.959,0,4,7,0
ord_57850326,cust_825267,2604.06,COD,0,0,0.0,1,1,TIER_2,0.885,0,1,1,1
ord_34592105,cust_270932,4577.32,UPI,0,0,0.0,1,1,TIER_3_HIGH_RISK,0.373,2,1,0,1
ord_44045504,cust_722992,1067.6,UPI,5,0,0.0,0,1,TIER_2,0.654,1,1,3,0
ord_43808475,cust_329561,1706.89,COD,0,0,0.0,1,1,TIER_3_HIGH_RISK,0.716,0,1,11,1
ord_63731266,cust_150955,724.4,CARD,8,0,0.0,0,1,TIER_3_HIGH_RISK,0.465,0,1,21,1
ord_45931061,cust_336346,3047.09,COD,3,0,0.0,0,1,TIER_3_HIGH_RISK,0.615,0,1,1,1
ord_64398860,cust_418558,6459.07,UPI,0,0,0.0,1,1,TIER_3_HIGH_RISK,0.523,1,5,19,0
ord_40904375,cust_159668,1258.44,CARD,0,0,0.0,1,2,TIER_2,0.791,1,1,14,0
ord_55464342,cust_731565,487.18,COD,0,0,0.0,1,1,TIER_2,0.669,1,2,12,1
ord_57364509,cust_175842,1033.36,UPI,0,0,0.0,1,2,TIER_1_METRO,0.875,1,1,6,0
ord_20367257,cust_762657,898.69,UPI,0,0,0.0,1,1,TIER_2,0.627,2,1,4,0
ord_50339104,cust_906702,2376.58,CARD,0,0,0.0,1,1,TIER_1_METRO,0.633,0,1,7,0
ord_89612833,cust_461770,1746.47,UPI,10,1,0.1,0,1,TIER_2,0.777,0,1,8,0
ord_36293184,cust_524504,1018.94,UPI,7,0,0.0,0,1,TIER_3_HIGH_RISK,0.623,0,1,3,0
ord_32736538,cust_203722,1342.58,UPI,3,0,0.0,0,1,TIER_1_METRO,0.806,0,2,23,0
ord_44381012,cust_137126,249.0,UPI,0,0,0.0,1,2,TIER_1_METRO,0.721,0,2,9,0
ord_34733272,cust_756023,1639.56,COD,0,0,0.0,1,1,TIER_2,0.975,1,1,18,0
ord_77896464,cust_930821,618.56,COD,0,0,0.0,1,1,TIER_3_HIGH_RISK,0.849,1,1,6,1
ord_97103276,cust_684944,889.92,UPI,11,5,0.4545,0,1,TIER_3_HIGH_RISK,0.493,0,4,13,0
ord_13033349,cust_866355,3418.13,COD,2,0,0.0,0,1,TIER_1_METRO,0.762,2,1,3,1
ord_18762127,cust_509421,655.94,COD,8,3,0.375,0,1,TIER_1_METRO,0.729,0,1,20,0
ord_67021206,cust_539090,841.01,COD,4,2,0.5,0,1,TIER_3_HIGH_RISK,0.471,1,1,22,1
ord_63997927,cust_166473,1107.63,UPI,3,0,0.0,0,1,TIER_1_METRO,0.653,0,1,16,0
ord_42557230,cust_793556,1363.05,UPI,13,0,0.0,0,1,TIER_2,0.992,1,2,23,0
ord_57149071,cust_378796,1765.81,COD,0,0,0.0,1,3,TIER_2,0.935,1,1,21,1
ord_80302660,cust_282206,541.22,UPI,2,0,0.0,0,2,TIER_2,0.631,0,1,5,0
ord_52211548,cust_950262,757.13,COD,0,0,0.0,1,1,TIER_1_METRO,0.815,2,2,19,0
ord_55611548,cust_433777,5009.25,UPI,2,0,0.0,0,1,TIER_2,0.583,0,1,12,0
ord_56351395,cust_403350,746.31,CARD,5,0,0.0,0,1,TIER_1_METRO,0.885,0,2,10,0
ord_75841580,cust_760404,2168.38,COD,8,0,0.0,0,1,TIER_1_METRO,0.583,0,1,9,0
ord_50801245,cust_149948,1706.46,UPI,4,0,0.0,0,2,TIER_2,0.635,1,5,8,0
ord_80343363,cust_182209,710.77,UPI,14,1,0.0714,0,1,TIER_3_HIGH_RISK,0.437,0,1,14,0
ord_40596308,cust_394542,843.01,UPI,0,0,0.0,1,1,TIER_3_HIGH_RISK,0.635,0,2,17,0
ord_91447632,cust_686749,2212.85,COD,0,0,0.0,1,1,TIER_3_HIGH_RISK,0.392,1,1,16,0
ord_79574460,cust_741137,1434.99,UPI,7,0,0.0,0,1,TIER_3_HIGH_RISK,0.643,1,1,21,0
ord_97375630,cust_480836,998.23,UPI,0,0,0.0,1,1,TIER_2,0.758,0,5,3,0
ord_89990594,cust_939941,1267.05,CARD,1,0,0.0,0,1,TIER_2,0.865,1,1,12,0
ord_13138145,cust_512126,433.02,UPI,0,0,0.0,1,1,TIER_1_METRO,0.884,0,3,19,0
ord_94678410,cust_770207,2817.48,COD,6,0,0.0,0,1,TIER_1_METRO,0.809,1,2,23,0
ord_29164528,cust_720514,1203.22,COD,0,0,0.0,1,3,TIER_1_METRO,0.484,2,4,10,0
ord_37781704,cust_419996,903.03,UPI,3,0,0.0,0,1,TIER_2,0.819,0,1,18,0
ord_75244261,cust_707769,916.98,COD,7,0,0.0,0,1,TIER_2,0.482,1,8,14,0
ord_31623329,cust_972231,952.03,COD,0,0,0.0,1,1,TIER_2,0.571,0,1,20,1
ord_64706505,cust_592696,855.07,COD,5,0,0.0,0,3,TIER_2,0.624,1,4,20,0
ord_61590272,cust_785929,1467.24,COD,2,0,0.0,0,1,TIER_2,0.569,1,1,2,1
ord_37893802,cust_869794,2274.99,COD,0,0,0.0,1,1,TIER_1_METRO,0.831,1,3,2,0
ord_65191993,cust_807564,608.66,COD,5,1,0.2,0,7,TIER_1_METRO,0.709,2,4,20,1
ord_24550703,cust_370896,2627.33,COD,9,0,0.0,0,1,TIER_1_METRO,0.693,0,1,21,0
ord_96149637,cust_743549,3181.76,COD,0,0,0.0,1,2,TIER_3_HIGH_RISK,0.843,2,4,8,1
ord_37355826,cust_486794,650.26,COD,0,0,0.0,1,1,TIER_2,0.896,0,1,16,1
ord_54969434,cust_207721,632.01,NETBANKING,0,0,0.0,1,1,TIER_2,0.735,1,1,6,0
ord_83632093,cust_513742,3447.03,COD,3,0,0.0,0,1,TIER_2,0.864,0,4,4,0
ord_22841272,cust_914110,4629.66,UPI,0,0,0.0,1,5,TIER_1_METRO,0.898,1,2,6,1
ord_60525850,cust_133435,2083.46,UPI,8,0,0.0,0,1,TIER_2,0.898,0,1,11,0
ord_54474126,cust_917847,979.39,CARD,5,0,0.0,0,1,TIER_1_METRO,0.756,0,8,1,0
ord_28010603,cust_974966,1272.94,UPI,0,0,0.0,1,4,TIER_1_METRO,0.79,0,1,4,1
ord_34134159,cust_622912,7344.46,UPI,0,0,0.0,1,3,TIER_1_METRO,0.912,0,1,3,0
ord_29433354,cust_220522,2057.85,UPI,9,0,0.0,0,1,TIER_3_HIGH_RISK,0.82,1,2,10,0
ord_62311991,cust_156492,2417.81,COD,5,0,0.0,0,1,TIER_3_HIGH_RISK,0.642,1,5,16,0
ord_52639398,cust_319015,708.64,NETBANKING,0,0,0.0,1,1,TIER_1_METRO,0.658,0,3,5,0
ord_73077612,cust_268535,1588.36,COD,5,0,0.0,0,1,TIER_2,0.419,1,2,0,0
ord_24673090,cust_936978,249.0,UPI,0,0,0.0,1,1,TIER_1_METRO,0.711,1,1,22,0
ord_98404542,cust_317022,3795.69,COD,3,1,0.3333,0,2,TIER_1_METRO,0.914,1,4,21,1
ord_65087645,cust_868475,2273.53,UPI,9,0,0.0,0,1,TIER_2,0.566,1,4,20,0
ord_68139466,cust_911128,2565.54,UPI,0,0,0.0,1,2,TIER_2,0.56,0,1,20,0
ord_22697499,cust_802991,766.17,COD,12,1,0.0833,0,1,TIER_3_HIGH_RISK,0.343,2,1,1,1
ord_87038593,cust_635212,2894.85,NETBANKING,7,0,0.0,0,1,TIER_2,0.976,0,1,18,0
ord_20670216,cust_632327,1779.26,COD,3,0,0.0,0,3,TIER_1_METRO,0.831,2,2,23,0
ord_48918430,cust_366051,4744.13,CARD,0,0,0.0,1,2,TIER_3_HIGH_RISK,0.758,0,1,7,0
ord_63181958,cust_103590,2972.95,COD,2,0,0.0,0,1,TIER_2,0.988,1,1,14,0
ord_66356235,cust_679632,1147.94,UPI,3,0,0.0,0,1,TIER_2,0.838,0,3,0,1
ord_65922586,cust_888944,1210.25,CARD,7,0,0.0,0,2,TIER_1_METRO,0.879,0,1,7,0
ord_22344700,cust_529581,661.01,CARD,6,0,0.0,0,1,TIER_2,0.444,0,1,10,0
ord_94069228,cust_862717,1196.41,UPI,0,0,0.0,1,1,TIER_2,0.861,2,1,4,1
ord_75285250,cust_924283,1526.05,UPI,0,0,0.0,1,1,TIER_3_HIGH_RISK,0.804,0,1,3,1
ord_43716118,cust_775028,1014.85,UPI,1,0,0.0,0,1,TIER_2,0.763,0,2,6,1
ord_49467750,cust_309820,2550.46,COD,0,0,0.0,1,1,TIER_2,0.892,0,1,5,1
ord_90779375,cust_360529,798.57,UPI,6,0,0.0,0,1,TIER_2,0.782,0,1,0,0
ord_92568904,cust_948329,1207.47,UPI,2,1,0.5,0,4,TIER_2,0.706,1,1,23,1
ord_88972904,cust_384307,1926.5,COD,0,0,0.0,1,1,TIER_3_HIGH_RISK,0.846,2,1,15,1
ord_71555093,cust_996317,476.72,COD,0,0,0.0,1,1,TIER_1_METRO,0.653,2,1,2,0
ord_30435121,cust_242876,1353.1,UPI,0,0,0.0,1,1,TIER_1_METRO,0.918,0,1,14,0
ord_60629738,cust_648407,988.06,UPI,4,0,0.0,0,1,TIER_2,0.669,0,1,7,0
ord_30426495,cust_153076,4966.94,CARD,4,0,0.0,0,1,TIER_2,0.592,0,2,21,0
ord_57714803,cust_141104,2440.56,COD,11,0,0.0,0,1,TIER_3_HIGH_RISK,0.682,0,1,23,0
ord_15541543,cust_748691,706.32,UPI,2,0,0.0,0,3,TIER_2,0.974,1,1,4,0
ord_80560220,cust_126015,678.42,COD,0,0,0.0,1,1,TIER_2,0.782,2,1,17,0
ord_80274181,cust_720630,862.73,UPI,6,1,0.1667,0,3,TIER_1_METRO,0.845,1,1,18,1
ord_15755536,cust_687559,363.02,COD,5,0,0.0,0,1,TIER_2,0.975,0,3,0,0
ord_94673574,cust_190381,461.59,COD,5,0,0.0,0,1,TIER_3_HIGH_RISK,0.623,1,1,1,0
ord_45642494,cust_886369,843.18,UPI,0,0,0.0,1,1,TIER_3_HIGH_RISK,0.602,2,1,16,0
ord_13830121,cust_605931,2075.02,UPI,7,0,0.0,0,2,TIER_1_METRO,0.55,0,5,3,0
ord_93848831,cust_331602,493.1,CARD,7,0,0.0,0,1,TIER_1_METRO,0.94,2,3,5,0
ord_93428995,cust_576552,715.54,CARD,1,0,0.0,0,1,TIER_1_METRO,0.646,1,2,17,0
ord_86415031,cust_475581,632.18,CARD,2,0,0.0,0,1,TIER_2,0.723,1,1,21,0
ord_23283692,cust_788526,1247.17,CARD,10,1,0.1,0,2,TIER_3_HIGH_RISK,0.503,1,2,19,0
ord_55031629,cust_561235,868.48,UPI,4,0,0.0,0,1,TIER_2,0.565,2,2,22,0
ord_27550054,cust_186390,428.25,COD,0,0,0.0,1,3,TIER_2,0.771,0,3,0,1
ord_31272166,cust_235442,2411.66,COD,0,0,0.0,1,1,TIER_2,0.78,0,2,21,0
ord_29880139,cust_683439,1229.74,COD,0,0,0.0,1,1,TIER_3_HIGH_RISK,0.454,0,1,18,1
ord_83480196,cust_719140,2187.25,UPI,0,0,0.0,1,1,TIER_1_METRO,0.814,0,1,11,0
ord_23826382,cust_125775,1901.67,COD,3,0,0.0,0,1,TIER_1_METRO,0.733,0,2,3,1
ord_48836811,cust_239363,754.87,UPI,3,0,0.0,0,1,TIER_2,0.632,3,2,1,0
ord_67017965,cust_185058,4061.74,COD,8,0,0.0,0,1,TIER_1_METRO,0.559,0,1,15,0
ord_40670201,cust_415111,547.18,UPI,12,0,0.0,0,3,TIER_1_METRO,0.6,0,1,0,0
ord_74785345,cust_629650,1741.35,UPI,0,0,0.0,1,1,TIER_1_METRO,0.467,0,1,22,0
ord_87375359,cust_411689,249.0,COD,16,1,0.0625,0,1,TIER_2,0.624,0,1,14,0
ord_92743092,cust_492235,3953.7,COD,3,0,0.0,0,2,TIER_1_METRO,0.687,0,1,17,1
ord_49501580,cust_743346,916.94,UPI,7,0,0.0,0,1,TIER_1_METRO,0.847,0,1,7,0
ord_62827729,cust_372611,728.3,UPI,0,0,0.0,1,1,TIER_1_METRO,0.978,0,2,0,0
ord_29339070,cust_652587,2810.98,COD,2,0,0.0,0,1,TIER_2,0.816,0,1,20,0
ord_75336857,cust_371993,1123.22,UPI,9,0,0.0,0,1,TIER_2,0.594,0,1,10,0
ord_54604238,cust_600929,1103.1,COD,0,0,0.0,1,1,TIER_3_HIGH_RISK,0.584,0,1,15,1
ord_69646035,cust_435415,1231.24,COD,3,0,0.0,0,1,TIER_1_METRO,0.512,1,1,14,0
ord_40759595,cust_792908,11297.0,COD,8,0,0.0,0,1,TIER_1_METRO,0.608,0,1,2,0
ord_31783250,cust_557088,2744.79,COD,22,1,0.0455,0,1,TIER_1_METRO,0.888,3,1,23,0
ord_62528504,cust_749756,1745.7,COD,1,0,0.0,0,2,TIER_2,0.584,3,1,23,0
ord_50136263,cust_302780,5302.05,CARD,13,3,0.2308,0,1,TIER_2,0.851,0,2,10,0
ord_37534241,cust_217781,2314.7,COD,7,0,0.0,0,1,TIER_2,0.816,0,1,23,0
ord_92569165,cust_521426,921.78,COD,8,0,0.0,0,1,TIER_2,0.697,2,3,6,0
ord_93491791,cust_162778,3614.51,UPI,0,0,0.0,1,1,TIER_2,0.998,0,8,21,0
ord_21835157,cust_557044,584.41,COD,7,3,0.4286,0,1,TIER_2,0.824,1,3,14,1
ord_95612761,cust_223311,2561.89,COD,4,0,0.0,0,1,TIER_2,0.859,0,2,0,1
ord_16607691,cust_477014,3182.02,UPI,16,0,0.0,0,1,TIER_2,0.685,1,1,13,0
ord_71377257,cust_427873,952.18,UPI,0,0,0.0,1,1,TIER_1_METRO,0.695,0,1,19,0
ord_35139317,cust_255337,389.7,UPI,0,0,0.0,1,1,TIER_1_METRO,0.732,0,2,7,0
ord_97903721,cust_934311,1552.4,COD,0,0,0.0,1,1,TIER_1_METRO,0.685,0,3,1,0
ord_37274525,cust_915813,845.88,COD,5,1,0.2,0,1,TIER_2,0.719,1,3,11,1
ord_35192630,cust_880196,565.44,COD,2,0,0.0,0,2,TIER_2,0.92,0,4,21,1
ord_82035486,cust_654237,1446.77,UPI,3,0,0.0,0,1,TIER_1_METRO,0.423,0,2,8,0
ord_35836512,cust_698552,1075.85,UPI,0,0,0.0,1,4,TIER_3_HIGH_RISK,0.801,2,1,5,1
ord_51604850,cust_159090,1700.29,CARD,10,0,0.0,0,1,TIER_1_METRO,0.807,0,1,11,0
ord_24061279,cust_397428,620.9,UPI,10,2,0.2,0,1,TIER_2,0.505,1,2,15,0
ord_71144226,cust_977059,974.87,COD,3,0,0.0,0,1,TIER_2,0.819,0,2,5,0
ord_84335324,cust_789871,343.77,COD,12,0,0.0,0,1,TIER_1_METRO,0.73,1,5,15,0
ord_31872886,cust_453815,1694.75,UPI,0,0,0.0,1,1,TIER_3_HIGH_RISK,0.816,0,1,17,0
ord_40948143,cust_546710,2897.57,COD,1,0,0.0,0,1,TIER_2,0.793,0,1,14,0
ord_16774870,cust_457479,2322.11,COD,0,0,0.0,1,1,TIER_1_METRO,0.666,1,1,0,0
ord_27866316,cust_943976,1842.74,UPI,0,0,0.0,1,1,TIER_2,0.933,0,1,23,1
ord_17426041,cust_394524,505.17,CARD,9,0,0.0,0,1,TIER_1_METRO,0.827,0,1,3,0
ord_62044151,cust_549794,801.39,UPI,8,1,0.125,0,1,TIER_1_METRO,0.596,2,1,19,0
ord_23507188,cust_904891,1286.55,COD,12,1,0.0833,0,2,TIER_1_METRO,0.657,2,1,15,1
ord_27691444,cust_623518,1868.1,COD,13,0,0.0,0,1,TIER_1_METRO,0.666,3,3,5,0
ord_63440239,cust_644403,3148.73,CARD,4,0,0.0,0,1,TIER_3_HIGH_RISK,0.624,1,1,23,0
ord_24625666,cust_637868,2209.63,COD,9,0,0.0,0,1,TIER_1_METRO,0.609,1,2,18,0
ord_75034971,cust_936131,3458.19,COD,1,0,0.0,0,1,TIER_1_METRO,0.523,0,2,6,0
ord_51347022,cust_555919,765.46,COD,0,0,0.0,1,5,TIER_3_HIGH_RISK,0.586,0,8,9,1
ord_28132048,cust_208115,1065.55,UPI,0,0,0.0,1,3,TIER_2,0.73,0,1,3,1
ord_82999162,cust_754719,1896.27,UPI,1,0,0.0,0,1,TIER_2,0.897,0,1,20,0
ord_24301576,cust_728842,270.13,COD,15,0,0.0,0,1,TIER_1_METRO,0.666,1,2,18,0
ord_74276431,cust_359073,724.56,COD,16,1,0.0625,0,1,TIER_2,0.694,0,1,16,0
ord_31670920,cust_770729,1366.56,UPI,6,0,0.0,0,1,TIER_1_METRO,0.76,0,1,17,0
ord_72005983,cust_739963,985.15,UPI,3,0,0.0,0,1,TIER_3_HIGH_RISK,0.769,0,1,4,1
ord_63268246,cust_301157,621.28,COD,9,0,0.0,0,1,TIER_1_METRO,0.632,0,3,21,0
ord_26805885,cust_484379,4258.18,COD,5,0,0.0,0,2,TIER_2,0.892,0,1,0,1
ord_23784330,cust_234048,1337.4,UPI,3,0,0.0,0,1,TIER_3_HIGH_RISK,0.415,1,1,13,0
ord_35786480,cust_367131,1120.1,COD,12,1,0.0833,0,1,TIER_1_METRO,0.734,0,2,4,1
ord_39737667,cust_298343,1080.72,NETBANKING,8,0,0.0,0,1,TIER_2,0.867,2,1,14,0
ord_78359708,cust_488826,1089.11,COD,0,0,0.0,1,2,TIER_2,0.726,1,4,3,1
ord_81363431,cust_962645,981.84,UPI,6,0,0.0,0,3,TIER_3_HIGH_RISK,0.533,0,2,18,0
ord_41013300,cust_392592,1785.42,UPI,6,0,0.0,0,2,TIER_3_HIGH_RISK,0.77,0,4,6,0
ord_18905808,cust_373482,677.0,COD,0,0,0.0,1,1,TIER_1_METRO,0.875,0,1,5,0
ord_16736549,cust_104321,2285.98,COD,0,0,0.0,1,1,TIER_2,0.956,1,3,8,0
ord_17038170,cust_799738,1514.86,UPI,3,0,0.0,0,2,TIER_1_METRO,0.531,1,1,1,0
ord_80857552,cust_902365,735.99,UPI,2,0,0.0,0,1,TIER_2,0.657,1,3,6,0
ord_51434749,cust_619751,1059.89,COD,6,0,0.0,0,1,TIER_3_HIGH_RISK,0.878,0,4,4,0
ord_35461497,cust_255801,2103.61,UPI,7,0,0.0,0,1,TIER_1_METRO,0.469,0,2,15,0
ord_75090055,cust_106242,1240.65,COD,0,0,0.0,1,1,TIER_1_METRO,0.689,1,1,7,0
ord_48950796,cust_993320,2303.57,COD,4,0,0.0,0,1,TIER_2,0.229,0,1,5,0
ord_37106417,cust_955930,766.92,UPI,6,0,0.0,0,1,TIER_1_METRO,0.896,1,1,18,0
ord_83275858,cust_761062,469.65,CARD,8,2,0.25,0,1,TIER_2,0.943,1,1,18,0
ord_87882247,cust_148061,977.69,COD,4,0,0.0,0,1,TIER_2,0.444,0,1,11,1
ord_72666873,cust_363648,1769.56,COD,0,0,0.0,1,1,TIER_1_METRO,0.9,0,1,9,0
ord_74916908,cust_412093,998.05,UPI,2,0,0.0,0,1,TIER_1_METRO,0.647,1,3,19,0
ord_58524640,cust_971744,1645.2,COD,0,0,0.0,1,1,TIER_3_HIGH_RISK,0.712,2,2,19,1
ord_78859730,cust_670053,2557.18,UPI,6,2,0.3333,0,5,TIER_3_HIGH_RISK,0.579,0,1,15,1
ord_30334211,cust_902120,1227.02,UPI,6,0,0.0,0,2,TIER_3_HIGH_RISK,0.591,0,2,5,1
ord_49897301,cust_613994,1142.74,UPI,2,0,0.0,0,1,TIER_1_METRO,0.783,0,1,9,0
ord_57815641,cust_803091,545.77,COD,11,2,0.1818,0,2,TIER_2,0.962,0,1,7,1
ord_69365444,cust_267856,3669.63,COD,6,1,0.1667,0,1,TIER_1_METRO,0.839,0,3,19,0
ord_44795394,cust_406652,381.07,UPI,0,0,0.0,1,1,TIER_1_METRO,0.925,0,4,11,0
ord_87297672,cust_306958,3238.64,UPI,0,0,0.0,1,4,TIER_1_METRO,0.853,2,2,3,1
ord_34873195,cust_453079,1978.83,UPI,0,0,0.0,1,1,TIER_2,0.712,2,1,1,0
ord_10278495,cust_879375,447.09,COD,6,0,0.0,0,1,TIER_3_HIGH_RISK,0.651,0,1,20,0
ord_98761297,cust_422670,707.12,UPI,10,0,0.0,0,1,TIER_2,0.861,2,1,13,0
ord_84002592,cust_829695,6276.17,COD,11,0,0.0,0,1,TIER_1_METRO,0.712,0,1,11,0
ord_20117273,cust_576356,813.06,UPI,0,0,0.0,1,3,TIER_2,0.953,1,1,6,1
ord_37451727,cust_642618,690.85,COD,15,0,0.0,0,2,TIER_2,0.797,1,1,19,0
ord_12338377,cust_893480,249.0,UPI,17,0,0.0,0,1,TIER_1_METRO,0.936,1,1,3,0
ord_37073134,cust_939651,560.98,COD,0,0,0.0,1,1,TIER_3_HIGH_RISK,0.632,0,2,14,1
ord_83383944,cust_290922,392.45,UPI,8,0,0.0,0,1,TIER_3_HIGH_RISK,0.719,2,3,17,0
ord_48775193,cust_305908,325.82,CARD,6,0,0.0,0,1,TIER_1_METRO,0.886,2,2,17,0
ord_99064146,cust_588859,1903.47,COD,0,0,0.0,1,1,TIER_3_HIGH_RISK,0.441,1,1,1,1
ord_63230681,cust_293953,1517.67,UPI,10,0,0.0,0,1,TIER_1_METRO,0.797,1,4,0,0
ord_46902981,cust_647594,1751.14,COD,5,0,0.0,0,1,TIER_1_METRO,0.683,0,1,23,0
ord_26938661,cust_421117,1525.78,COD,6,0,0.0,0,1,TIER_2,0.82,1,2,6,0
ord_39639841,cust_380356,1351.91,COD,9,0,0.0,0,1,TIER_3_HIGH_RISK,0.877,2,1,7,1
ord_52808088,cust_708544,2683.69,COD,1,0,0.0,0,1,TIER_1_METRO,0.831,0,3,20,0
ord_50071048,cust_490909,743.62,UPI,3,0,0.0,0,1,TIER_2,0.583,0,1,5,0
ord_46075711,cust_950486,890.81,UPI,9,1,0.1111,0,1,TIER_2,0.962,0,1,0,0
ord_82497867,cust_706619,753.52,UPI,0,0,0.0,1,3,TIER_1_METRO,0.732,0,1,21,1
ord_34207963,cust_232933,2352.97,UPI,0,0,0.0,1,1,TIER_2,0.711,3,1,12,1
ord_45626603,cust_204381,7223.31,UPI,0,0,0.0,1,2,TIER_1_METRO,0.655,0,4,12,0
ord_79790583,cust_552400,1769.63,COD,0,0,0.0,1,1,TIER_1_METRO,0.929,0,1,15,0
ord_25111500,cust_596407,1426.9,UPI,0,0,0.0,1,4,TIER_2,0.85,2,2,10,1
ord_59554295,cust_976650,3857.37,UPI,0,0,0.0,1,1,TIER_3_HIGH_RISK,0.513,3,2,14,1
ord_53883023,cust_877494,3900.82,COD,2,0,0.0,0,1,TIER_3_HIGH_RISK,0.658,0,2,13,1
ord_79261123,cust_300886,1461.11,UPI,1,0,0.0,0,2,TIER_1_METRO,0.867,0,3,13,0
ord_45821030,cust_439269,321.01,CARD,0,0,0.0,1,1,TIER_2,0.804,2,1,2,0
ord_59409300,cust_182299,1907.69,UPI,3,0,0.0,0,1,TIER_2,0.686,1,2,18,0
ord_99134789,cust_992499,904.11,COD,1,0,0.0,0,1,TIER_1_METRO,0.645,0,1,15,0
ord_59367056,cust_474430,1645.83,COD,15,4,0.2667,0,1,TIER_2,0.913,1,3,13,1
ord_46368700,cust_150785,2582.34,UPI,22,1,0.0455,0,2,TIER_2,0.662,2,2,20,0
ord_15421251,cust_376080,306.9,NETBANKING,1,0,0.0,0,1,TIER_3_HIGH_RISK,0.601,0,1,9,0
ord_43408376,cust_417857,805.12,COD,7,0,0.0,0,1,TIER_1_METRO,0.903,1,1,3,0
ord_69883192,cust_670339,249.89,CARD,0,0,0.0,1,1,TIER_2,0.856,0,1,18,0
ord_57466955,cust_843023,716.88,COD,0,0,0.0,1,2,TIER_2,0.688,0,1,13,1
ord_29787044,cust_983513,2041.77,COD,0,0,0.0,1,1,TIER_1_METRO,0.73,0,1,21,0
ord_62139501,cust_320758,849.22,COD,6,0,0.0,0,2,TIER_1_METRO,0.807,0,1,15,0
ord_27367564,cust_150044,2057.98,UPI,5,0,0.0,0,1,TIER_2,0.658,1,3,13,1
ord_31814501,cust_508852,2513.01,COD,0,0,0.0,1,1,TIER_2,0.794,0,1,17,1
ord_64472962,cust_204249,2315.59,UPI,7,0,0.0,0,3,TIER_1_METRO,0.662,0,2,11,0
ord_19070894,cust_402430,275.49,UPI,0,0,0.0,1,2,TIER_2,0.877,0,1,10,0
ord_83738928,cust_927266,889.87,UPI,9,0,0.0,0,1,TIER_1_METRO,0.521,0,1,22,0
ord_14672412,cust_687497,4233.8,UPI,2,1,0.5,0,1,TIER_3_HIGH_RISK,0.663,2,2,19,0
ord_90320156,cust_693990,1224.24,COD,0,0,0.0,1,1,TIER_1_METRO,0.645,2,1,23,0
ord_34186320,cust_596957,878.63,UPI,2,0,0.0,0,1,TIER_1_METRO,0.858,2,1,23,0
ord_91838894,cust_430239,249.0,UPI,0,0,0.0,1,2,TIER_3_HIGH_RISK,0.74,0,1,8,1
ord_81345207,cust_183335,277.38,COD,0,0,0.0,1,1,TIER_3_HIGH_RISK,0.603,2,5,4,1
ord_17467133,cust_284126,874.43,COD,4,1,0.25,0,1,TIER_1_METRO,0.477,0,2,4,0
ord_47221001,cust_468602,3165.98,COD,0,0,0.0,1,1,TIER_2,0.802,0,1,18,1
ord_50905980,cust_193005,2764.07,COD,0,0,0.0,1,1,TIER_1_METRO,0.552,0,1,17,0
ord_59440613,cust_504862,1675.41,NETBANKING,0,0,0.0,1,1,TIER_1_METRO,0.87,1,5,13,0
ord_22949507,cust_700465,729.67,COD,2,0,0.0,0,2,TIER_3_HIGH_RISK,0.631,3,3,15,1
ord_39702914,cust_699255,249.0,COD,0,0,0.0,1,2,TIER_2,0.854,0,1,3,0
ord_80025460,cust_563656,458.4,UPI,0,0,0.0,1,1,TIER_3_HIGH_RISK,0.479,0,8,0,1
ord_80086163,cust_435138,3575.33,UPI,0,0,0.0,1,1,TIER_3_HIGH_RISK,0.674,1,1,9,0
ord_82517511,cust_416256,1389.78,COD,0,0,0.0,1,1,TIER_3_HIGH_RISK,0.639,0,1,23,1
ord_79537252,cust_633104,433.06,COD,7,1,0.1429,0,1,TIER_2,0.687,0,2,3,1
ord_78302366,cust_906575,944.41,CARD,3,0,0.0,0,4,TIER_1_METRO,0.944,2,2,4,0
ord_32456258,cust_495124,783.98,UPI,6,0,0.0,0,2,TIER_2,0.772,0,3,11,0
ord_32900904,cust_605450,1839.74,COD,3,0,0.0,0,1,TIER_2,0.974,0,3,10,1
ord_16671203,cust_788423,2102.68,COD,15,2,0.1333,0,2,TIER_1_METRO,0.839,2,3,19,1
ord_41519028,cust_428520,796.78,UPI,0,0,0.0,1,1,TIER_2,0.79,0,1,21,0
ord_13584702,cust_304750,788.82,COD,2,0,0.0,0,1,TIER_2,0.462,0,1,10,0
ord_32937902,cust_916386,2780.26,COD,6,1,0.1667,0,1,TIER_1_METRO,0.745,1,1,8,1
ord_20856760,cust_901310,791.37,NETBANKING,0,0,0.0,1,1,TIER_1_METRO,0.988,1,1,7,0
ord_61327439,cust_375850,2458.55,COD,3,0,0.0,0,2,TIER_2,0.898,1,8,18,1
ord_99775198,cust_704831,703.31,NETBANKING,0,0,0.0,1,2,TIER_3_HIGH_RISK,0.584,2,2,4,0
ord_14469353,cust_711438,653.13,UPI,0,0,0.0,1,1,TIER_2,0.646,3,2,7,0
ord_80228195,cust_810787,961.54,UPI,9,3,0.3333,0,1,TIER_2,0.947,0,4,17,0
ord_55658328,cust_688248,2894.87,COD,0,0,0.0,1,1,TIER_1_METRO,0.749,0,4,2,1
ord_86107195,cust_604330,638.52,COD,1,0,0.0,0,3,TIER_2,0.805,2,1,14,1
ord_51751154,cust_250651,346.8,UPI,1,0,0.0,0,1,TIER_2,0.739,1,3,18,0
ord_65053385,cust_290028,2555.72,UPI,7,0,0.0,0,2,TIER_1_METRO,0.764,2,1,0,0
ord_33176113,cust_251343,2276.72,CARD,0,0,0.0,1,1,TIER_3_HIGH_RISK,0.398,3,1,21,1
ord_49149527,cust_922197,1415.35,COD,0,0,0.0,1,1,TIER_1_METRO,0.788,0,3,0,0
ord_25624798,cust_552282,422.34,COD,4,0,0.0,0,1,TIER_3_HIGH_RISK,0.772,0,1,22,0
ord_38694421,cust_230705,808.36,UPI,0,0,0.0,1,4,TIER_3_HIGH_RISK,0.558,1,1,19,1
ord_96740494,cust_147285,1615.57,UPI,0,0,0.0,1,4,TIER_1_METRO,0.765,0,1,1,1
ord_46494539,cust_839319,595.53,COD,0,0,0.0,1,1,TIER_2,0.754,1,2,0,1
ord_20980068,cust_799748,1091.58,UPI,13,0,0.0,0,1,TIER_3_HIGH_RISK,0.646,1,1,4,0
ord_13291987,cust_553017,461.55,UPI,10,0,0.0,0,1,TIER_2,0.75,0,1,14,0
ord_89540080,cust_444864,639.7,COD,2,0,0.0,0,1,TIER_1_METRO,0.874,0,1,19,0
ord_64981748,cust_444417,4216.12,UPI,0,0,0.0,1,4,TIER_2,0.896,2,1,16,1
ord_38903310,cust_409982,1298.9,COD,0,0,0.0,1,1,TIER_1_METRO,0.714,0,1,9,0
ord_89233130,cust_182901,885.36,CARD,0,0,0.0,1,1,TIER_3_HIGH_RISK,0.62,0,1,9,0
ord_80790126,cust_734992,2660.64,COD,6,0,0.0,0,1,TIER_3_HIGH_RISK,0.913,1,4,13,1
ord_28856153,cust_312568,4617.46,CARD,1,0,0.0,0,1,TIER_3_HIGH_RISK,0.676,0,1,21,0
ord_61844408,cust_960379,1493.42,COD,0,0,0.0,1,1,TIER_2,0.685,0,1,8,0
ord_69938189,cust_143638,619.73,COD,7,0,0.0,0,1,TIER_3_HIGH_RISK,0.59,1,5,14,1
ord_21720477,cust_586106,705.28,COD,4,0,0.0,0,1,TIER_3_HIGH_RISK,0.287,1,1,8,0
ord_86388727,cust_293585,287.02,UPI,0,0,0.0,1,2,TIER_2,0.819,0,2,23,0
ord_42382711,cust_182168,1096.55,CARD,3,0,0.0,0,1,TIER_3_HIGH_RISK,0.74,0,1,19,0
ord_56754929,cust_238260,2687.25,NETBANKING,3,0,0.0,0,1,TIER_3_HIGH_RISK,0.696,0,3,0,1
ord_69556258,cust_190853,5901.03,COD,1,0,0.0,0,1,TIER_2,0.866,1,4,14,1
ord_78193974,cust_596988,1284.82,COD,3,0,0.0,0,2,TIER_1_METRO,0.822,0,1,14,0
ord_45202256,cust_481610,5209.95,COD,6,0,0.0,0,1,TIER_1_METRO,0.797,0,1,1,0
ord_56524898,cust_722986,556.76,COD,0,0,0.0,1,1,TIER_2,0.685,2,1,3,1
ord_42308604,cust_157955,568.56,CARD,9,0,0.0,0,1,TIER_1_METRO,0.777,1,2,12,0
ord_49014820,cust_731884,250.41,UPI,5,0,0.0,0,1,TIER_1_METRO,0.547,1,4,14,0
ord_21266205,cust_891625,2496.77,COD,10,2,0.2,0,1,TIER_2,0.59,0,1,17,1
ord_90835433,cust_520945,520.99,UPI,0,0,0.0,1,1,TIER_3_HIGH_RISK,0.721,2,1,21,0
ord_59503854,cust_602542,2059.28,COD,0,0,0.0,1,1,TIER_2,0.91,0,2,6,1
ord_19565697,cust_528625,2914.49,UPI,2,0,0.0,0,1,TIER_2,0.722,0,1,5,0
ord_42532126,cust_301632,1068.5,CARD,1,0,0.0,0,2,TIER_2,0.828,0,1,2,1
ord_21493605,cust_237852,2256.69,CARD,0,0,0.0,1,1,TIER_1_METRO,0.15,0,1,19,0
ord_35417266,cust_263996,1393.84,CARD,0,0,0.0,1,1,TIER_1_METRO,0.353,0,2,11,0
ord_17753638,cust_717654,1476.77,UPI,7,0,0.0,0,2,TIER_1_METRO,0.944,1,1,21,0
ord_14474220,cust_224628,770.6,COD,2,0,0.0,0,2,TIER_3_HIGH_RISK,0.537,0,1,10,1
ord_50819838,cust_909721,775.25,UPI,0,0,0.0,1,2,TIER_1_METRO,0.946,0,2,12,1
ord_22374888,cust_805966,994.42,UPI,0,0,0.0,1,1,TIER_3_HIGH_RISK,0.231,0,1,6,0
ord_66224957,cust_984156,874.44,UPI,0,0,0.0,1,1,TIER_2,0.723,0,1,1,0
ord_12416826,cust_106798,410.78,UPI,5,0,0.0,0,1,TIER_2,0.76,0,2,4,0
ord_29152316,cust_743606,1093.79,COD,13,0,0.0,0,1,TIER_1_METRO,0.912,1,1,10,0
ord_10122019,cust_357636,4535.32,COD,4,0,0.0,0,1,TIER_2,0.849,2,3,2,0
ord_38609573,cust_170656,3259.01,COD,0,0,0.0,1,1,TIER_2,0.837,0,1,11,1
ord_30777956,cust_974664,1341.24,COD,0,0,0.0,1,1,TIER_2,0.652,0,1,17,0
ord_86039128,cust_568380,2036.4,UPI,6,1,0.1667,0,1,TIER_2,0.621,0,2,17,0
ord_98152326,cust_556046,711.78,UPI,0,0,0.0,1,1,TIER_3_HIGH_RISK,0.692,0,5,14,1
ord_32993420,cust_354936,826.84,COD,3,0,0.0,0,4,TIER_2,0.417,2,8,23,1
ord_88262145,cust_497067,1121.91,UPI,0,0,0.0,1,2,TIER_2,0.902,2,1,10,0
ord_54520010,cust_993126,937.89,UPI,18,1,0.0556,0,1,TIER_2,0.809,0,1,5,1
ord_48133529,cust_255790,1179.87,UPI,20,1,0.05,0,1,TIER_2,0.883,2,2,16,0
ord_38324386,cust_644038,2322.64,CARD,0,0,0.0,1,1,TIER_2,0.817,2,4,22,0
ord_18367568,cust_570113,2140.15,CARD,12,2,0.1667,0,1,TIER_2,0.862,0,1,1,0
ord_47764121,cust_107131,4183.25,UPI,3,0,0.0,0,2,TIER_2,0.65,1,1,14,0
ord_25176259,cust_367535,1575.72,COD,2,0,0.0,0,1,TIER_1_METRO,0.745,0,1,20,0
ord_75017442,cust_350440,249.0,COD,0,0,0.0,1,2,TIER_2,0.869,1,1,22,1
ord_99282990,cust_243686,4600.79,COD,4,0,0.0,0,1,TIER_2,0.96,0,2,10,0
ord_75746377,cust_428750,540.13,UPI,0,0,0.0,1,2,TIER_1_METRO,0.86,2,2,1,0
ord_38245402,cust_669073,2285.69,UPI,4,0,0.0,0,1,TIER_1_METRO,0.932,0,2,18,0
ord_46041543,cust_780772,254.68,CARD,12,0,0.0,0,1,TIER_1_METRO,0.807,0,1,8,0
ord_52058334,cust_148231,1668.17,UPI,0,0,0.0,1,1,TIER_3_HIGH_RISK,0.575,1,2,18,0
ord_11872154,cust_284168,259.21,CARD,0,0,0.0,1,2,TIER_2,0.677,2,1,17,0
ord_35281805,cust_357061,1070.16,UPI,5,0,0.0,0,1,TIER_2,0.745,1,3,12,0
ord_33253353,cust_111282,644.15,NETBANKING,11,0,0.0,0,1,TIER_1_METRO,0.458,1,3,15,0
ord_67641756,cust_509355,376.12,CARD,2,0,0.0,0,1,TIER_3_HIGH_RISK,0.665,0,1,3,0
ord_22453218,cust_530086,1208.65,NETBANKING,0,0,0.0,1,1,TIER_2,0.525,1,1,20,0
ord_98076327,cust_470458,837.86,UPI,2,0,0.0,0,1,TIER_3_HIGH_RISK,0.815,2,2,2,0
ord_25244854,cust_736288,1903.74,COD,0,0,0.0,1,1,TIER_2,0.868,0,1,23,1
ord_94861019,cust_561793,528.33,COD,9,3,0.3333,0,1,TIER_3_HIGH_RISK,0.169,0,1,5,1
ord_89269717,cust_567071,1166.71,CARD,1,0,0.0,0,1,TIER_1_METRO,0.612,0,2,18,0
ord_77543232,cust_460492,1304.86,UPI,3,0,0.0,0,1,TIER_3_HIGH_RISK,0.636,0,3,23,1
ord_50018575,cust_118069,3226.47,CARD,0,0,0.0,1,1,TIER_1_METRO,0.978,1,1,4,0
ord_93505216,cust_613795,1557.71,COD,4,0,0.0,0,1,TIER_3_HIGH_RISK,0.434,0,3,13,1
ord_35258425,cust_266804,3197.37,COD,0,0,0.0,1,1,TIER_2,0.825,0,1,20,0
ord_96665140,cust_803626,5697.58,NETBANKING,7,0,0.0,0,1,TIER_1_METRO,0.777,1,2,16,0
ord_71394671,cust_689812,1980.31,COD,0,0,0.0,1,2,TIER_1_METRO,0.936,0,3,1,0
ord_43600239,cust_253807,3980.61,COD,3,0,0.0,0,2,TIER_1_METRO,0.647,1,2,17,1
ord_97684137,cust_726498,4264.88,NETBANKING,0,0,0.0,1,1,TIER_1_METRO,0.658,1,1,21,1
ord_62658737,cust_326562,1153.28,UPI,0,0,0.0,1,1,TIER_2,0.789,0,2,12,0
ord_73750869,cust_857154,331.33,COD,0,0,0.0,1,1,TIER_2,0.907,0,2,12,0
ord_69206882,cust_463021,599.95,CARD,0,0,0.0,1,2,TIER_2,0.883,1,2,5,0
ord_35543156,cust_708852,823.2,COD,0,0,0.0,1,1,TIER_2,0.778,1,1,8,1
ord_61340571,cust_411191,2229.93,COD,12,0,0.0,0,1,TIER_2,0.697,1,3,5,0
ord_56755652,cust_468590,607.7,COD,6,0,0.0,0,1,TIER_1_METRO,0.75,0,8,20,0
ord_29289118,cust_631834,785.09,COD,2,0,0.0,0,2,TIER_2,0.8,0,1,2,1
ord_44443130,cust_346968,426.96,UPI,0,0,0.0,1,1,TIER_1_METRO,0.917,0,1,1,0
ord_79774744,cust_962447,3040.79,COD,0,0,0.0,1,1,TIER_2,0.582,0,2,19,1
ord_23763700,cust_899083,2739.03,CARD,0,0,0.0,1,1,TIER_3_HIGH_RISK,0.664,0,1,13,0
ord_40187141,cust_146233,2855.64,COD,9,2,0.2222,0,2,TIER_2,0.896,0,1,9,0
ord_21029513,cust_959284,669.34,UPI,0,0,0.0,1,1,TIER_1_METRO,0.833,0,2,5,0
ord_71704882,cust_639877,352.16,COD,12,0,0.0,0,1,TIER_1_METRO,0.758,1,1,22,0
ord_26635015,cust_777251,2134.37,COD,12,0,0.0,0,1,TIER_1_METRO,0.875,3,4,7,0
ord_65457350,cust_990552,1012.96,UPI,8,0,0.0,0,1,TIER_2,0.696,0,1,5,0
ord_99859380,cust_997339,811.99,COD,0,0,0.0,1,4,TIER_2,0.774,0,2,17,1
ord_89757501,cust_114425,3174.01,CARD,1,0,0.0,0,1,TIER_1_METRO,0.402,1,4,3,0
ord_25049125,cust_982401,1223.18,UPI,6,0,0.0,0,1,TIER_2,0.949,2,1,2,0
ord_42070617,cust_615020,5468.8,COD,3,0,0.0,0,1,TIER_2,0.822,0,2,21,1
ord_80591701,cust_739180,1475.63,COD,5,0,0.0,0,1,TIER_2,0.867,2,2,23,0
ord_98695125,cust_552385,2001.06,UPI,10,1,0.1,0,1,TIER_3_HIGH_RISK,0.58,0,1,2,0
ord_21310552,cust_903516,1054.44,COD,3,0,0.0,0,4,TIER_1_METRO,0.757,0,5,11,1
ord_97339482,cust_174210,8912.25,CARD,0,0,0.0,1,1,TIER_3_HIGH_RISK,0.849,0,2,1,0
ord_45353386,cust_594970,1657.46,UPI,19,4,0.2105,0,1,TIER_1_METRO,0.511,0,2,1,0
ord_27022360,cust_941341,445.37,COD,0,0,0.0,1,1,TIER_1_METRO,0.745,2,1,1,0
ord_19035949,cust_434132,968.62,COD,9,1,0.1111,0,1,TIER_1_METRO,0.734,0,2,19,0
ord_63182422,cust_151645,626.3,COD,0,0,0.0,1,1,TIER_1_METRO,0.802,1,1,3,0
ord_36816706,cust_543409,1196.4,COD,0,0,0.0,1,1,TIER_1_METRO,0.999,0,1,15,0
ord_92814192,cust_520431,1200.79,UPI,9,0,0.0,0,1,TIER_2,0.849,1,1,1,0
ord_29114315,cust_113987,2533.65,COD,5,0,0.0,0,1,TIER_1_METRO,0.761,1,2,18,0
ord_39609865,cust_832726,359.22,UPI,18,0,0.0,0,2,TIER_3_HIGH_RISK,0.589,0,1,20,0
ord_24166825,cust_666687,1323.29,UPI,18,0,0.0,0,1,TIER_3_HIGH_RISK,0.661,0,3,21,0
ord_23431835,cust_524101,2558.42,UPI,0,0,0.0,1,2,TIER_1_METRO,0.489,1,1,1,0
ord_20624757,cust_600509,816.98,UPI,0,0,0.0,1,1,TIER_3_HIGH_RISK,0.309,3,1,0,0
ord_55400140,cust_437660,779.86,CARD,5,0,0.0,0,1,TIER_2,0.714,0,1,2,0
ord_66238160,cust_953579,4270.08,UPI,13,0,0.0,0,1,TIER_2,0.739,0,1,18,0
ord_43313589,cust_222636,352.16,COD,3,1,0.3333,0,1,TIER_2,0.773,0,2,8,0
ord_18962292,cust_750365,4245.23,COD,12,0,0.0,0,1,TIER_2,0.967,0,1,20,0
ord_68720660,cust_388363,1164.59,UPI,12,0,0.0,0,3,TIER_3_HIGH_RISK,0.545,1,2,23,0
ord_44045468,cust_787846,519.71,UPI,0,0,0.0,1,4,TIER_1_METRO,0.806,0,1,11,0
ord_72802750,cust_668392,321.52,UPI,0,0,0.0,1,1,TIER_1_METRO,0.835,0,1,5,1
ord_37270209,cust_867876,1248.09,UPI,0,0,0.0,1,1,TIER_2,0.881,1,1,13,0
ord_57406955,cust_298453,2541.67,COD,0,0,0.0,1,1,TIER_1_METRO,0.954,1,1,12,0
ord_39901413,cust_395120,4143.15,COD,9,0,0.0,0,2,TIER_2,0.645,0,2,17,1
ord_27325939,cust_644716,688.16,UPI,0,0,0.0,1,2,TIER_2,0.933,0,1,20,0
ord_78459680,cust_355672,2634.21,CARD,0,0,0.0,1,1,TIER_3_HIGH_RISK,0.649,0,2,3,1
ord_69994988,cust_104522,3828.47,UPI,6,0,0.0,0,1,TIER_2,0.359,0,1,5,0
ord_44895115,cust_413905,634.79,CARD,7,2,0.2857,0,1,TIER_2,0.67,0,4,2,0
ord_75877073,cust_311648,1015.31,UPI,3,1,0.3333,0,1,TIER_1_METRO,0.688,0,2,23,0
ord_52737243,cust_654859,833.47,COD,3,0,0.0,0,1,TIER_2,0.833,1,1,16,1
ord_90954884,cust_150697,1074.6,UPI,5,0,0.0,0,1,TIER_3_HIGH_RISK,0.59,0,1,0,0
ord_44436241,cust_269449,2804.24,COD,5,0,0.0,0,1,TIER_2,0.802,0,3,7,0
ord_48009669,cust_762860,1672.18,UPI,11,0,0.0,0,1,TIER_3_HIGH_RISK,0.889,0,3,21,0
ord_41695058,cust_709668,1659.41,CARD,5,0,0.0,0,1,TIER_1_METRO,0.848,0,1,2,0
ord_97101855,cust_248278,918.65,UPI,10,0,0.0,0,1,TIER_2,0.824,0,1,18,0
ord_58951101,cust_133512,1348.31,UPI,0,0,0.0,1,1,TIER_1_METRO,0.736,1,2,8,1
ord_26530109,cust_875318,1333.98,COD,0,0,0.0,1,1,TIER_1_METRO,0.919,1,4,13,1
ord_15272864,cust_146073,610.93,UPI,0,0,0.0,1,1,TIER_1_METRO,0.873,0,1,19,0
ord_20761021,cust_502101,1607.03,COD,0,0,0.0,1,1,TIER_3_HIGH_RISK,0.579,1,1,23,1
ord_30281689,cust_377941,3178.45,COD,5,0,0.0,0,1,TIER_1_METRO,0.935,1,8,15,0
ord_65181265,cust_853789,903.51,NETBANKING,0,0,0.0,1,1,TIER_3_HIGH_RISK,0.412,1,4,23,0
ord_33250723,cust_915034,1052.54,UPI,0,0,0.0,1,2,TIER_3_HIGH_RISK,0.533,0,2,22,1
ord_53219177,cust_828572,983.76,UPI,5,0,0.0,0,1,TIER_2,0.681,3,2,9,0
ord_61100382,cust_759834,419.25,CARD,5,1,0.2,0,1,TIER_2,0.952,0,1,6,0
ord_28735290,cust_381781,1223.94,COD,0,0,0.0,1,2,TIER_2,0.898,0,2,8,0
ord_93247596,cust_499716,1115.42,COD,4,0,0.0,0,1,TIER_3_HIGH_RISK,0.785,1,2,19,1
ord_43401359,cust_645917,3532.08,UPI,0,0,0.0,1,1,TIER_2,0.729,0,1,10,0
ord_31412211,cust_169915,1563.84,UPI,0,0,0.0,1,1,TIER_2,0.714,0,4,13,0
ord_58325784,cust_509379,1111.26,COD,9,0,0.0,0,1,TIER_3_HIGH_RISK,0.636,0,1,0,0
ord_92322831,cust_884689,1442.56,UPI,7,0,0.0,0,1,TIER_3_HIGH_RISK,0.689,1,1,9,0
ord_85290358,cust_775109,871.37,COD,0,0,0.0,1,1,TIER_1_METRO,0.794,1,1,12,0
ord_47612325,cust_359188,1307.57,COD,0,0,0.0,1,1,TIER_2,0.721,0,1,17,1
ord_65701567,cust_364602,434.48,UPI,9,0,0.0,0,1,TIER_2,0.703,0,3,5,0
ord_58025351,cust_995600,920.23,CARD,8,0,0.0,0,1,TIER_1_METRO,0.975,1,2,20,0
ord_17708098,cust_362749,3446.37,UPI,0,0,0.0,1,1,TIER_3_HIGH_RISK,0.491,2,1,12,0
ord_96756654,cust_544162,1500.13,COD,0,0,0.0,1,4,TIER_1_METRO,0.632,0,1,13,1
ord_97587419,cust_278350,823.35,COD,0,0,0.0,1,1,TIER_1_METRO,0.892,2,1,20,0
ord_79092302,cust_577678,1499.83,UPI,18,3,0.1667,0,1,TIER_3_HIGH_RISK,0.653,0,1,12,0
ord_13998585,cust_926965,894.69,COD,4,0,0.0,0,1,TIER_1_METRO,0.808,0,2,3,0
ord_33659943,cust_613279,798.97,COD,6,0,0.0,0,2,TIER_3_HIGH_RISK,0.664,0,1,12,1
ord_14684346,cust_955825,1043.91,COD,3,0,0.0,0,1,TIER_3_HIGH_RISK,0.754,1,1,22,1
ord_13636119,cust_255562,488.91,COD,0,0,0.0,1,2,TIER_1_METRO,0.891,1,3,2,0
ord_71825113,cust_375369,1148.88,COD,6,0,0.0,0,1,TIER_2,0.965,0,1,1,0
ord_31688293,cust_674625,1081.45,COD,6,0,0.0,0,1,TIER_1_METRO,0.877,0,1,10,0
ord_75532833,cust_609590,322.42,CARD,3,0,0.0,0,1,TIER_1_METRO,0.964,0,1,13,0
ord_90881129,cust_244973,249.0,COD,0,0,0.0,1,1,TIER_2,0.681,0,2,16,0
ord_34363760,cust_829443,290.33,COD,3,1,0.3333,0,2,TIER_2,0.691,1,1,4,1
ord_70287687,cust_741992,714.94,CARD,6,0,0.0,0,1,TIER_3_HIGH_RISK,0.737,0,1,5,0
ord_75198968,cust_622283,581.71,UPI,11,1,0.0909,0,1,TIER_2,0.835,2,1,3,0
ord_96261726,cust_657405,2215.37,NETBANKING,0,0,0.0,1,1,TIER_2,0.819,0,2,8,1
ord_63698471,cust_497968,949.43,CARD,10,0,0.0,0,1,TIER_1_METRO,0.96,0,1,12,0
ord_99098361,cust_243398,1735.6,COD,7,0,0.0,0,1,TIER_1_METRO,0.331,1,1,4,0
ord_88813009,cust_447295,1041.81,COD,0,0,0.0,1,1,TIER_1_METRO,0.791,2,1,16,1
ord_23135871,cust_418442,253.4,COD,0,0,0.0,1,1,TIER_3_HIGH_RISK,0.815,1,1,15,1
ord_16512440,cust_452186,249.0,UPI,0,0,0.0,1,1,TIER_1_METRO,0.774,0,2,12,0
ord_34199460,cust_791145,2116.75,NETBANKING,0,0,0.0,1,1,TIER_1_METRO,0.61,0,2,13,0
ord_43065406,cust_571820,1368.14,COD,0,0,0.0,1,3,TIER_1_METRO,0.919,1,2,0,1
ord_48802832,cust_604254,727.88,COD,0,0,0.0,1,3,TIER_1_METRO,0.916,0,2,6,1
ord_97908341,cust_853523,958.63,CARD,4,0,0.0,0,2,TIER_1_METRO,0.787,0,1,2,0
ord_33010323,cust_330324,1557.33,COD,2,1,0.5,0,3,TIER_1_METRO,0.842,0,5,22,1
ord_18346988,cust_684981,1586.14,COD,2,0,0.0,0,1,TIER_1_METRO,0.845,0,1,3,0
ord_89541542,cust_829128,1534.24,CARD,24,3,0.125,0,1,TIER_2,0.524,0,5,9,0
ord_67542195,cust_137232,448.13,CARD,0,0,0.0,1,1,TIER_1_METRO,0.671,0,1,0,0
ord_99042451,cust_287991,570.13,COD,3,0,0.0,0,4,TIER_2,0.673,0,3,6,1
ord_95495505,cust_682927,1289.23,COD,0,0,0.0,1,1,TIER_2,0.821,3,1,23,1
ord_46158359,cust_852644,1929.96,UPI,1,0,0.0,0,1,TIER_2,0.675,2,1,20,0
ord_10224695,cust_746956,4739.64,COD,0,0,0.0,1,1,TIER_3_HIGH_RISK,0.628,0,4,18,1
ord_44325124,cust_853957,541.69,COD,3,0,0.0,0,1,TIER_1_METRO,0.333,0,3,2,0
ord_34207253,cust_212661,1116.85,COD,0,0,0.0,1,1,TIER_2,0.646,1,1,23,0
ord_26135519,cust_525987,1716.21,UPI,0,0,0.0,1,1,TIER_1_METRO,0.87,1,1,4,0
ord_88508636,cust_474151,2966.33,UPI,0,0,0.0,1,1,TIER_3_HIGH_RISK,0.241,0,2,11,1
ord_21983517,cust_940777,1742.43,UPI,3,0,0.0,0,2,TIER_1_METRO,0.909,0,1,19,0
ord_14429899,cust_878839,1589.96,UPI,4,0,0.0,0,1,TIER_3_HIGH_RISK,0.401,0,2,3,0
ord_87084459,cust_158418,700.4,COD,14,1,0.0714,0,2,TIER_2,0.962,1,1,7,0
ord_20599528,cust_225312,1993.53,UPI,4,0,0.0,0,1,TIER_3_HIGH_RISK,0.773,2,2,16,0
ord_34772234,cust_323293,429.62,COD,2,0,0.0,0,1,TIER_3_HIGH_RISK,0.732,0,1,18,1
ord_19935869,cust_549535,1126.62,COD,12,1,0.0833,0,1,TIER_2,0.785,1,1,16,1
ord_15002828,cust_414045,603.34,UPI,6,0,0.0,0,1,TIER_1_METRO,0.685,0,1,0,0
ord_50866635,cust_521990,1019.98,COD,0,0,0.0,1,1,TIER_2,0.902,2,1,11,0
ord_16379515,cust_140733,2255.46,UPI,0,0,0.0,1,2,TIER_3_HIGH_RISK,0.821,0,1,21,1
ord_56884754,cust_501365,1468.08,COD,12,0,0.0,0,4,TIER_2,0.85,0,2,12,1
ord_30858750,cust_393633,912.53,COD,12,0,0.0,0,1,TIER_1_METRO,0.903,2,1,4,0
ord_21152153,cust_522701,1214.57,UPI,0,0,0.0,1,1,TIER_3_HIGH_RISK,0.874,1,1,9,1
ord_17490526,cust_385907,526.67,COD,0,0,0.0,1,1,TIER_1_METRO,0.577,0,2,18,0
ord_26689088,cust_497348,2463.69,NETBANKING,5,0,0.0,0,1,TIER_1_METRO,0.719,2,1,22,0
ord_25614614,cust_742240,1620.87,UPI,3,0,0.0,0,1,TIER_1_METRO,0.729,1,5,12,0
ord_62299741,cust_873418,299.28,COD,5,0,0.0,0,1,TIER_1_METRO,0.663,1,1,2,0
ord_71394947,cust_117401,1340.42,COD,0,0,0.0,1,1,TIER_3_HIGH_RISK,0.784,1,1,12,1
ord_21522730,cust_835756,2390.09,COD,6,0,0.0,0,1,TIER_1_METRO,0.828,0,2,13,0
ord_56547339,cust_246306,1727.29,COD,0,0,0.0,1,1,TIER_1_METRO,0.813,0,1,12,0
ord_62715014,cust_224283,445.79,COD,10,3,0.3,0,1,TIER_1_METRO,0.591,2,1,11,0
ord_16918863,cust_795788,1373.17,COD,0,0,0.0,1,2,TIER_3_HIGH_RISK,0.807,2,1,11,1
ord_11369277,cust_513612,622.24,UPI,5,0,0.0,0,1,TIER_3_HIGH_RISK,0.689,0,1,19,0
ord_29881016,cust_921809,3210.16,CARD,12,0,0.0,0,1,TIER_1_METRO,0.711,2,1,7,0
ord_45879884,cust_926152,1936.3,COD,0,0,0.0,1,1,TIER_2,0.772,2,2,19,1
ord_17723047,cust_564962,2192.47,COD,11,0,0.0,0,1,TIER_1_METRO,0.791,0,2,10,1
ord_65978831,cust_989147,1482.49,UPI,0,0,0.0,1,1,TIER_2,0.935,1,3,0,0
ord_56955785,cust_303349,1822.28,UPI,13,0,0.0,0,1,TIER_1_METRO,0.754,1,3,18,0
ord_66998429,cust_852936,3625.71,UPI,2,0,0.0,0,1,TIER_2,0.594,1,1,21,0
ord_85998646,cust_130750,2181.48,COD,5,0,0.0,0,1,TIER_1_METRO,0.688,2,1,3,0
ord_55883048,cust_855870,724.36,COD,5,1,0.2,0,1,TIER_2,0.834,0,1,17,0
ord_66163407,cust_887424,342.74,UPI,0,0,0.0,1,1,TIER_1_METRO,0.72,2,2,11,0
ord_53405457,cust_616356,1062.75,NETBANKING,7,0,0.0,0,1,TIER_2,0.929,2,1,11,0
ord_87055613,cust_729001,4913.42,UPI,6,3,0.5,0,1,TIER_1_METRO,0.861,1,1,1,0
ord_80085624,cust_984113,1226.88,UPI,0,0,0.0,1,1,TIER_1_METRO,0.832,3,2,19,1
ord_75440781,cust_411406,249.0,CARD,4,1,0.25,0,1,TIER_1_METRO,0.905,0,2,14,0
ord_86591881,cust_800662,2666.3,COD,9,0,0.0,0,2,TIER_1_METRO,0.762,0,2,12,0
ord_32985303,cust_579221,477.96,COD,0,0,0.0,1,1,TIER_1_METRO,0.904,2,1,2,0
ord_95990497,cust_221638,1944.45,COD,0,0,0.0,1,2,TIER_1_METRO,0.744,3,2,13,1
ord_21305005,cust_587377,667.51,COD,9,0,0.0,0,1,TIER_2,0.835,1,3,14,0
ord_30069241,cust_534121,2030.53,NETBANKING,11,0,0.0,0,1,TIER_2,0.517,0,1,12,0
ord_15290717,cust_441768,372.16,UPI,1,0,0.0,0,2,TIER_1_METRO,0.747,0,1,0,0
ord_75486362,cust_879558,1068.52,COD,5,0,0.0,0,3,TIER_1_METRO,0.913,1,1,17,0
ord_75723973,cust_214988,1431.77,UPI,0,0,0.0,1,2,TIER_1_METRO,0.545,0,2,6,0
ord_85914212,cust_943431,587.65,COD,7,0,0.0,0,1,TIER_1_METRO,0.79,0,4,2,0
ord_98762789,cust_227897,506.83,COD,8,0,0.0,0,1,TIER_1_METRO,0.774,0,1,13,0
ord_18029598,cust_391190,565.71,COD,6,0,0.0,0,4,TIER_2,0.93,0,2,15,0
ord_33547369,cust_870325,1542.67,COD,0,0,0.0,1,3,TIER_2,0.402,0,1,16,1
ord_93763253,cust_671693,1262.95,NETBANKING,15,0,0.0,0,1,TIER_1_METRO,0.753,0,5,15,0
ord_80781141,cust_187846,742.1,UPI,0,0,0.0,1,1,TIER_1_METRO,0.742,0,1,5,0
ord_22138391,cust_366496,1876.93,UPI,0,0,0.0,1,2,TIER_1_METRO,0.796,1,1,2,0
ord_61715898,cust_722994,993.44,UPI,6,0,0.0,0,1,TIER_2,0.832,1,1,3,0
ord_40572098,cust_315932,800.72,UPI,2,0,0.0,0,1,TIER_1_METRO,0.622,0,1,17,0
ord_12276787,cust_165197,4731.62,UPI,2,0,0.0,0,2,TIER_2,0.49,1,1,3,0
ord_60435843,cust_635539,872.25,UPI,9,0,0.0,0,1,TIER_1_METRO,0.703,0,4,1,0
ord_48703819,cust_374857,1440.33,UPI,2,0,0.0,0,1,TIER_2,0.925,1,2,17,0
ord_37603044,cust_894748,596.8,UPI,0,0,0.0,1,1,TIER_3_HIGH_RISK,0.641,1,1,10,0
ord_91391638,cust_747584,2038.49,NETBANKING,14,1,0.0714,0,1,TIER_2,0.801,0,1,4,0
ord_61646180,cust_489925,249.0,COD,0,0,0.0,1,1,TIER_2,0.941,1,1,6,1
ord_18368352,cust_464413,931.93,UPI,9,0,0.0,0,2,TIER_1_METRO,0.844,1,1,17,0
ord_62461766,cust_600590,10586.4,UPI,0,0,0.0,1,1,TIER_1_METRO,0.817,0,1,20,0
ord_38616825,cust_649509,716.09,CARD,6,0,0.0,0,1,TIER_1_METRO,0.731,2,3,15,0
ord_60557904,cust_828493,1450.64,COD,9,0,0.0,0,1,TIER_2,0.701,0,1,19,1
ord_58383953,cust_256587,494.18,COD,1,0,0.0,0,1,TIER_2,0.634,0,1,18,0
ord_45788700,cust_823624,1724.16,CARD,6,0,0.0,0,2,TIER_3_HIGH_RISK,0.572,3,1,0,0
ord_67705020,cust_538133,1982.58,NETBANKING,10,0,0.0,0,1,TIER_1_METRO,0.939,1,1,18,0
ord_83227089,cust_446928,739.48,COD,10,0,0.0,0,1,TIER_1_METRO,0.878,0,2,10,1
ord_42833206,cust_569790,520.73,COD,2,0,0.0,0,1,TIER_1_METRO,0.689,0,1,19,0
ord_54620658,cust_341452,688.53,UPI,9,1,0.1111,0,2,TIER_2,0.934,0,1,14,1
ord_51169328,cust_183035,1189.84,COD,0,0,0.0,1,1,TIER_1_METRO,0.457,2,8,0,1
ord_35386245,cust_552557,777.2,UPI,3,0,0.0,0,1,TIER_3_HIGH_RISK,0.827,0,2,13,0
ord_55922006,cust_782851,1239.15,COD,0,0,0.0,1,1,TIER_3_HIGH_RISK,0.668,3,1,22,1
ord_47649509,cust_378852,303.84,COD,0,0,0.0,1,1,TIER_2,0.619,0,1,13,1
ord_23723361,cust_852932,1160.68,COD,5,0,0.0,0,1,TIER_1_METRO,0.901,3,1,11,0
ord_32919530,cust_357157,559.37,COD,12,0,0.0,0,1,TIER_3_HIGH_RISK,0.846,0,3,22,1
ord_19951767,cust_367201,1727.67,COD,0,0,0.0,1,2,TIER_2,0.611,2,4,0,1
ord_69453134,cust_916760,2330.9,COD,1,0,0.0,0,1,TIER_3_HIGH_RISK,0.505,0,1,8,1
ord_92358282,cust_128380,1277.68,COD,0,0,0.0,1,2,TIER_3_HIGH_RISK,0.345,0,2,6,1
ord_28573434,cust_147582,336.04,COD,7,1,0.1429,0,1,TIER_3_HIGH_RISK,0.896,0,3,14,1
ord_83772007,cust_589218,721.74,COD,0,0,0.0,1,1,TIER_2,0.789,0,1,8,0
ord_50057648,cust_367913,819.09,COD,9,3,0.3333,0,2,TIER_2,0.973,1,1,2,1
ord_39464339,cust_452570,254.87,UPI,4,2,0.5,0,2,TIER_1_METRO,0.623,2,2,19,1
ord_81422263,cust_300839,1154.61,UPI,9,1,0.1111,0,1,TIER_2,0.723,1,1,8,0
ord_13883755,cust_639121,730.19,UPI,3,0,0.0,0,2,TIER_2,0.74,1,1,6,0
ord_80884808,cust_301207,1886.95,COD,7,1,0.1429,0,1,TIER_1_METRO,0.92,1,1,17,1
ord_13301394,cust_923919,391.52,COD,9,0,0.0,0,1,TIER_2,0.718,1,1,21,0
ord_63809547,cust_650880,1536.88,UPI,9,1,0.1111,0,1,TIER_3_HIGH_RISK,0.799,3,2,1,0
ord_29575137,cust_610926,642.19,CARD,1,0,0.0,0,1,TIER_3_HIGH_RISK,0.715,0,2,13,0
ord_74085033,cust_610711,1528.14,UPI,11,0,0.0,0,1,TIER_1_METRO,0.809,0,2,19,0
ord_19851205,cust_867877,2875.21,COD,9,0,0.0,0,2,TIER_3_HIGH_RISK,0.849,0,2,6,1
ord_26431928,cust_884419,418.23,UPI,0,0,0.0,1,1,TIER_3_HIGH_RISK,0.457,0,3,19,0
ord_50365237,cust_368092,735.34,UPI,2,0,0.0,0,1,TIER_1_METRO,0.903,1,1,14,0
ord_91266262,cust_294855,1770.01,COD,10,0,0.0,0,1,TIER_3_HIGH_RISK,0.662,2,1,10,1
ord_51277337,cust_303940,940.66,COD,3,1,0.3333,0,1,TIER_2,0.579,0,2,16,0
ord_32575489,cust_142262,1093.28,COD,20,2,0.1,0,1,TIER_1_METRO,0.862,2,8,10,1
ord_30491595,cust_981065,1523.89,COD,13,1,0.0769,0,1,TIER_2,0.762,0,1,15,0
ord_28286606,cust_935134,1345.32,COD,6,0,0.0,0,2,TIER_2,0.866,0,1,21,1
ord_40155144,cust_858860,2053.8,COD,8,0,0.0,0,1,TIER_3_HIGH_RISK,0.866,0,2,11,0
ord_87933150,cust_202342,666.07,CARD,7,0,0.0,0,1,TIER_1_METRO,0.76,0,5,20,0
ord_20627772,cust_995176,1220.58,UPI,2,0,0.0,0,1,TIER_3_HIGH_RISK,0.674,2,1,14,0
ord_95244177,cust_445712,2359.57,UPI,0,0,0.0,1,2,TIER_2,0.622,2,1,22,0
ord_33527193,cust_372659,2665.9,UPI,2,0,0.0,0,1,TIER_2,0.57,1,3,8,0
ord_49051623,cust_267596,890.88,COD,15,0,0.0,0,1,TIER_3_HIGH_RISK,0.705,1,1,5,0
ord_80774706,cust_378271,876.95,UPI,0,0,0.0,1,1,TIER_1_METRO,0.875,0,1,18,0
ord_23654772,cust_721234,1249.66,UPI,0,0,0.0,1,1,TIER_1_METRO,0.85,0,1,11,0
ord_97611643,cust_273707,962.87,COD,4,0,0.0,0,1,TIER_3_HIGH_RISK,0.546,0,2,16,1
ord_97346176,cust_887313,610.81,COD,0,0,0.0,1,1,TIER_1_METRO,0.588,0,1,20,0
ord_57332756,cust_807870,6161.74,COD,0,0,0.0,1,1,TIER_3_HIGH_RISK,0.671,2,2,4,1
ord_58755262,cust_705978,865.9,COD,9,0,0.0,0,1,TIER_2,0.954,0,1,9,0
ord_95440590,cust_534969,1595.78,UPI,8,0,0.0,0,1,TIER_1_METRO,0.558,0,5,6,0
ord_90807020,cust_755930,437.14,UPI,0,0,0.0,1,1,TIER_1_METRO,0.941,0,2,8,0
ord_32939259,cust_987483,1461.24,COD,8,0,0.0,0,1,TIER_2,0.739,2,1,23,0
ord_34374842,cust_136476,2022.74,COD,18,3,0.1667,0,1,TIER_1_METRO,0.91,1,1,1,1
ord_59355818,cust_137487,890.71,COD,2,0,0.0,0,2,TIER_3_HIGH_RISK,0.599,2,1,6,1
ord_74825507,cust_151524,3082.62,UPI,8,0,0.0,0,2,TIER_1_METRO,0.743,1,1,15,0
ord_37573471,cust_496233,1023.88,UPI,1,0,0.0,0,2,TIER_2,0.856,1,1,10,0
ord_87456782,cust_335237,1072.45,UPI,0,0,0.0,1,2,TIER_3_HIGH_RISK,0.744,1,3,16,0
ord_25820184,cust_110856,819.66,COD,0,0,0.0,1,1,TIER_1_METRO,0.704,1,2,9,0
ord_59902136,cust_378930,1608.16,COD,7,0,0.0,0,1,TIER_2,0.923,0,2,3,0
ord_30860717,cust_312875,713.59,COD,1,0,0.0,0,3,TIER_1_METRO,0.706,1,1,9,0
ord_65532199,cust_273595,1196.07,COD,0,0,0.0,1,1,TIER_1_METRO,0.987,0,5,5,0
ord_54362533,cust_513869,1448.39,COD,2,0,0.0,0,1,TIER_1_METRO,0.704,0,3,10,0
ord_84092760,cust_418249,2051.42,COD,0,0,0.0,1,3,TIER_1_METRO,0.666,1,1,1,1
ord_43791256,cust_562422,311.09,UPI,7,0,0.0,0,2,TIER_3_HIGH_RISK,0.784,1,2,9,0
ord_58540668,cust_402079,377.55,COD,1,0,0.0,0,1,TIER_3_HIGH_RISK,0.486,0,4,2,0
ord_18175576,cust_782069,1040.69,COD,0,0,0.0,1,1,TIER_1_METRO,0.772,0,1,7,0
ord_65043685,cust_178283,294.25,UPI,1,0,0.0,0,1,TIER_3_HIGH_RISK,0.744,0,2,17,0
ord_93831437,cust_198831,2555.39,UPI,0,0,0.0,1,1,TIER_1_METRO,0.908,3,1,9,0
ord_83784653,cust_896434,2096.8,COD,0,0,0.0,1,1,TIER_2,0.89,1,2,18,0
ord_20771386,cust_235915,1912.21,UPI,7,0,0.0,0,1,TIER_2,0.565,0,1,7,0
ord_42079348,cust_985691,920.52,COD,14,0,0.0,0,1,TIER_1_METRO,0.726,3,1,15,0
ord_74044630,cust_198115,677.83,NETBANKING,0,0,0.0,1,1,TIER_1_METRO,0.785,1,3,5,0
ord_69113032,cust_948229,1036.59,COD,0,0,0.0,1,1,TIER_3_HIGH_RISK,0.842,2,2,15,1
ord_38105973,cust_593869,1703.31,COD,8,0,0.0,0,1,TIER_3_HIGH_RISK,0.43,2,5,6,0
ord_92267694,cust_108769,1075.16,COD,3,0,0.0,0,1,TIER_2,0.837,0,2,6,0
ord_27929098,cust_784873,976.76,UPI,0,0,0.0,1,1,TIER_2,0.861,0,2,17,0
ord_52327410,cust_599900,1288.22,COD,7,0,0.0,0,1,TIER_1_METRO,0.761,0,1,13,0
ord_26702269,cust_693867,660.95,COD,0,0,0.0,1,3,TIER_2,0.822,2,1,7,1
ord_89316278,cust_568741,2106.19,COD,2,0,0.0,0,1,TIER_3_HIGH_RISK,0.78,3,2,19,1
ord_54636414,cust_137880,763.53,COD,0,0,0.0,1,1,TIER_1_METRO,0.879,0,1,22,0
ord_99809441,cust_921058,495.08,COD,6,0,0.0,0,1,TIER_2,0.898,1,1,18,0
ord_47740753,cust_826960,2964.19,COD,18,0,0.0,0,3,TIER_3_HIGH_RISK,0.379,2,2,10,1
ord_85546398,cust_961316,1179.98,UPI,10,0,0.0,0,2,TIER_2,0.822,0,3,4,0
ord_55566678,cust_154515,1496.3,COD,0,0,0.0,1,1,TIER_1_METRO,0.456,0,1,10,1
ord_15366434,cust_494858,4465.3,COD,8,0,0.0,0,2,TIER_1_METRO,0.799,0,2,12,0
ord_44771741,cust_675985,1650.4,UPI,7,0,0.0,0,1,TIER_2,0.833,1,1,15,0
ord_79062973,cust_817511,1558.28,COD,4,0,0.0,0,1,TIER_2,0.967,1,2,6,0
ord_73459489,cust_929784,1283.97,COD,5,0,0.0,0,1,TIER_3_HIGH_RISK,0.689,1,2,3,0
ord_75651053,cust_826126,633.79,UPI,6,0,0.0,0,1,TIER_1_METRO,0.67,0,3,4,0
ord_54696953,cust_809641,1755.3,UPI,6,0,0.0,0,3,TIER_3_HIGH_RISK,0.587,0,1,8,0
ord_97624243,cust_838761,803.36,UPI,4,0,0.0,0,5,TIER_1_METRO,0.326,0,1,7,0
ord_11235340,cust_411721,2157.92,COD,6,0,0.0,0,4,TIER_3_HIGH_RISK,0.584,3,1,23,1
ord_66372732,cust_489347,1167.34,UPI,0,0,0.0,1,1,TIER_1_METRO,0.911,2,1,6,0
ord_24395813,cust_328170,786.99,COD,4,0,0.0,0,2,TIER_3_HIGH_RISK,0.664,1,1,18,1
ord_38098059,cust_870508,1339.76,COD,6,0,0.0,0,1,TIER_1_METRO,0.814,0,2,22,0
ord_12500120,cust_312204,1239.82,COD,0,0,0.0,1,1,TIER_1_METRO,0.68,1,1,4,1
ord_52002112,cust_693374,565.33,CARD,15,0,0.0,0,2,TIER_2,0.969,2,2,10,0
ord_68115808,cust_730273,392.14,UPI,4,0,0.0,0,1,TIER_1_METRO,0.952,0,2,16,0
ord_38447661,cust_557582,873.17,UPI,4,0,0.0,0,1,TIER_1_METRO,0.864,2,3,3,0
ord_68056226,cust_330721,1883.51,COD,1,0,0.0,0,1,TIER_3_HIGH_RISK,0.534,1,1,5,1
ord_55419913,cust_160403,1193.13,COD,13,0,0.0,0,2,TIER_2,0.929,0,2,10,0
ord_12667867,cust_661337,914.93,CARD,0,0,0.0,1,1,TIER_2,0.814,1,1,11,0
ord_64351768,cust_161700,454.92,UPI,0,0,0.0,1,2,TIER_1_METRO,0.874,0,1,18,0
ord_73658241,cust_184661,3304.91,UPI,3,0,0.0,0,2,TIER_2,0.614,2,2,21,0
ord_49770506,cust_507464,2151.65,COD,0,0,0.0,1,2,TIER_1_METRO,0.939,0,1,6,1
ord_28173383,cust_436825,1825.23,UPI,6,0,0.0,0,1,TIER_3_HIGH_RISK,0.556,0,1,18,0
ord_74940921,cust_617951,679.52,COD,10,1,0.1,0,3,TIER_1_METRO,0.665,0,4,7,0
ord_24671009,cust_553218,767.64,COD,0,0,0.0,1,1,TIER_3_HIGH_RISK,0.805,0,1,1,0
ord_58860516,cust_974630,1605.18,COD,9,0,0.0,0,1,TIER_3_HIGH_RISK,0.675,0,2,11,0
ord_33623755,cust_315616,1234.21,CARD,9,0,0.0,0,2,TIER_1_METRO,0.634,0,2,1,0
ord_65472357,cust_605376,2688.97,COD,4,0,0.0,0,2,TIER_1_METRO,0.862,0,1,22,0
ord_31659057,cust_324511,970.73,CARD,3,0,0.0,0,1,TIER_2,0.91,0,2,22,0
ord_14466271,cust_501702,1660.93,COD,5,0,0.0,0,1,TIER_2,0.746,1,1,20,0
ord_97829519,cust_375079,556.32,CARD,7,1,0.1429,0,1,TIER_2,0.766,0,3,2,0
ord_64827081,cust_126250,906.42,COD,7,0,0.0,0,1,TIER_3_HIGH_RISK,0.344,0,2,4,1
ord_30549731,cust_188327,1626.17,UPI,6,3,0.5,0,1,TIER_1_METRO,0.634,0,1,23,0
ord_37182774,cust_876106,1920.88,UPI,1,0,0.0,0,1,TIER_1_METRO,0.776,0,1,23,0
ord_21953070,cust_569596,522.79,COD,2,0,0.0,0,3,TIER_1_METRO,0.942,2,1,9,1
ord_49320824,cust_195830,1250.58,CARD,0,0,0.0,1,1,TIER_2,0.541,0,1,21,0
ord_89600220,cust_978340,850.7,UPI,15,1,0.0667,0,1,TIER_2,0.869,2,1,13,0
ord_27328454,cust_839979,1066.86,UPI,22,2,0.0909,0,1,TIER_2,0.727,1,2,4,0
ord_65632936,cust_884118,1741.17,COD,5,0,0.0,0,2,TIER_1_METRO,0.579,0,1,5,0
ord_44583674,cust_934175,1520.01,UPI,5,1,0.2,0,1,TIER_2,0.654,0,2,6,0
ord_43554469,cust_209619,359.33,COD,0,0,0.0,1,1,TIER_1_METRO,0.701,1,4,15,0
ord_87952170,cust_375538,542.7,UPI,4,0,0.0,0,1,TIER_2,0.879,0,1,2,0
ord_37384611,cust_246477,859.3,UPI,6,0,0.0,0,1,TIER_3_HIGH_RISK,0.617,0,1,9,0
ord_84039071,cust_629893,1149.0,UPI,3,0,0.0,0,1,TIER_2,0.805,0,2,5,0
ord_72002678,cust_213174,880.93,NETBANKING,0,0,0.0,1,1,TIER_3_HIGH_RISK,0.696,0,3,14,0
ord_20771408,cust_134734,249.0,CARD,0,0,0.0,1,1,TIER_2,0.807,0,2,5,1
ord_87462428,cust_825311,2101.82,CARD,0,0,0.0,1,5,TIER_3_HIGH_RISK,0.919,2,1,1,1
ord_89061847,cust_230860,485.36,COD,7,0,0.0,0,3,TIER_2,0.887,0,1,3,1
ord_50683254,cust_651990,2174.49,COD,1,0,0.0,0,1,TIER_2,0.715,0,3,9,0
ord_74898078,cust_615255,929.67,COD,4,1,0.25,0,2,TIER_3_HIGH_RISK,0.569,1,1,11,1
ord_98825083,cust_959088,8614.4,COD,11,0,0.0,0,1,TIER_3_HIGH_RISK,0.704,0,2,0,0
ord_67731487,cust_234150,6563.08,UPI,0,0,0.0,1,2,TIER_3_HIGH_RISK,0.698,0,1,2,0
ord_96654442,cust_127371,440.04,CARD,3,1,0.3333,0,1,TIER_1_METRO,0.784,0,4,7,0
ord_96881865,cust_918180,2501.77,COD,9,0,0.0,0,1,TIER_3_HIGH_RISK,0.869,1,2,14,0
ord_64536603,cust_500235,1063.35,UPI,3,0,0.0,0,1,TIER_1_METRO,0.667,0,1,13,0
ord_20542374,cust_664810,1039.56,COD,0,0,0.0,1,1,TIER_2,0.631,0,1,17,1
ord_20758430,cust_788916,1820.1,UPI,11,1,0.0909,0,1,TIER_2,0.839,1,2,18,0
ord_50719803,cust_825900,252.16,CARD,0,0,0.0,1,1,TIER_3_HIGH_RISK,0.683,1,1,22,1
ord_69970725,cust_935399,885.39,UPI,0,0,0.0,1,3,TIER_2,0.927,0,2,3,1
ord_46771094,cust_167114,753.42,UPI,0,0,0.0,1,1,TIER_1_METRO,0.877,1,2,8,1
ord_87657404,cust_955267,1783.03,NETBANKING,0,0,0.0,1,3,TIER_3_HIGH_RISK,0.465,0,1,9,1
ord_28115439,cust_277550,1764.41,COD,7,0,0.0,0,1,TIER_1_METRO,0.739,0,2,20,0
ord_26524715,cust_298250,681.88,COD,4,0,0.0,0,5,TIER_1_METRO,0.848,0,4,1,1
ord_68811921,cust_669221,928.34,UPI,2,0,0.0,0,3,TIER_2,0.91,0,3,15,0
ord_12192271,cust_872428,1114.83,COD,0,0,0.0,1,2,TIER_2,0.907,0,2,7,1
ord_19837695,cust_609740,648.82,COD,6,0,0.0,0,1,TIER_3_HIGH_RISK,0.395,0,3,12,1
ord_88437377,cust_818596,1059.37,COD,0,0,0.0,1,1,TIER_1_METRO,0.859,0,2,8,0
ord_33295179,cust_648297,1094.64,COD,0,0,0.0,1,1,TIER_2,0.968,0,1,15,0
ord_67340290,cust_383805,884.74,UPI,3,0,0.0,0,2,TIER_3_HIGH_RISK,0.634,0,4,10,0
ord_80631674,cust_737492,4654.95,COD,0,0,0.0,1,1,TIER_3_HIGH_RISK,0.759,1,2,16,1
ord_37132021,cust_329489,2682.76,COD,0,0,0.0,1,1,TIER_2,0.92,0,2,16,0
ord_93528761,cust_383049,3222.29,NETBANKING,0,0,0.0,1,1,TIER_1_METRO,0.767,2,3,19,0
ord_45935918,cust_764577,996.81,COD,10,0,0.0,0,1,TIER_3_HIGH_RISK,0.53,0,1,5,1
ord_58677728,cust_506270,1099.26,CARD,0,0,0.0,1,1,TIER_1_METRO,0.577,0,1,14,0
ord_63724037,cust_536196,3511.57,CARD,3,0,0.0,0,1,TIER_2,0.643,2,3,14,0
ord_37898230,cust_228345,2692.26,COD,1,0,0.0,0,1,TIER_1_METRO,0.78,0,1,11,0
ord_15553535,cust_117839,1191.92,UPI,0,0,0.0,1,2,TIER_3_HIGH_RISK,0.77,1,2,4,0
ord_66251274,cust_536401,1826.37,CARD,10,3,0.3,0,1,TIER_3_HIGH_RISK,0.796,0,1,3,0
ord_89790594,cust_358116,10044.81,COD,9,0,0.0,0,1,TIER_3_HIGH_RISK,0.71,2,3,11,1
ord_30812709,cust_825299,610.71,COD,0,0,0.0,1,1,TIER_1_METRO,0.806,0,1,8,0
ord_84588685,cust_282235,679.12,CARD,4,0,0.0,0,1,TIER_2,0.477,0,1,6,0
ord_11655464,cust_274504,861.02,CARD,8,1,0.125,0,2,TIER_1_METRO,0.939,2,1,22,0
ord_12568101,cust_133329,1695.5,UPI,0,0,0.0,1,2,TIER_2,0.804,0,1,8,0
ord_32163668,cust_371102,5974.39,UPI,1,0,0.0,0,1,TIER_1_METRO,0.765,0,1,11,0
ord_73842020,cust_686613,1033.83,COD,0,0,0.0,1,4,TIER_1_METRO,0.754,1,3,3,1
ord_16330034,cust_297057,849.82,COD,3,0,0.0,0,1,TIER_1_METRO,0.657,1,2,1,0
ord_78826219,cust_628056,2460.67,COD,9,0,0.0,0,1,TIER_1_METRO,0.897,0,1,15,0
ord_47239247,cust_427521,601.95,CARD,0,0,0.0,1,1,TIER_1_METRO,0.824,0,1,7,0
ord_12024676,cust_233154,2780.2,COD,5,0,0.0,0,2,TIER_1_METRO,0.803,2,1,6,0
ord_48710304,cust_434267,1263.11,UPI,0,0,0.0,1,1,TIER_2,0.737,0,1,18,0
ord_87729132,cust_132309,1017.55,UPI,6,0,0.0,0,1,TIER_1_METRO,0.771,1,4,13,0
ord_58297390,cust_517876,600.7,COD,2,0,0.0,0,1,TIER_1_METRO,0.731,0,2,1,0
ord_29247186,cust_115852,725.53,UPI,7,0,0.0,0,1,TIER_1_METRO,0.769,0,3,21,0
ord_98866217,cust_789981,1922.2,COD,0,0,0.0,1,1,TIER_2,0.384,1,2,7,0
ord_49521538,cust_390111,1005.44,CARD,0,0,0.0,1,1,TIER_1_METRO,0.895,0,1,0,0
ord_68125052,cust_340681,1582.43,UPI,0,0,0.0,1,1,TIER_1_METRO,0.866,1,1,9,0
ord_33387092,cust_460823,4421.92,CARD,0,0,0.0,1,1,TIER_2,0.531,1,1,1,0
ord_94773823,cust_206276,249.0,UPI,7,2,0.2857,0,1,TIER_1_METRO,0.648,0,1,22,0
ord_22073874,cust_539620,1861.13,UPI,6,0,0.0,0,1,TIER_1_METRO,0.765,0,1,15,0
ord_42658904,cust_968773,334.26,UPI,0,0,0.0,1,3,TIER_1_METRO,0.967,2,1,16,0
ord_99011694,cust_777343,504.91,COD,0,0,0.0,1,1,TIER_3_HIGH_RISK,0.568,0,3,16,1
ord_72784216,cust_187073,1656.37,COD,14,0,0.0,0,1,TIER_3_HIGH_RISK,0.43,0,1,11,0
ord_89649146,cust_191810,701.62,COD,0,0,0.0,1,1,TIER_2,0.556,0,2,10,1
ord_57718418,cust_680484,1126.83,UPI,8,2,0.25,0,2,TIER_2,0.779,3,1,17,1
ord_33105620,cust_346229,1499.82,COD,0,0,0.0,1,2,TIER_1_METRO,0.685,0,4,21,0
ord_62157313,cust_528053,969.21,COD,0,0,0.0,1,1,TIER_3_HIGH_RISK,0.555,1,3,8,1
ord_96131989,cust_385201,1206.59,CARD,0,0,0.0,1,1,TIER_2,0.504,1,1,0,0
ord_12480017,cust_698998,399.94,COD,8,0,0.0,0,2,TIER_3_HIGH_RISK,0.373,0,1,19,1
ord_23380190,cust_267248,5087.4,COD,0,0,0.0,1,1,TIER_1_METRO,0.856,0,1,22,0
ord_27871312,cust_334099,1477.7,CARD,11,0,0.0,0,1,TIER_2,0.877,0,3,15,0
ord_56675401,cust_839919,1054.45,CARD,0,0,0.0,1,1,TIER_2,0.965,0,1,22,0
ord_65913120,cust_134407,1924.45,COD,0,0,0.0,1,1,TIER_2,0.782,0,1,7,0
ord_97545077,cust_655146,1213.66,COD,10,0,0.0,0,1,TIER_2,0.633,0,1,16,0
ord_17334901,cust_584100,1093.43,CARD,0,0,0.0,1,1,TIER_2,0.905,0,1,17,0
ord_41699263,cust_966539,739.76,UPI,4,0,0.0,0,2,TIER_1_METRO,0.826,0,1,13,0
ord_49028092,cust_817510,830.45,COD,8,0,0.0,0,1,TIER_3_HIGH_RISK,0.777,0,2,7,0
ord_82410436,cust_494411,1623.7,COD,12,0,0.0,0,2,TIER_2,0.828,1,4,13,1
ord_93490168,cust_226681,1326.74,CARD,17,0,0.0,0,1,TIER_1_METRO,0.869,0,1,15,0
ord_85885374,cust_840999,1181.33,UPI,3,0,0.0,0,1,TIER_2,0.687,0,1,20,0
ord_57953688,cust_428773,381.16,COD,8,1,0.125,0,1,TIER_3_HIGH_RISK,0.611,0,1,10,0
ord_62269564,cust_297430,3512.52,COD,2,0,0.0,0,1,TIER_1_METRO,0.784,0,5,7,0
ord_11119816,cust_777122,760.4,COD,0,0,0.0,1,1,TIER_1_METRO,0.655,0,2,1,1
ord_30885050,cust_950008,453.45,UPI,4,0,0.0,0,1,TIER_3_HIGH_RISK,0.739,2,1,9,0
ord_87277157,cust_723521,2296.11,COD,17,5,0.2941,0,1,TIER_2,0.787,0,1,17,1
ord_83701774,cust_238213,959.15,CARD,0,0,0.0,1,4,TIER_3_HIGH_RISK,0.437,1,3,2,1
ord_33794028,cust_388465,1367.83,UPI,0,0,0.0,1,1,TIER_2,0.797,0,1,10,0
ord_72632743,cust_841449,689.71,CARD,0,0,0.0,1,2,TIER_2,0.616,2,2,14,1
ord_65016291,cust_543683,6092.7,COD,8,0,0.0,0,1,TIER_2,0.737,0,3,11,0
ord_58897936,cust_677076,1449.1,COD,0,0,0.0,1,3,TIER_2,0.632,0,5,19,1
ord_75242949,cust_795388,6499.7,NETBANKING,7,0,0.0,0,1,TIER_1_METRO,0.553,0,2,7,0
ord_73625792,cust_913089,2851.2,CARD,0,0,0.0,1,2,TIER_3_HIGH_RISK,0.218,0,1,21,1
ord_84325901,cust_565051,1189.13,COD,0,0,0.0,1,1,TIER_2,0.607,1,3,17,0
ord_14079441,cust_365968,504.72,COD,10,0,0.0,0,1,TIER_1_METRO,0.677,1,1,12,0
ord_20198499,cust_815661,2510.11,UPI,0,0,0.0,1,1,TIER_2,0.88,0,1,14,0
ord_56048559,cust_787312,4709.06,UPI,0,0,0.0,1,1,TIER_2,0.941,2,1,23,0
ord_20977809,cust_884483,383.89,COD,0,0,0.0,1,3,TIER_2,0.94,2,2,17,1
ord_73876263,cust_140503,1611.43,UPI,8,0,0.0,0,1,TIER_2,0.741,0,1,6,0
ord_15418952,cust_889480,3506.95,COD,0,0,0.0,1,1,TIER_1_METRO,0.774,0,1,5,1
ord_63363404,cust_132664,580.7,COD,0,0,0.0,1,1,TIER_3_HIGH_RISK,0.742,1,1,4,1
ord_67789795,cust_113790,1683.02,UPI,0,0,0.0,1,3,TIER_1_METRO,0.687,0,1,1,0
ord_92852072,cust_682899,1514.43,COD,0,0,0.0,1,1,TIER_1_METRO,0.847,0,1,6,1
ord_72101587,cust_686008,1686.62,COD,6,0,0.0,0,4,TIER_2,0.941,1,1,7,0
ord_98337521,cust_812084,4709.35,COD,12,1,0.0833,0,2,TIER_1_METRO,0.738,0,2,15,1
ord_48615932,cust_856935,2332.45,COD,5,1,0.2,0,1,TIER_2,0.956,0,1,13,0
ord_66885616,cust_807292,1225.37,UPI,0,0,0.0,1,1,TIER_1_METRO,0.922,1,4,2,0
ord_81048489,cust_916570,552.53,COD,0,0,0.0,1,2,TIER_1_METRO,0.792,0,2,10,0
ord_41066006,cust_607934,559.63,COD,12,1,0.0833,0,4,TIER_1_METRO,0.715,2,1,7,1
ord_59106585,cust_422775,502.6,COD,0,0,0.0,1,1,TIER_3_HIGH_RISK,0.792,1,3,10,0
ord_75743288,cust_279809,1635.68,UPI,0,0,0.0,1,2,TIER_1_METRO,0.914,2,1,11,0
ord_54675521,cust_642353,1498.97,UPI,0,0,0.0,1,1,TIER_2,0.632,0,4,11,0
ord_91248172,cust_985250,2538.59,NETBANKING,9,0,0.0,0,2,TIER_1_METRO,0.77,1,2,17,0
ord_17339838,cust_204273,915.59,CARD,2,0,0.0,0,1,TIER_3_HIGH_RISK,0.666,0,1,5,0
ord_50201137,cust_522870,898.07,UPI,6,0,0.0,0,1,TIER_3_HIGH_RISK,0.691,0,1,0,0
ord_70481382,cust_785359,1190.05,UPI,0,0,0.0,1,1,TIER_1_METRO,0.726,2,1,14,0
ord_96904519,cust_813757,675.46,COD,2,0,0.0,0,2,TIER_2,0.748,2,1,3,1
ord_44187163,cust_203376,922.18,COD,9,0,0.0,0,1,TIER_1_METRO,0.848,0,2,17,0
ord_70392605,cust_219247,259.74,CARD,0,0,0.0,1,5,TIER_1_METRO,0.634,0,1,15,1
ord_57428722,cust_533733,728.68,COD,3,0,0.0,0,1,TIER_2,0.894,0,1,2,1
ord_38834717,cust_368329,790.99,UPI,9,2,0.2222,0,1,TIER_2,0.852,0,2,3,0
ord_34463497,cust_341553,750.92,COD,0,0,0.0,1,1,TIER_3_HIGH_RISK,0.689,0,1,2,1
ord_48494992,cust_239972,7548.22,UPI,0,0,0.0,1,1,TIER_1_METRO,0.99,2,2,13,0
ord_44915196,cust_180312,600.58,CARD,0,0,0.0,1,1,TIER_1_METRO,0.869,0,8,12,0
ord_60897283,cust_736024,1976.83,COD,9,0,0.0,0,1,TIER_2,0.843,1,1,14,0
ord_35164700,cust_328749,5921.83,COD,16,1,0.0625,0,1,TIER_1_METRO,0.848,1,1,0,0
ord_56377961,cust_339354,955.96,CARD,2,0,0.0,0,1,TIER_2,0.969,0,1,6,0
ord_66426293,cust_686455,559.15,COD,0,0,0.0,1,1,TIER_1_METRO,0.851,1,1,0,1
ord_82571674,cust_139244,1920.45,UPI,2,0,0.0,0,1,TIER_3_HIGH_RISK,0.67,2,4,15,0
ord_44741450,cust_152320,343.63,COD,0,0,0.0,1,1,TIER_1_METRO,0.944,0,4,1,1
ord_28241510,cust_748794,659.3,COD,8,0,0.0,0,1,TIER_3_HIGH_RISK,0.725,0,3,23,1
ord_52670507,cust_180225,517.44,UPI,3,0,0.0,0,2,TIER_1_METRO,0.937,1,1,5,0
ord_90888054,cust_906192,2611.81,COD,5,0,0.0,0,1,TIER_3_HIGH_RISK,0.483,0,1,8,1
ord_45504688,cust_839617,4599.44,UPI,0,0,0.0,1,1,TIER_2,0.732,1,1,11,0
ord_32558781,cust_471698,1305.16,COD,0,0,0.0,1,2,TIER_3_HIGH_RISK,0.852,0,3,0,1
ord_13828433,cust_263223,767.68,UPI,0,0,0.0,1,2,TIER_2,0.79,1,3,6,0
ord_16445860,cust_759763,251.35,UPI,4,0,0.0,0,1,TIER_3_HIGH_RISK,0.791,0,2,5,0
ord_10216194,cust_839176,1109.82,COD,11,1,0.0909,0,1,TIER_3_HIGH_RISK,0.576,0,1,2,1
ord_34423854,cust_155812,1121.55,COD,0,0,0.0,1,1,TIER_2,0.987,0,1,20,0
ord_20297650,cust_866079,2070.94,UPI,0,0,0.0,1,2,TIER_2,0.609,0,1,1,0
ord_99401408,cust_303251,2327.6,UPI,0,0,0.0,1,4,TIER_2,0.91,0,1,6,1
ord_84648633,cust_812923,423.29,COD,7,0,0.0,0,1,TIER_2,0.753,0,2,11,0
ord_74475688,cust_992642,2609.35,CARD,10,0,0.0,0,1,TIER_2,0.856,2,1,13,0
ord_41390940,cust_873812,557.63,UPI,6,0,0.0,0,1,TIER_2,0.843,0,1,22,0
ord_20002707,cust_405056,1023.34,COD,0,0,0.0,1,1,TIER_2,0.944,0,2,13,0
ord_86766434,cust_895238,5058.37,UPI,0,0,0.0,1,1,TIER_3_HIGH_RISK,0.73,0,2,20,0
ord_11399298,cust_252395,1139.86,COD,1,1,1.0,0,1,TIER_1_METRO,0.495,0,1,6,1
ord_30969112,cust_122970,478.88,COD,1,0,0.0,0,1,TIER_1_METRO,0.89,1,1,18,0
ord_28303750,cust_949842,1601.74,UPI,5,3,0.6,0,1,TIER_1_METRO,0.955,0,2,17,0
ord_93711616,cust_893567,360.4,COD,5,0,0.0,0,1,TIER_2,0.88,0,5,15,0
ord_37859798,cust_557767,2799.18,COD,4,0,0.0,0,2,TIER_2,0.88,1,1,2,0
ord_71395288,cust_126515,1235.02,COD,0,0,0.0,1,1,TIER_1_METRO,0.897,0,1,16,0
ord_53020873,cust_487167,3022.59,UPI,0,0,0.0,1,2,TIER_1_METRO,0.994,0,1,3,0
ord_45547266,cust_110633,695.48,UPI,8,0,0.0,0,2,TIER_1_METRO,0.572,2,3,5,0
ord_69187251,cust_745171,448.39,CARD,0,0,0.0,1,1,TIER_3_HIGH_RISK,0.917,1,1,21,0
ord_51906302,cust_758281,1436.24,UPI,8,3,0.375,0,3,TIER_1_METRO,0.644,0,1,12,0
ord_94053071,cust_896714,1271.31,COD,17,0,0.0,0,1,TIER_1_METRO,0.787,0,1,1,0
ord_43976087,cust_564137,1521.17,COD,0,0,0.0,1,2,TIER_1_METRO,0.911,0,1,3,1
ord_44904771,cust_218222,3138.17,COD,4,0,0.0,0,1,TIER_2,0.633,0,1,15,0
ord_68508606,cust_998511,4351.5,UPI,0,0,0.0,1,1,TIER_2,0.758,0,1,1,0
ord_68724950,cust_198631,3621.71,NETBANKING,0,0,0.0,1,1,TIER_2,0.858,0,1,15,0
ord_14122758,cust_797484,3756.65,COD,9,0,0.0,0,5,TIER_3_HIGH_RISK,0.67,0,4,14,1
ord_88703071,cust_757773,949.07,COD,7,0,0.0,0,2,TIER_1_METRO,0.835,1,1,18,0
ord_96963179,cust_165470,757.99,UPI,0,0,0.0,1,1,TIER_2,0.936,2,2,13,0
ord_87596244,cust_111116,1923.61,COD,0,0,0.0,1,1,TIER_2,0.742,0,1,8,1
ord_92773486,cust_655563,555.01,COD,5,0,0.0,0,1,TIER_1_METRO,0.939,1,1,13,0
ord_51387110,cust_518246,2547.72,UPI,0,0,0.0,1,1,TIER_1_METRO,0.757,1,2,11,0
ord_46843795,cust_646499,856.28,UPI,9,1,0.1111,0,1,TIER_3_HIGH_RISK,0.818,0,1,12,1
ord_48161887,cust_970912,481.17,COD,0,0,0.0,1,1,TIER_2,0.886,0,1,12,0
ord_42686304,cust_372976,1768.31,UPI,12,0,0.0,0,1,TIER_3_HIGH_RISK,0.62,1,1,23,0
ord_29155151,cust_344944,4347.32,NETBANKING,1,0,0.0,0,1,TIER_2,0.845,2,1,19,1
ord_32005782,cust_202478,675.99,UPI,0,0,0.0,1,1,TIER_1_METRO,0.799,1,2,11,0
ord_31068472,cust_251391,2719.96,COD,0,0,0.0,1,5,TIER_2,0.71,0,1,3,1
ord_69468269,cust_466357,4423.21,COD,10,0,0.0,0,1,TIER_1_METRO,0.932,2,1,18,0
ord_18454364,cust_309229,598.19,NETBANKING,1,0,0.0,0,1,TIER_1_METRO,0.816,3,1,1,0
ord_31020996,cust_491016,7378.9,UPI,0,0,0.0,1,1,TIER_2,0.479,0,1,5,0
ord_67035210,cust_942332,1903.33,UPI,14,0,0.0,0,1,TIER_2,0.92,0,2,7,0
ord_39915838,cust_143237,661.41,COD,6,0,0.0,0,1,TIER_3_HIGH_RISK,0.812,1,3,18,0
ord_49929257,cust_720632,1252.61,UPI,2,0,0.0,0,1,TIER_2,0.822,0,2,22,0
ord_39250312,cust_364626,584.77,COD,11,0,0.0,0,3,TIER_2,0.925,3,4,19,1
ord_53099689,cust_275926,651.35,COD,0,0,0.0,1,1,TIER_1_METRO,0.8,3,1,22,1
ord_34091077,cust_800009,860.04,UPI,0,0,0.0,1,1,TIER_3_HIGH_RISK,0.639,3,1,4,1
ord_10243761,cust_155881,465.59,UPI,8,0,0.0,0,1,TIER_1_METRO,0.534,0,2,1,0
ord_20736301,cust_299307,558.96,CARD,5,1,0.2,0,1,TIER_1_METRO,0.729,0,2,5,0
ord_93997037,cust_370871,458.4,COD,14,2,0.1429,0,1,TIER_1_METRO,0.801,1,2,14,0
ord_56858511,cust_364336,3656.35,COD,7,0,0.0,0,2,TIER_1_METRO,0.849,1,2,2,0
ord_11343054,cust_432783,462.12,UPI,12,0,0.0,0,1,TIER_3_HIGH_RISK,0.744,0,2,17,0
ord_12343136,cust_177347,1383.99,COD,10,1,0.1,0,1,TIER_2,0.322,0,3,14,1
ord_65861779,cust_140459,2191.2,UPI,2,0,0.0,0,1,TIER_2,0.701,0,1,4,0
ord_13683909,cust_901431,786.03,COD,5,1,0.2,0,1,TIER_1_METRO,0.837,2,1,14,1
ord_99211990,cust_290091,3458.96,UPI,3,0,0.0,0,1,TIER_1_METRO,0.662,2,1,18,1
ord_94656124,cust_676380,2009.71,COD,2,0,0.0,0,1,TIER_1_METRO,0.849,0,2,1,0
ord_29292769,cust_463169,3559.02,COD,0,0,0.0,1,1,TIER_2,0.578,1,1,9,1
ord_91470680,cust_845304,3495.38,CARD,0,0,0.0,1,1,TIER_1_METRO,0.666,0,3,22,0
ord_64788653,cust_832581,808.79,COD,0,0,0.0,1,1,TIER_3_HIGH_RISK,0.753,0,1,14,1
ord_89076741,cust_379037,485.82,UPI,6,0,0.0,0,1,TIER_2,0.76,0,1,10,0
ord_99856306,cust_374233,689.12,COD,7,0,0.0,0,2,TIER_1_METRO,0.787,0,1,12,0
ord_11620706,cust_371344,1446.68,UPI,0,0,0.0,1,1,TIER_1_METRO,0.956,1,2,16,0
ord_90138656,cust_741142,903.63,COD,0,0,0.0,1,1,TIER_2,0.544,0,3,13,0
ord_86127930,cust_871745,1520.36,COD,0,0,0.0,1,1,TIER_3_HIGH_RISK,0.476,2,1,5,1
ord_38094575,cust_369951,8377.26,UPI,2,0,0.0,0,3,TIER_1_METRO,0.722,0,4,14,0
ord_99304706,cust_628513,1322.04,NETBANKING,9,0,0.0,0,1,TIER_2,0.789,1,1,16,0
ord_44115565,cust_377098,249.0,UPI,0,0,0.0,1,1,TIER_2,0.896,2,1,16,0
ord_40156188,cust_348738,1773.93,NETBANKING,12,0,0.0,0,2,TIER_2,0.872,0,1,16,0
ord_52463152,cust_100184,1037.19,COD,0,0,0.0,1,1,TIER_1_METRO,0.719,0,2,8,1
ord_30355903,cust_725560,735.64,COD,4,0,0.0,0,4,TIER_2,0.826,0,3,0,1
ord_76073728,cust_496008,908.0,UPI,0,0,0.0,1,1,TIER_2,0.912,0,2,13,1
ord_57257306,cust_207966,1686.24,COD,0,0,0.0,1,1,TIER_3_HIGH_RISK,0.765,3,2,5,1
ord_66411070,cust_774567,896.39,COD,0,0,0.0,1,5,TIER_2,0.94,0,1,5,1
ord_21872752,cust_117829,2448.13,COD,0,0,0.0,1,1,TIER_1_METRO,0.893,1,1,18,0
ord_35788031,cust_103991,2066.77,COD,0,0,0.0,1,1,TIER_1_METRO,0.69,0,1,11,0
ord_23839094,cust_974283,2948.55,COD,0,0,0.0,1,1,TIER_3_HIGH_RISK,0.649,0,1,5,0
ord_60469628,cust_310743,437.18,UPI,11,0,0.0,0,1,TIER_1_METRO,0.876,1,1,17,0
ord_47297281,cust_435475,937.95,COD,10,0,0.0,0,1,TIER_2,0.836,0,1,18,0
ord_29894388,cust_444776,2445.27,CARD,6,1,0.1667,0,1,TIER_1_METRO,0.7,1,2,18,0
ord_11208957,cust_676736,807.11,COD,0,0,0.0,1,1,TIER_3_HIGH_RISK,0.635,2,1,10,1
ord_91917187,cust_870018,1758.72,COD,0,0,0.0,1,5,TIER_1_METRO,0.955,0,8,4,1
ord_64558308,cust_545815,325.35,UPI,0,0,0.0,1,1,TIER_2,0.805,1,1,7,0
ord_40596658,cust_325075,897.34,COD,0,0,0.0,1,1,TIER_1_METRO,0.791,1,1,2,0
ord_23322450,cust_835922,568.95,CARD,0,0,0.0,1,2,TIER_3_HIGH_RISK,0.75,1,1,13,0
ord_79170638,cust_397399,2051.52,UPI,12,2,0.1667,0,1,TIER_3_HIGH_RISK,0.725,1,1,22,0
ord_54280462,cust_133103,6887.38,COD,5,0,0.0,0,1,TIER_1_METRO,0.873,2,2,18,0
ord_53144878,cust_417319,1674.03,COD,15,4,0.2667,0,1,TIER_1_METRO,0.906,3,1,8,1
ord_72155971,cust_738794,2144.41,COD,0,0,0.0,1,1,TIER_1_METRO,0.494,0,1,15,1
ord_93709147,cust_585750,883.91,CARD,0,0,0.0,1,1,TIER_2,0.768,0,4,3,0
ord_47509631,cust_974757,1506.91,COD,5,0,0.0,0,1,TIER_3_HIGH_RISK,0.641,0,3,0,0
ord_39461504,cust_893091,438.13,CARD,10,2,0.2,0,1,TIER_1_METRO,0.964,1,2,11,1
ord_44741269,cust_414684,2267.56,UPI,0,0,0.0,1,1,TIER_2,0.725,1,1,19,0
ord_25678986,cust_894609,1123.22,CARD,0,0,0.0,1,1,TIER_3_HIGH_RISK,0.8,1,1,0,1
ord_31827621,cust_134111,2577.59,COD,3,0,0.0,0,1,TIER_2,0.841,1,1,9,0
ord_88197502,cust_849230,630.12,NETBANKING,0,0,0.0,1,1,TIER_3_HIGH_RISK,0.783,0,1,23,0
ord_85173084,cust_290701,926.38,UPI,1,0,0.0,0,1,TIER_3_HIGH_RISK,0.716,1,2,12,0
ord_53480786,cust_588287,1212.34,UPI,14,2,0.1429,0,1,TIER_1_METRO,0.789,0,4,9,0
ord_58448102,cust_200353,942.68,COD,16,1,0.0625,0,1,TIER_1_METRO,0.897,1,3,23,0
ord_24674301,cust_160117,2421.74,UPI,0,0,0.0,1,1,TIER_2,0.922,1,1,20,0
ord_52541546,cust_203623,974.75,UPI,0,0,0.0,1,1,TIER_1_METRO,0.877,0,1,15,0
ord_76927703,cust_118409,761.79,UPI,9,0,0.0,0,1,TIER_2,0.843,2,2,18,0
ord_38611730,cust_925307,298.31,COD,10,0,0.0,0,1,TIER_2,0.813,0,1,23,0
ord_57039823,cust_884256,395.8,COD,0,0,0.0,1,1,TIER_2,0.611,0,1,6,0
ord_52951048,cust_653690,2077.61,CARD,6,0,0.0,0,1,TIER_1_METRO,0.955,2,2,8,0
ord_59090547,cust_435482,730.12,UPI,6,0,0.0,0,1,TIER_1_METRO,0.768,2,1,6,0
ord_54855075,cust_466675,6486.09,UPI,2,0,0.0,0,2,TIER_2,0.76,2,1,8,0
ord_27434167,cust_443401,1245.75,UPI,12,0,0.0,0,1,TIER_1_METRO,0.739,1,1,2,0
ord_29916998,cust_606568,921.31,COD,15,0,0.0,0,1,TIER_2,0.974,1,2,20,0
ord_35187400,cust_406844,904.74,UPI,6,0,0.0,0,1,TIER_2,0.832,1,1,13,0
ord_66692404,cust_160046,3252.64,COD,3,0,0.0,0,1,TIER_1_METRO,0.62,1,1,9,0
ord_95654773,cust_146972,1013.94,CARD,0,0,0.0,1,1,TIER_1_METRO,0.817,1,2,1,0
ord_66733039,cust_103005,4447.25,COD,0,0,0.0,1,5,TIER_2,0.837,0,4,15,1
ord_35110847,cust_937948,899.05,UPI,7,0,0.0,0,3,TIER_1_METRO,0.642,1,2,7,0
ord_71864145,cust_452160,1769.53,CARD,8,0,0.0,0,1,TIER_1_METRO,0.811,0,1,5,0
ord_74934272,cust_702555,2160.65,COD,17,0,0.0,0,2,TIER_3_HIGH_RISK,0.741,1,1,18,0
ord_74052448,cust_132882,1290.63,UPI,0,0,0.0,1,2,TIER_1_METRO,0.662,1,5,2,0
ord_25762512,cust_629070,801.32,UPI,8,1,0.125,0,3,TIER_1_METRO,0.967,0,4,2,0
ord_99159977,cust_208182,414.52,COD,0,0,0.0,1,1,TIER_1_METRO,0.763,1,1,21,1
ord_26140113,cust_226895,1927.25,NETBANKING,0,0,0.0,1,2,TIER_2,0.73,2,3,9,0
ord_71569024,cust_416925,1894.0,CARD,0,0,0.0,1,1,TIER_2,0.655,0,1,19,0
ord_28171905,cust_722052,2583.41,COD,10,1,0.1,0,1,TIER_2,0.68,0,3,18,1
ord_56977874,cust_981481,1657.39,COD,6,0,0.0,0,1,TIER_1_METRO,0.917,1,3,1,0
ord_26884370,cust_617855,715.56,COD,8,0,0.0,0,1,TIER_2,0.907,2,1,18,0
ord_10250139,cust_652960,795.03,CARD,1,0,0.0,0,1,TIER_3_HIGH_RISK,0.747,0,1,20,0
ord_10834938,cust_720096,249.0,COD,0,0,0.0,1,1,TIER_1_METRO,0.624,0,1,18,0
ord_10841618,cust_815003,1170.47,UPI,9,1,0.1111,0,1,TIER_1_METRO,0.895,2,2,15,1
ord_85533854,cust_670935,1851.08,UPI,3,0,0.0,0,1,TIER_2,0.894,0,1,3,0
ord_92226579,cust_705410,1061.03,COD,0,0,0.0,1,4,TIER_1_METRO,0.824,2,1,3,1
ord_40890345,cust_570370,482.12,UPI,0,0,0.0,1,1,TIER_1_METRO,0.722,0,1,11,1
ord_90236059,cust_317295,843.91,COD,6,0,0.0,0,1,TIER_1_METRO,0.718,2,2,18,0
ord_94008017,cust_613419,1260.68,UPI,0,0,0.0,1,3,TIER_1_METRO,0.86,3,3,16,1
ord_31230938,cust_567595,1671.21,COD,6,0,0.0,0,1,TIER_1_METRO,0.898,0,1,23,0
ord_95431409,cust_379567,853.03,COD,7,0,0.0,0,1,TIER_2,0.594,2,4,19,0
ord_94949772,cust_778627,877.36,NETBANKING,0,0,0.0,1,1,TIER_1_METRO,0.873,0,1,1,0
ord_17583354,cust_239830,2403.46,UPI,0,0,0.0,1,1,TIER_3_HIGH_RISK,0.755,3,1,18,1
ord_32421435,cust_857530,532.8,UPI,3,0,0.0,0,1,TIER_3_HIGH_RISK,0.689,0,4,5,0
ord_37880207,cust_106609,1838.64,COD,8,0,0.0,0,2,TIER_2,0.719,1,1,2,0
ord_72144044,cust_337685,552.56,COD,2,0,0.0,0,1,TIER_2,0.64,2,1,15,1
ord_68665296,cust_161330,2390.27,COD,2,0,0.0,0,1,TIER_1_METRO,0.766,1,1,21,0
ord_50643541,cust_870893,765.97,COD,0,0,0.0,1,1,TIER_1_METRO,0.837,2,1,4,0
ord_24228944,cust_534781,312.29,COD,5,0,0.0,0,1,TIER_1_METRO,0.733,3,2,10,0
ord_62693999,cust_309402,1943.59,COD,7,0,0.0,0,1,TIER_3_HIGH_RISK,0.78,0,1,11,0
ord_53682501,cust_476756,2371.59,UPI,0,0,0.0,1,2,TIER_1_METRO,0.72,0,1,13,0
ord_30830708,cust_695196,286.21,COD,6,0,0.0,0,2,TIER_2,0.652,0,1,2,1
ord_25393675,cust_508625,2433.07,COD,0,0,0.0,1,1,TIER_2,0.836,0,1,2,1
ord_47541770,cust_170400,5267.12,COD,6,0,0.0,0,4,TIER_2,0.817,0,1,10,0
ord_27459562,cust_981872,1100.86,COD,4,0,0.0,0,1,TIER_2,0.822,0,2,3,0
ord_68732592,cust_180263,262.99,CARD,4,0,0.0,0,5,TIER_1_METRO,0.749,0,1,7,0
ord_25559641,cust_269640,3123.12,COD,12,0,0.0,0,1,TIER_1_METRO,0.69,2,5,10,0
ord_72242810,cust_768745,2300.78,UPI,3,0,0.0,0,1,TIER_2,0.703,0,1,3,1
ord_59582227,cust_727517,1250.91,COD,7,0,0.0,0,1,TIER_3_HIGH_RISK,0.793,1,1,13,0
ord_97929144,cust_631296,988.01,COD,0,0,0.0,1,1,TIER_1_METRO,0.664,0,2,14,0
ord_94171702,cust_764266,2218.45,COD,0,0,0.0,1,1,TIER_2,0.725,0,1,13,0
ord_91503616,cust_995815,487.05,COD,2,0,0.0,0,1,TIER_2,0.79,0,1,3,0
ord_15125819,cust_307748,1335.76,UPI,0,0,0.0,1,1,TIER_1_METRO,0.752,0,2,23,0
ord_14177927,cust_585741,806.98,COD,1,0,0.0,0,1,TIER_3_HIGH_RISK,0.701,0,3,0,1
ord_90086071,cust_753724,736.1,COD,5,0,0.0,0,1,TIER_1_METRO,0.751,0,2,13,0
ord_63032641,cust_170509,2877.28,UPI,29,0,0.0,0,1,TIER_2,0.948,0,3,19,0
ord_87757628,cust_729364,1439.11,COD,8,1,0.125,0,2,TIER_1_METRO,0.921,0,2,7,0
ord_41326650,cust_355516,1317.22,COD,4,0,0.0,0,4,TIER_2,0.909,2,1,18,0
ord_11034549,cust_859591,335.31,UPI,8,1,0.125,0,1,TIER_2,0.794,0,1,14,0
ord_69311700,cust_760965,1279.06,UPI,0,0,0.0,1,2,TIER_2,0.815,0,2,22,0
ord_69491725,cust_958886,574.14,COD,0,0,0.0,1,2,TIER_2,0.792,2,1,4,1
ord_84085474,cust_342723,464.58,COD,5,0,0.0,0,2,TIER_2,0.667,1,4,7,0
ord_33300461,cust_331437,646.35,COD,4,0,0.0,0,1,TIER_2,0.721,0,2,9,0
ord_90034329,cust_379190,821.76,UPI,7,0,0.0,0,1,TIER_3_HIGH_RISK,0.69,1,1,1,0
ord_47705667,cust_430642,1332.88,CARD,10,0,0.0,0,3,TIER_1_METRO,0.79,0,1,23,0
ord_78181511,cust_614116,1179.29,UPI,0,0,0.0,1,1,TIER_2,0.832,1,1,21,0
ord_15881468,cust_683667,801.18,UPI,5,0,0.0,0,1,TIER_3_HIGH_RISK,0.865,0,1,17,0
ord_50371555,cust_692247,1465.26,CARD,7,1,0.1429,0,1,TIER_2,0.914,0,2,2,0
ord_26990019,cust_376682,954.69,UPI,3,0,0.0,0,1,TIER_1_METRO,0.98,1,1,23,0
ord_81603757,cust_609135,586.67,COD,23,0,0.0,0,1,TIER_3_HIGH_RISK,0.738,1,1,22,0
ord_17085904,cust_445341,3866.67,COD,5,1,0.2,0,7,TIER_1_METRO,0.635,1,1,5,1
ord_71158095,cust_402789,3702.31,UPI,0,0,0.0,1,1,TIER_3_HIGH_RISK,0.607,0,1,20,0
ord_65296596,cust_635814,771.5,UPI,4,0,0.0,0,1,TIER_1_METRO,0.94,0,3,17,0
ord_80881081,cust_626025,5209.87,COD,4,0,0.0,0,1,TIER_1_METRO,0.863,1,2,20,1
ord_59633572,cust_854056,5554.18,COD,1,0,0.0,0,2,TIER_2,0.511,0,5,2,1
ord_39750575,cust_994929,523.09,UPI,4,0,0.0,0,1,TIER_1_METRO,0.525,0,1,2,0
ord_36170235,cust_587043,823.75,COD,4,0,0.0,0,5,TIER_1_METRO,0.899,0,1,17,0
ord_58766345,cust_609603,860.81,UPI,0,0,0.0,1,3,TIER_1_METRO,0.887,3,1,14,0
ord_48963185,cust_297935,503.86,COD,13,0,0.0,0,3,TIER_1_METRO,0.891,1,1,12,0
ord_96337683,cust_606930,1258.96,UPI,0,0,0.0,1,1,TIER_2,0.742,0,1,4,0
ord_29533132,cust_573789,2100.22,COD,9,1,0.1111,0,1,TIER_3_HIGH_RISK,0.669,0,1,13,1
ord_14590585,cust_754735,561.33,UPI,6,0,0.0,0,1,TIER_2,0.651,2,4,20,0
ord_11045716,cust_786235,402.73,UPI,0,0,0.0,1,5,TIER_2,0.894,0,1,9,0
ord_33664022,cust_743051,892.15,NETBANKING,10,0,0.0,0,1,TIER_3_HIGH_RISK,0.836,0,1,22,0
ord_76907755,cust_905946,757.92,UPI,0,0,0.0,1,2,TIER_3_HIGH_RISK,0.606,0,1,17,1
ord_90521377,cust_102355,2641.43,COD,0,0,0.0,1,1,TIER_1_METRO,0.73,1,2,3,0
ord_70221198,cust_447614,1769.51,COD,0,0,0.0,1,1,TIER_2,0.744,0,1,19,0
ord_34873513,cust_253877,2262.8,UPI,0,0,0.0,1,1,TIER_2,0.892,0,1,11,0
ord_64650878,cust_948327,3355.33,CARD,6,0,0.0,0,1,TIER_2,0.814,2,1,0,0
ord_71020155,cust_574833,765.72,COD,0,0,0.0,1,1,TIER_2,0.934,0,1,16,0
ord_78989028,cust_420760,2403.93,COD,5,0,0.0,0,1,TIER_2,0.842,1,4,4,0
ord_33685747,cust_951728,501.7,UPI,8,0,0.0,0,1,TIER_2,0.844,2,2,16,0
ord_76052244,cust_614681,946.53,CARD,6,0,0.0,0,1,TIER_2,0.76,1,4,10,0
ord_92335423,cust_523030,825.9,CARD,13,0,0.0,0,4,TIER_2,0.918,0,1,5,0
ord_34130071,cust_494689,1217.89,COD,6,0,0.0,0,3,TIER_1_METRO,0.391,0,1,9,1
ord_29171235,cust_780939,3545.86,CARD,12,0,0.0,0,2,TIER_2,0.947,3,3,5,0
ord_69241983,cust_604803,1148.83,CARD,0,0,0.0,1,2,TIER_1_METRO,0.683,0,1,7,1
ord_17519270,cust_789968,607.57,COD,0,0,0.0,1,1,TIER_1_METRO,0.921,0,1,1,0
ord_88567793,cust_752863,547.49,COD,0,0,0.0,1,3,TIER_1_METRO,0.645,1,1,6,1
ord_86794548,cust_586744,1827.2,NETBANKING,0,0,0.0,1,1,TIER_1_METRO,0.943,0,1,4,0
ord_33917061,cust_678719,2598.8,UPI,1,0,0.0,0,1,TIER_3_HIGH_RISK,0.726,3,1,20,1
ord_39843907,cust_109297,924.43,COD,7,0,0.0,0,1,TIER_3_HIGH_RISK,0.543,0,1,13,1
ord_13886613,cust_407678,1286.89,COD,0,0,0.0,1,1,TIER_3_HIGH_RISK,0.399,1,4,11,1
ord_65362459,cust_984568,324.86,COD,15,0,0.0,0,1,TIER_2,0.946,0,1,19,0
ord_17640167,cust_768301,1471.23,COD,3,0,0.0,0,1,TIER_1_METRO,0.85,2,2,9,0
ord_10723879,cust_136417,1221.71,UPI,0,0,0.0,1,2,TIER_2,0.847,0,2,9,1
ord_44119117,cust_897634,1317.24,UPI,11,0,0.0,0,1,TIER_2,0.94,0,3,11,0
ord_23321008,cust_190153,3115.17,COD,0,0,0.0,1,1,TIER_3_HIGH_RISK,0.456,0,1,12,0
ord_40310420,cust_540686,1062.33,COD,0,0,0.0,1,1,TIER_2,0.84,0,1,21,1
ord_12746153,cust_212315,249.0,UPI,12,0,0.0,0,1,TIER_1_METRO,0.936,1,2,21,0
ord_21331383,cust_268704,974.36,COD,6,0,0.0,0,1,TIER_1_METRO,0.696,0,1,11,0
ord_97266715,cust_990514,526.31,COD,0,0,0.0,1,3,TIER_2,0.755,2,1,23,1
ord_75856750,cust_748829,1828.06,UPI,3,0,0.0,0,1,TIER_1_METRO,0.934,1,1,10,0
ord_77607727,cust_484412,4137.25,CARD,2,0,0.0,0,2,TIER_2,0.67,0,1,8,0
ord_66775993,cust_654055,797.11,UPI,8,1,0.125,0,1,TIER_2,0.876,0,1,1,0
ord_89304234,cust_146257,544.41,UPI,0,0,0.0,1,1,TIER_3_HIGH_RISK,0.804,0,3,22,0
ord_47282921,cust_818925,1345.44,CARD,16,2,0.125,0,2,TIER_1_METRO,0.874,0,3,13,0
ord_30589226,cust_504317,985.86,COD,0,0,0.0,1,1,TIER_3_HIGH_RISK,0.632,0,1,18,1
ord_34783762,cust_601817,730.9,COD,20,0,0.0,0,1,TIER_3_HIGH_RISK,0.863,0,1,22,0
ord_19941699,cust_865064,5739.98,COD,4,0,0.0,0,2,TIER_1_METRO,0.754,2,1,2,1
ord_46396284,cust_401062,541.58,UPI,0,0,0.0,1,4,TIER_1_METRO,0.917,0,1,5,1
ord_87510793,cust_212858,2049.57,UPI,2,0,0.0,0,1,TIER_2,0.663,0,2,11,0
ord_21309411,cust_807518,457.5,UPI,0,0,0.0,1,1,TIER_1_METRO,0.964,0,3,10,0
ord_61978321,cust_765916,2309.48,COD,7,0,0.0,0,1,TIER_2,0.903,0,4,18,0
ord_68152355,cust_578564,903.18,CARD,0,0,0.0,1,2,TIER_1_METRO,0.9,0,1,19,0
ord_78997670,cust_608911,578.26,CARD,5,2,0.4,0,1,TIER_2,0.776,0,1,20,0
ord_29641837,cust_121310,1904.06,UPI,0,0,0.0,1,1,TIER_1_METRO,0.756,3,3,3,1
ord_12469606,cust_521645,2643.17,COD,1,1,1.0,0,1,TIER_1_METRO,0.639,1,3,16,1
ord_49754383,cust_378588,646.16,COD,0,0,0.0,1,1,TIER_3_HIGH_RISK,0.611,0,1,15,0
ord_32178434,cust_411294,1557.56,NETBANKING,5,1,0.2,0,3,TIER_2,0.967,0,1,5,0
ord_26616818,cust_965818,976.97,UPI,0,0,0.0,1,1,TIER_2,0.582,1,2,19,0
ord_55977981,cust_326283,775.03,CARD,7,0,0.0,0,1,TIER_1_METRO,0.993,2,1,14,0
ord_81847887,cust_621827,2724.11,UPI,4,1,0.25,0,1,TIER_1_METRO,0.81,1,1,23,0
ord_69910590,cust_904652,496.84,COD,0,0,0.0,1,1,TIER_2,0.696,2,1,3,1
ord_74648545,cust_294473,249.0,UPI,3,0,0.0,0,1,TIER_3_HIGH_RISK,0.738,1,1,14,0
ord_98084891,cust_235282,1066.1,COD,5,0,0.0,0,1,TIER_3_HIGH_RISK,0.675,0,1,12,0
ord_71509503,cust_800527,2940.09,CARD,8,1,0.125,0,1,TIER_3_HIGH_RISK,0.473,1,1,4,1
ord_41802560,cust_151052,1001.58,UPI,9,1,0.1111,0,3,TIER_1_METRO,0.912,0,1,5,0
ord_84872276,cust_245508,1321.68,CARD,0,0,0.0,1,1,TIER_2,0.909,1,2,9,0
ord_64346324,cust_679571,495.23,CARD,0,0,0.0,1,1,TIER_1_METRO,0.943,0,1,11,0
ord_70712825,cust_515474,745.99,COD,13,0,0.0,0,1,TIER_1_METRO,0.448,0,2,15,0
ord_18671734,cust_206657,1303.12,COD,0,0,0.0,1,1,TIER_2,0.842,0,2,2,1
ord_92367891,cust_988603,711.94,COD,9,0,0.0,0,1,TIER_1_METRO,0.743,1,2,3,0
ord_74493474,cust_393996,1836.64,UPI,3,0,0.0,0,1,TIER_3_HIGH_RISK,0.705,1,2,8,0
ord_20016389,cust_249388,823.84,CARD,2,0,0.0,0,3,TIER_2,0.878,0,1,9,0
ord_10984588,cust_936081,829.59,COD,11,0,0.0,0,4,TIER_3_HIGH_RISK,0.395,0,4,2,1
ord_61562394,cust_823920,586.35,COD,0,0,0.0,1,3,TIER_3_HIGH_RISK,0.834,2,2,14,1
ord_39154998,cust_832267,1093.74,UPI,1,0,0.0,0,2,TIER_2,0.83,1,4,2,0
ord_74897912,cust_614507,2499.47,COD,0,0,0.0,1,1,TIER_1_METRO,0.601,0,2,7,0
ord_75029125,cust_274953,2365.59,UPI,0,0,0.0,1,1,TIER_2,0.946,0,1,5,0
ord_58206785,cust_526365,1100.12,UPI,5,2,0.4,0,1,TIER_1_METRO,0.832,0,1,18,0
ord_67034340,cust_248079,789.71,UPI,0,0,0.0,1,2,TIER_1_METRO,0.76,0,1,6,0
ord_17776604,cust_413894,1792.83,CARD,9,0,0.0,0,1,TIER_2,0.637,1,1,23,0
ord_28866922,cust_911712,5481.55,COD,5,0,0.0,0,1,TIER_2,0.618,0,2,4,0
ord_29374098,cust_248044,1717.0,COD,0,0,0.0,1,1,TIER_1_METRO,0.93,3,2,22,0
ord_38473481,cust_725799,3408.4,UPI,0,0,0.0,1,1,TIER_1_METRO,0.864,0,1,21,1
ord_68018554,cust_309002,1559.82,COD,4,1,0.25,0,1,TIER_1_METRO,0.879,0,1,10,0
ord_30476613,cust_186700,1122.47,UPI,0,0,0.0,1,1,TIER_2,0.746,2,5,4,1
ord_36293611,cust_531600,5084.5,UPI,2,0,0.0,0,1,TIER_2,0.948,0,1,8,0
ord_71766811,cust_559993,1090.47,UPI,6,0,0.0,0,2,TIER_3_HIGH_RISK,0.703,0,1,16,0
ord_27773649,cust_604373,2508.57,NETBANKING,0,0,0.0,1,2,TIER_3_HIGH_RISK,0.782,1,1,14,1
ord_19920226,cust_127268,508.81,UPI,2,0,0.0,0,1,TIER_2,0.801,0,1,20,0
ord_12865893,cust_835048,2409.98,UPI,13,2,0.1538,0,1,TIER_1_METRO,0.84,0,1,14,0
ord_30833173,cust_973002,846.57,UPI,8,0,0.0,0,2,TIER_2,0.903,2,1,12,0
ord_88746951,cust_943170,792.98,COD,5,0,0.0,0,1,TIER_3_HIGH_RISK,0.589,2,1,3,1
ord_86079786,cust_529498,2294.38,COD,0,0,0.0,1,1,TIER_2,0.709,2,1,3,0
ord_11079600,cust_885088,895.71,COD,2,0,0.0,0,1,TIER_1_METRO,0.81,0,1,10,0
ord_33835237,cust_227636,721.4,COD,0,0,0.0,1,1,TIER_2,0.77,0,1,2,1
ord_25333352,cust_449117,2052.98,UPI,4,1,0.25,0,1,TIER_1_METRO,0.838,0,3,16,0
ord_17735491,cust_343083,663.53,COD,4,0,0.0,0,1,TIER_1_METRO,0.942,2,2,21,0
ord_52090758,cust_617196,1406.4,COD,3,0,0.0,0,3,TIER_2,0.906,0,1,11,1
ord_29789002,cust_953190,255.81,UPI,6,0,0.0,0,1,TIER_1_METRO,0.832,1,1,18,0
ord_75576108,cust_566246,1842.63,COD,2,0,0.0,0,1,TIER_3_HIGH_RISK,0.591,1,1,22,1
ord_53603089,cust_714505,2528.02,COD,8,0,0.0,0,1,TIER_3_HIGH_RISK,0.534,2,3,0,0
ord_14662608,cust_130158,2091.63,COD,14,0,0.0,0,1,TIER_2,0.485,0,3,0,0
ord_66139459,cust_922590,1647.97,UPI,1,0,0.0,0,1,TIER_1_METRO,0.802,1,1,21,0
ord_73456046,cust_554887,728.61,UPI,0,0,0.0,1,1,TIER_3_HIGH_RISK,0.561,0,1,13,0
ord_31706642,cust_921362,542.24,COD,0,0,0.0,1,1,TIER_1_METRO,0.83,0,5,2,0
ord_12721864,cust_521584,685.36,COD,4,0,0.0,0,2,TIER_2,0.793,1,2,10,0
ord_44780908,cust_720911,249.0,COD,2,1,0.5,0,1,TIER_1_METRO,0.517,0,1,9,1
ord_90032138,cust_103879,868.29,UPI,10,0,0.0,0,1,TIER_3_HIGH_RISK,0.816,1,1,20,0
ord_90720176,cust_665109,2851.8,COD,0,0,0.0,1,1,TIER_3_HIGH_RISK,0.476,2,1,9,1
ord_95023491,cust_834091,3709.22,COD,13,0,0.0,0,1,TIER_1_METRO,0.987,0,2,15,0
ord_10555839,cust_906671,2523.69,UPI,14,0,0.0,0,2,TIER_2,0.486,1,5,21,0
ord_57228023,cust_271869,1787.0,COD,0,0,0.0,1,1,TIER_2,0.587,0,1,14,1
ord_22079806,cust_659011,1425.55,UPI,0,0,0.0,1,1,TIER_2,0.801,1,5,6,0
ord_62454768,cust_675052,978.38,COD,1,0,0.0,0,2,TIER_2,0.719,0,1,14,0
ord_53470977,cust_906858,504.38,COD,6,0,0.0,0,1,TIER_2,0.628,0,2,16,0
ord_56408148,cust_536303,1066.46,CARD,0,0,0.0,1,1,TIER_1_METRO,0.783,0,1,22,0
ord_90510179,cust_221752,1321.57,CARD,5,0,0.0,0,2,TIER_2,0.469,0,3,16,0
ord_25473403,cust_614806,2912.9,COD,29,0,0.0,0,1,TIER_3_HIGH_RISK,0.747,0,1,15,0
ord_14151785,cust_864634,299.54,COD,0,0,0.0,1,5,TIER_2,0.843,2,1,5,1
ord_94226606,cust_407479,2065.07,COD,0,0,0.0,1,1,TIER_2,0.946,1,2,21,0
ord_42881204,cust_468903,1769.38,UPI,1,0,0.0,0,1,TIER_1_METRO,0.827,3,1,8,0
ord_81586239,cust_955795,607.62,COD,5,0,0.0,0,1,TIER_2,0.863,0,1,22,0
ord_62837348,cust_703360,393.51,UPI,0,0,0.0,1,1,TIER_1_METRO,0.844,0,3,7,0
ord_78015259,cust_963374,249.0,UPI,2,0,0.0,0,1,TIER_3_HIGH_RISK,0.71,0,2,12,0
ord_46595773,cust_851891,1488.92,COD,0,0,0.0,1,1,TIER_2,0.781,0,1,9,1
ord_32488128,cust_910128,3234.5,UPI,5,0,0.0,0,1,TIER_2,0.656,2,5,10,0
ord_82914208,cust_179712,1132.25,UPI,5,0,0.0,0,1,TIER_3_HIGH_RISK,0.597,1,1,1,1
ord_59908282,cust_536931,3344.69,COD,4,0,0.0,0,1,TIER_3_HIGH_RISK,0.599,0,1,18,0
ord_22019231,cust_427367,1418.03,COD,0,0,0.0,1,1,TIER_3_HIGH_RISK,0.867,0,1,23,1
ord_27321242,cust_369861,399.86,COD,0,0,0.0,1,1,TIER_1_METRO,0.907,1,1,0,0
ord_44732584,cust_852951,697.55,COD,0,0,0.0,1,1,TIER_1_METRO,0.898,2,1,3,0
ord_75693883,cust_305384,3185.54,COD,3,0,0.0,0,1,TIER_3_HIGH_RISK,0.903,0,3,19,1
ord_59689468,cust_496743,1016.26,UPI,12,0,0.0,0,1,TIER_1_METRO,0.869,0,3,8,0
ord_97779703,cust_279598,2469.1,COD,0,0,0.0,1,1,TIER_3_HIGH_RISK,0.71,2,2,17,1
ord_22299755,cust_841511,1560.43,COD,3,0,0.0,0,1,TIER_3_HIGH_RISK,0.379,0,3,13,1
ord_88326927,cust_473096,4497.86,CARD,5,0,0.0,0,1,TIER_1_METRO,0.769,2,4,8,0
ord_15318331,cust_957426,1045.77,COD,2,0,0.0,0,1,TIER_1_METRO,0.608,0,4,15,0
ord_96437411,cust_477250,1369.74,COD,0,0,0.0,1,1,TIER_2,0.661,1,1,13,1
ord_96281741,cust_779379,877.36,COD,14,2,0.1429,0,2,TIER_1_METRO,0.881,2,1,14,0
ord_85530792,cust_979771,1523.41,COD,0,0,0.0,1,4,TIER_1_METRO,0.878,0,1,17,1
ord_66201142,cust_435314,2380.3,UPI,0,0,0.0,1,1,TIER_2,0.569,0,2,12,0
ord_55073616,cust_723194,1035.65,COD,2,0,0.0,0,1,TIER_2,0.621,2,1,22,1
ord_14533027,cust_606693,429.25,COD,0,0,0.0,1,1,TIER_1_METRO,0.471,1,1,2,0
ord_86818039,cust_151712,1004.14,COD,0,0,0.0,1,1,TIER_1_METRO,0.78,0,1,17,1
ord_83888729,cust_543155,919.15,UPI,9,0,0.0,0,2,TIER_1_METRO,0.748,0,2,21,0
ord_59566094,cust_925748,1184.66,COD,3,0,0.0,0,2,TIER_3_HIGH_RISK,0.746,3,1,5,1
ord_74384973,cust_822520,4115.06,UPI,3,0,0.0,0,1,TIER_1_METRO,0.867,1,1,0,0
ord_84231623,cust_250018,1866.8,COD,0,0,0.0,1,4,TIER_2,0.86,2,2,12,1
ord_65901099,cust_651719,1389.36,COD,2,0,0.0,0,2,TIER_2,0.947,2,1,11,0
ord_99668735,cust_211302,364.79,CARD,6,1,0.1667,0,2,TIER_2,0.765,0,3,0,0
ord_89638835,cust_508519,680.7,UPI,0,0,0.0,1,2,TIER_3_HIGH_RISK,0.755,1,2,10,1
ord_60457850,cust_159789,1591.34,COD,0,0,0.0,1,1,TIER_2,0.511,0,1,5,1
ord_40590972,cust_793150,5630.39,COD,12,0,0.0,0,1,TIER_2,0.84,2,3,7,0
ord_42420104,cust_941189,638.27,NETBANKING,15,0,0.0,0,1,TIER_1_METRO,0.925,0,2,1,0
ord_57640981,cust_259002,631.91,COD,0,0,0.0,1,1,TIER_2,0.459,1,1,1,0
ord_94997368,cust_652766,530.82,CARD,3,0,0.0,0,1,TIER_1_METRO,0.479,0,2,9,0
ord_26480387,cust_120543,2306.07,UPI,5,0,0.0,0,1,TIER_1_METRO,0.971,0,2,0,0
ord_53942054,cust_834705,738.83,COD,0,0,0.0,1,1,TIER_1_METRO,0.761,0,3,20,0
ord_23116915,cust_591567,2759.01,UPI,5,0,0.0,0,2,TIER_1_METRO,0.891,0,3,21,0
ord_64456147,cust_930258,1190.98,UPI,0,0,0.0,1,1,TIER_1_METRO,0.742,0,1,11,0
ord_48821960,cust_728427,1303.07,COD,0,0,0.0,1,2,TIER_1_METRO,0.937,0,1,12,0
ord_78488768,cust_793739,249.0,UPI,0,0,0.0,1,1,TIER_2,0.674,0,1,0,0
ord_93564251,cust_929358,3381.93,COD,0,0,0.0,1,1,TIER_1_METRO,0.93,2,1,11,0
ord_63055654,cust_557307,505.4,COD,0,0,0.0,1,1,TIER_2,0.736,0,1,18,0
ord_73406526,cust_428274,1096.47,CARD,2,0,0.0,0,1,TIER_1_METRO,0.354,0,3,11,0
ord_81782448,cust_448434,2925.61,COD,13,1,0.0769,0,1,TIER_3_HIGH_RISK,0.68,0,1,13,1
ord_65422929,cust_274039,332.82,CARD,2,0,0.0,0,1,TIER_2,0.828,0,1,13,0
ord_54920447,cust_770504,369.85,COD,1,0,0.0,0,1,TIER_3_HIGH_RISK,0.644,0,1,22,0
ord_16839789,cust_184859,3335.29,COD,7,1,0.1429,0,1,TIER_3_HIGH_RISK,0.882,0,5,3,1
ord_47917521,cust_129424,762.06,COD,0,0,0.0,1,3,TIER_2,0.687,3,1,4,1
ord_27058313,cust_974805,1325.42,COD,0,0,0.0,1,3,TIER_2,0.722,2,2,16,1
ord_29384838,cust_716737,1749.38,UPI,0,0,0.0,1,1,TIER_1_METRO,0.846,0,1,13,1
ord_62384819,cust_560333,966.13,COD,16,1,0.0625,0,1,TIER_1_METRO,0.827,0,5,18,1
ord_57732712,cust_627254,358.28,UPI,2,0,0.0,0,1,TIER_2,0.874,0,1,14,0
ord_93798013,cust_485905,4019.47,UPI,7,0,0.0,0,1,TIER_1_METRO,0.848,1,3,12,0
ord_11462603,cust_956371,842.37,CARD,0,0,0.0,1,1,TIER_1_METRO,0.717,2,2,20,0
ord_13791343,cust_315928,351.0,UPI,0,0,0.0,1,1,TIER_2,0.508,0,4,9,0
ord_43511963,cust_986469,1054.53,UPI,3,0,0.0,0,1,TIER_3_HIGH_RISK,0.468,3,1,6,0
ord_22006205,cust_369283,2881.79,CARD,0,0,0.0,1,1,TIER_2,0.687,1,3,18,0
ord_73463472,cust_788992,3120.86,COD,1,0,0.0,0,1,TIER_2,0.499,0,4,22,0
ord_98562183,cust_725918,6195.93,COD,0,0,0.0,1,1,TIER_2,0.679,0,1,17,1
ord_75702370,cust_882307,827.43,COD,7,0,0.0,0,2,TIER_1_METRO,0.946,2,2,4,0
ord_21047853,cust_148555,412.06,NETBANKING,15,1,0.0667,0,1,TIER_1_METRO,0.757,3,1,21,0
ord_66004002,cust_220497,1299.11,COD,0,0,0.0,1,1,TIER_2,0.938,0,1,15,0
ord_86772328,cust_732338,1581.65,UPI,0,0,0.0,1,1,TIER_2,0.967,1,2,20,0
ord_25317570,cust_686967,773.23,COD,0,0,0.0,1,1,TIER_1_METRO,0.899,0,2,6,0
ord_73624979,cust_848172,792.11,UPI,0,0,0.0,1,1,TIER_2,0.832,1,2,23,1
ord_41147410,cust_891744,513.08,COD,10,0,0.0,0,1,TIER_2,0.819,0,1,7,0
ord_65081591,cust_213056,1360.7,COD,13,3,0.2308,0,1,TIER_1_METRO,0.894,0,1,14,1
ord_58978079,cust_597337,1567.83,UPI,2,0,0.0,0,5,TIER_2,0.624,1,1,19,0
ord_23654424,cust_829462,898.22,UPI,12,0,0.0,0,1,TIER_1_METRO,0.664,2,3,6,0
ord_10396904,cust_484562,2887.82,UPI,4,1,0.25,0,1,TIER_2,0.654,0,2,5,0
ord_84583311,cust_333553,1461.27,COD,0,0,0.0,1,1,TIER_2,0.779,1,1,4,1
ord_20055169,cust_547814,661.9,CARD,23,1,0.0435,0,1,TIER_2,0.78,0,2,17,0
ord_91752132,cust_319368,501.14,COD,5,0,0.0,0,1,TIER_1_METRO,0.915,2,1,21,0
ord_42227330,cust_553882,1591.93,CARD,0,0,0.0,1,1,TIER_2,0.677,0,1,7,0
ord_93327728,cust_903603,648.41,UPI,3,0,0.0,0,2,TIER_3_HIGH_RISK,0.53,0,1,0,0
ord_91486985,cust_747987,352.59,COD,3,0,0.0,0,1,TIER_1_METRO,0.786,0,1,9,0
ord_84023414,cust_304196,2818.99,COD,0,0,0.0,1,1,TIER_2,0.935,1,1,12,0
ord_60194190,cust_850524,1412.7,COD,6,0,0.0,0,1,TIER_3_HIGH_RISK,0.784,0,1,15,0
ord_22275520,cust_423973,611.58,UPI,9,0,0.0,0,1,TIER_1_METRO,0.434,2,2,11,0
ord_10019156,cust_439292,1718.15,COD,0,0,0.0,1,1,TIER_1_METRO,0.734,2,1,4,1
ord_89232916,cust_778845,1840.59,CARD,0,0,0.0,1,1,TIER_2,0.839,0,2,23,0
ord_37312498,cust_122449,1336.99,UPI,12,0,0.0,0,1,TIER_2,0.743,0,1,21,0
ord_28369426,cust_183583,632.81,UPI,0,0,0.0,1,1,TIER_1_METRO,0.83,1,1,7,0
ord_28921824,cust_293399,563.26,COD,4,0,0.0,0,1,TIER_2,0.743,0,3,21,0
ord_48019582,cust_118179,681.27,CARD,1,1,1.0,0,1,TIER_2,0.959,0,2,15,1
ord_38572953,cust_905072,3630.87,COD,0,0,0.0,1,2,TIER_2,0.717,0,1,16,1
ord_77042107,cust_778794,6201.76,UPI,0,0,0.0,1,1,TIER_1_METRO,0.736,2,1,3,0
ord_31787497,cust_518698,349.84,UPI,4,0,0.0,0,1,TIER_2,0.945,2,2,0,0
ord_33722314,cust_950261,850.3,COD,0,0,0.0,1,1,TIER_3_HIGH_RISK,0.674,1,1,3,0
ord_90003269,cust_652129,2292.86,COD,0,0,0.0,1,1,TIER_3_HIGH_RISK,0.756,0,1,10,1
ord_54825800,cust_159317,663.86,CARD,4,1,0.25,0,1,TIER_1_METRO,0.893,0,1,3,0
ord_71483654,cust_489326,1297.12,UPI,11,0,0.0,0,1,TIER_1_METRO,0.75,1,1,8,0
ord_45142251,cust_936746,249.0,COD,7,0,0.0,0,2,TIER_1_METRO,0.808,0,1,22,0
ord_38896688,cust_174363,834.96,COD,11,3,0.2727,0,2,TIER_3_HIGH_RISK,0.371,0,1,17,1
ord_20047453,cust_680918,422.99,COD,19,1,0.0526,0,1,TIER_1_METRO,0.788,3,1,7,1
ord_74119240,cust_293201,723.72,COD,6,0,0.0,0,2,TIER_3_HIGH_RISK,0.578,0,1,12,1
ord_11248749,cust_768942,1217.96,COD,1,0,0.0,0,2,TIER_2,0.983,0,1,13,0
ord_91369859,cust_887670,3688.09,COD,0,0,0.0,1,1,TIER_2,0.714,0,1,21,1
ord_20675927,cust_146546,1321.38,UPI,0,0,0.0,1,2,TIER_1_METRO,0.762,0,3,14,0
ord_68953485,cust_679565,465.1,COD,11,1,0.0909,0,1,TIER_1_METRO,0.989,3,1,13,0
ord_40913815,cust_349596,1323.55,UPI,1,0,0.0,0,1,TIER_2,0.654,0,1,11,0
ord_94306209,cust_832084,584.71,UPI,4,0,0.0,0,1,TIER_1_METRO,0.807,2,1,9,0
ord_23792249,cust_665438,831.14,COD,0,0,0.0,1,1,TIER_3_HIGH_RISK,0.675,1,1,18,1
ord_13197418,cust_593597,2158.7,UPI,5,0,0.0,0,1,TIER_1_METRO,0.939,0,1,3,0
ord_56399407,cust_909858,1636.04,UPI,4,0,0.0,0,1,TIER_3_HIGH_RISK,0.881,2,2,15,0
ord_42916465,cust_906951,476.66,COD,0,0,0.0,1,1,TIER_1_METRO,0.764,2,1,10,0
ord_46426088,cust_797133,1974.26,COD,16,0,0.0,0,1,TIER_1_METRO,0.88,1,1,2,0
ord_99939723,cust_399719,560.1,COD,0,0,0.0,1,1,TIER_2,0.909,0,1,6,0
ord_52370519,cust_952301,621.5,COD,0,0,0.0,1,1,TIER_1_METRO,0.843,0,1,20,0
ord_21054356,cust_508901,5463.0,COD,0,0,0.0,1,1,TIER_1_METRO,0.81,0,1,17,0
ord_78574553,cust_445259,1930.43,COD,0,0,0.0,1,1,TIER_2,0.331,2,3,22,0
ord_51279354,cust_705848,552.23,CARD,0,0,0.0,1,1,TIER_1_METRO,0.757,0,4,17,0
ord_55362588,cust_470334,740.38,COD,0,0,0.0,1,1,TIER_2,0.909,0,1,16,0
ord_77178382,cust_368818,4076.47,COD,7,2,0.2857,0,2,TIER_3_HIGH_RISK,0.788,2,1,4,1
ord_21465773,cust_797063,664.78,COD,16,1,0.0625,0,1,TIER_2,0.988,2,1,18,0
ord_66401891,cust_837886,1094.01,UPI,1,0,0.0,0,2,TIER_2,0.831,0,5,11,0
ord_90041230,cust_375373,4388.86,COD,0,0,0.0,1,1,TIER_1_METRO,0.853,1,1,14,1
ord_33066405,cust_970277,1798.87,UPI,0,0,0.0,1,1,TIER_1_METRO,0.808,0,1,16,0
ord_94793352,cust_580683,836.73,COD,0,0,0.0,1,1,TIER_1_METRO,0.547,0,1,7,0
ord_47174035,cust_907919,722.97,COD,5,0,0.0,0,3,TIER_1_METRO,0.735,1,1,20,0
ord_88004448,cust_665770,1461.16,COD,0,0,0.0,1,1,TIER_3_HIGH_RISK,0.805,0,1,17,1
ord_10537977,cust_659834,1129.47,UPI,12,0,0.0,0,1,TIER_1_METRO,0.944,0,2,13,0
ord_12251347,cust_902904,249.0,COD,4,0,0.0,0,2,TIER_2,0.947,0,1,22,0
ord_50946799,cust_478954,1550.77,COD,0,0,0.0,1,1,TIER_2,0.684,0,1,8,0
ord_82940262,cust_216435,3430.82,COD,0,0,0.0,1,4,TIER_1_METRO,0.961,0,2,7,1
ord_39603896,cust_319288,2603.23,COD,12,0,0.0,0,1,TIER_2,0.872,0,3,21,0
ord_63902842,cust_178342,786.07,UPI,0,0,0.0,1,1,TIER_1_METRO,0.843,0,1,9,0
ord_98126923,cust_805829,410.11,CARD,0,0,0.0,1,1,TIER_3_HIGH_RISK,0.29,0,1,12,0
ord_70595786,cust_559501,1451.55,COD,8,0,0.0,0,1,TIER_1_METRO,0.953,0,3,23,0
ord_27273400,cust_303753,1192.22,COD,0,0,0.0,1,1,TIER_1_METRO,0.732,1,4,13,0
ord_37631757,cust_411974,3643.04,COD,6,1,0.1667,0,3,TIER_1_METRO,0.844,0,2,8,1
ord_96524761,cust_754258,1070.59,COD,0,0,0.0,1,1,TIER_2,0.846,0,4,20,0
ord_20104107,cust_220026,1611.08,UPI,10,0,0.0,0,1,TIER_2,0.859,0,2,19,0
ord_43150798,cust_205547,2942.76,UPI,0,0,0.0,1,1,TIER_1_METRO,0.935,2,3,9,0
ord_69915563,cust_196626,3861.94,COD,0,0,0.0,1,1,TIER_2,0.924,0,1,19,1
ord_56044202,cust_631427,4164.09,COD,0,0,0.0,1,1,TIER_2,0.938,2,2,10,1
ord_90213172,cust_260887,8263.11,COD,2,0,0.0,0,1,TIER_3_HIGH_RISK,0.765,2,2,11,1
ord_53618942,cust_773403,1989.39,COD,8,1,0.125,0,1,TIER_3_HIGH_RISK,0.746,0,1,5,0
ord_55791733,cust_628118,1454.73,COD,0,0,0.0,1,4,TIER_1_METRO,0.843,0,1,17,1
ord_65849014,cust_807869,2234.46,UPI,0,0,0.0,1,1,TIER_2,0.968,1,1,14,1
ord_33547377,cust_113156,652.92,COD,1,0,0.0,0,1,TIER_1_METRO,0.903,2,1,19,0
ord_12976242,cust_460532,3321.91,COD,6,1,0.1667,0,1,TIER_3_HIGH_RISK,0.502,0,2,6,1
ord_77744469,cust_245250,1915.44,NETBANKING,8,0,0.0,0,1,TIER_1_METRO,0.843,0,1,15,0
ord_96587513,cust_603982,1219.69,CARD,2,0,0.0,0,1,TIER_2,0.678,0,1,0,0
ord_55670343,cust_915186,1552.15,COD,5,1,0.2,0,1,TIER_1_METRO,0.796,0,3,4,0
ord_62374647,cust_575384,1338.24,UPI,0,0,0.0,1,1,TIER_1_METRO,0.373,3,1,9,0
ord_11572138,cust_140857,293.92,COD,0,0,0.0,1,1,TIER_2,0.954,0,1,23,0
ord_28004438,cust_720909,1053.99,UPI,0,0,0.0,1,1,TIER_2,0.713,2,1,11,0
ord_25551270,cust_792244,2975.88,COD,4,0,0.0,0,1,TIER_1_METRO,0.753,2,3,19,0
ord_46265058,cust_711442,789.03,COD,9,0,0.0,0,1,TIER_1_METRO,0.828,0,1,13,0
ord_97952701,cust_295392,3938.12,COD,0,0,0.0,1,1,TIER_2,0.766,0,1,18,1
ord_92944596,cust_909532,1721.19,UPI,4,0,0.0,0,1,TIER_1_METRO,0.794,0,2,10,0
ord_77420280,cust_754529,628.76,COD,2,0,0.0,0,5,TIER_2,0.65,1,2,13,1
ord_22525800,cust_337957,816.95,UPI,9,0,0.0,0,1,TIER_3_HIGH_RISK,0.156,0,2,0,0
ord_92710179,cust_724562,466.15,CARD,2,0,0.0,0,2,TIER_2,0.781,0,2,23,1
ord_87344057,cust_978269,1862.28,COD,7,0,0.0,0,1,TIER_3_HIGH_RISK,0.449,0,2,0,0
ord_54925925,cust_136764,343.98,UPI,5,0,0.0,0,3,TIER_2,0.836,0,1,12,0
ord_37953010,cust_272193,2655.8,COD,7,2,0.2857,0,1,TIER_1_METRO,0.775,1,2,23,0
ord_85090670,cust_186842,1656.77,COD,5,0,0.0,0,4,TIER_2,0.863,0,2,3,1
ord_94965309,cust_819713,366.97,UPI,0,0,0.0,1,4,TIER_2,0.565,2,2,3,1
ord_89852157,cust_238876,393.56,UPI,0,0,0.0,1,1,TIER_1_METRO,0.9,0,1,6,0
ord_78105394,cust_373314,1144.63,COD,0,0,0.0,1,1,TIER_3_HIGH_RISK,0.282,2,1,14,1
ord_22126467,cust_109218,1207.1,NETBANKING,0,0,0.0,1,1,TIER_2,0.919,1,3,5,0
ord_45416447,cust_377264,843.59,UPI,3,1,0.3333,0,1,TIER_1_METRO,0.593,0,4,17,1
ord_73200865,cust_858153,1442.15,COD,4,0,0.0,0,1,TIER_1_METRO,0.914,0,2,11,0
ord_83747648,cust_604121,1162.64,CARD,4,2,0.5,0,1,TIER_3_HIGH_RISK,0.815,0,1,7,1
ord_11327877,cust_482306,1745.06,COD,3,0,0.0,0,1,TIER_2,0.592,0,2,0,0
ord_78456067,cust_943882,440.01,CARD,19,1,0.0526,0,3,TIER_2,0.924,2,1,0,0
ord_87290965,cust_316987,2813.24,COD,8,0,0.0,0,2,TIER_2,0.81,0,1,21,0
ord_29748999,cust_710994,477.19,COD,0,0,0.0,1,1,TIER_1_METRO,0.897,1,3,22,0
ord_82225798,cust_649721,1606.59,UPI,9,0,0.0,0,2,TIER_2,0.875,1,1,11,0
ord_22707658,cust_623277,1232.33,UPI,0,0,0.0,1,1,TIER_2,0.979,1,2,6,1
ord_15409861,cust_123404,2933.49,UPI,7,0,0.0,0,3,TIER_1_METRO,0.839,0,1,20,0
ord_43577305,cust_400478,1363.64,UPI,0,0,0.0,1,2,TIER_1_METRO,0.95,0,1,17,0
ord_55158440,cust_937560,1001.65,COD,0,0,0.0,1,1,TIER_2,0.992,0,1,9,0
ord_43833647,cust_847590,1419.81,CARD,0,0,0.0,1,1,TIER_2,0.547,0,1,5,1
ord_66022560,cust_776819,1784.51,COD,1,0,0.0,0,2,TIER_1_METRO,0.81,0,1,0,1
ord_55759166,cust_899362,2061.5,COD,0,0,0.0,1,1,TIER_3_HIGH_RISK,0.785,0,2,16,1
ord_60148864,cust_223189,2297.76,COD,4,0,0.0,0,1,TIER_2,0.892,0,1,21,0
ord_21319032,cust_925351,2767.89,COD,12,0,0.0,0,1,TIER_2,0.451,0,1,15,0
ord_58280115,cust_580263,1486.4,CARD,4,1,0.25,0,1,TIER_2,0.944,2,1,15,0
ord_96465749,cust_304447,2063.14,UPI,7,0,0.0,0,1,TIER_1_METRO,0.988,1,1,18,0
ord_12241105,cust_345869,1313.51,COD,7,2,0.2857,0,1,TIER_1_METRO,0.48,0,2,15,1
ord_78969235,cust_616857,1458.36,UPI,4,2,0.5,0,2,TIER_3_HIGH_RISK,0.622,1,1,4,1
ord_96674443,cust_492963,2148.77,COD,2,0,0.0,0,1,TIER_1_METRO,0.842,1,1,6,0
ord_80337892,cust_296354,1455.33,COD,8,0,0.0,0,1,TIER_2,0.79,0,2,13,0
ord_90286597,cust_797268,382.43,UPI,10,0,0.0,0,1,TIER_1_METRO,0.697,0,2,19,0
ord_70229895,cust_580970,1604.16,UPI,0,0,0.0,1,1,TIER_2,0.71,2,2,15,0
ord_45858742,cust_531042,1267.51,COD,1,0,0.0,0,1,TIER_1_METRO,0.547,2,1,1,0
ord_20897034,cust_855897,437.58,COD,0,0,0.0,1,1,TIER_2,0.889,1,1,8,0
ord_73594452,cust_224535,875.51,COD,10,0,0.0,0,1,TIER_1_METRO,0.815,0,1,1,0
ord_92950293,cust_799493,672.31,UPI,0,0,0.0,1,1,TIER_1_METRO,0.971,0,2,12,0
ord_51852128,cust_984762,1103.89,UPI,3,0,0.0,0,1,TIER_1_METRO,0.826,1,3,3,0
ord_79319994,cust_321120,4370.13,COD,2,0,0.0,0,1,TIER_3_HIGH_RISK,0.83,1,3,21,1
ord_54674343,cust_803786,249.0,UPI,14,2,0.1429,0,1,TIER_1_METRO,0.833,0,1,17,0
ord_34444321,cust_539388,2022.75,COD,1,0,0.0,0,4,TIER_3_HIGH_RISK,0.745,0,2,3,1
ord_77901289,cust_236344,1272.11,UPI,4,2,0.5,0,4,TIER_1_METRO,0.772,0,1,6,1
ord_65392443,cust_696196,4691.32,UPI,5,0,0.0,0,1,TIER_2,0.714,0,1,8,0
ord_53942324,cust_262372,1686.86,CARD,0,0,0.0,1,1,TIER_1_METRO,0.778,1,1,18,0
ord_58410263,cust_745044,4653.6,NETBANKING,4,0,0.0,0,1,TIER_1_METRO,0.915,0,1,9,0
ord_55509383,cust_671572,862.63,CARD,3,0,0.0,0,1,TIER_1_METRO,0.748,0,3,0,0
ord_74460261,cust_141767,478.31,COD,3,1,0.3333,0,1,TIER_1_METRO,0.573,2,1,2,1
ord_14768424,cust_775799,856.47,COD,4,0,0.0,0,1,TIER_1_METRO,0.78,0,1,4,0
ord_60549415,cust_984555,1820.54,COD,0,0,0.0,1,2,TIER_3_HIGH_RISK,0.502,0,1,18,1
ord_82724693,cust_990987,4790.06,UPI,8,0,0.0,0,3,TIER_2,0.808,0,2,1,0
ord_64133825,cust_158650,410.29,COD,2,0,0.0,0,1,TIER_2,0.39,2,1,7,1
ord_15053127,cust_477403,1477.95,COD,7,0,0.0,0,2,TIER_2,0.829,0,1,8,0
ord_55809257,cust_176844,249.0,COD,12,1,0.0833,0,1,TIER_2,0.691,2,3,2,0
ord_22748964,cust_773895,1794.56,COD,4,0,0.0,0,1,TIER_1_METRO,0.766,3,1,4,0
ord_14032654,cust_917519,722.56,COD,5,0,0.0,0,3,TIER_2,0.481,1,1,21,0
ord_58491183,cust_654700,702.75,UPI,9,0,0.0,0,1,TIER_2,0.762,2,2,4,0
ord_81161443,cust_499319,1542.33,CARD,0,0,0.0,1,5,TIER_2,0.906,0,1,5,1
ord_31219187,cust_584331,686.79,COD,0,0,0.0,1,1,TIER_2,0.366,0,3,0,0
ord_95518073,cust_483545,835.85,COD,6,2,0.3333,0,2,TIER_3_HIGH_RISK,0.34,1,1,18,1
ord_97585323,cust_253552,2639.71,COD,7,0,0.0,0,1,TIER_2,0.941,2,1,6,0
ord_30331168,cust_527924,2379.9,UPI,5,0,0.0,0,1,TIER_3_HIGH_RISK,0.408,1,1,7,0
ord_75648945,cust_283688,1381.11,UPI,0,0,0.0,1,1,TIER_2,0.873,2,2,22,0
ord_91272708,cust_856530,1130.66,COD,5,1,0.2,0,1,TIER_2,0.919,0,2,22,1
ord_93489216,cust_951380,683.38,CARD,0,0,0.0,1,2,TIER_1_METRO,0.741,1,1,7,0
ord_19459247,cust_705196,4813.64,COD,2,0,0.0,0,1,TIER_1_METRO,0.981,1,1,8,0
ord_27601053,cust_559187,677.17,UPI,0,0,0.0,1,1,TIER_1_METRO,0.887,1,1,7,1
ord_43240467,cust_112850,12786.88,COD,0,0,0.0,1,1,TIER_2,0.893,1,1,7,1
ord_45427853,cust_604700,828.98,COD,0,0,0.0,1,1,TIER_1_METRO,0.911,0,1,18,1
ord_15871348,cust_104015,969.87,UPI,6,0,0.0,0,1,TIER_3_HIGH_RISK,0.814,0,1,8,0
ord_83596864,cust_225496,501.41,UPI,0,0,0.0,1,1,TIER_3_HIGH_RISK,0.2,2,2,10,1
ord_91129921,cust_855826,1350.53,COD,0,0,0.0,1,3,TIER_1_METRO,0.623,0,1,12,0
ord_41236471,cust_607418,1610.94,UPI,0,0,0.0,1,1,TIER_1_METRO,0.915,0,1,0,0
ord_23544707,cust_940910,643.2,COD,0,0,0.0,1,1,TIER_2,0.643,0,1,10,0
ord_82223875,cust_966633,1316.01,COD,0,0,0.0,1,1,TIER_2,0.65,2,1,18,0
ord_51230294,cust_114987,2099.86,COD,0,0,0.0,1,1,TIER_1_METRO,0.513,1,1,9,0
ord_81322584,cust_857835,1230.61,COD,6,0,0.0,0,1,TIER_3_HIGH_RISK,0.784,2,1,5,0
ord_30440897,cust_501772,736.81,UPI,2,0,0.0,0,1,TIER_2,0.894,0,1,17,0
ord_65030361,cust_459743,1166.0,CARD,0,0,0.0,1,2,TIER_1_METRO,0.763,1,2,5,0
ord_20831890,cust_235047,3039.16,CARD,0,0,0.0,1,3,TIER_2,0.688,1,1,18,0
ord_32074556,cust_573937,1124.19,COD,2,0,0.0,0,1,TIER_2,0.617,0,1,14,0
ord_97454565,cust_206313,473.31,COD,4,0,0.0,0,1,TIER_1_METRO,0.853,0,1,5,0
ord_18874768,cust_681177,1679.27,UPI,0,0,0.0,1,1,TIER_3_HIGH_RISK,0.492,0,2,8,0
ord_42005216,cust_103625,329.47,UPI,4,0,0.0,0,1,TIER_1_METRO,0.993,2,1,0,0
ord_67483463,cust_373060,1903.17,UPI,0,0,0.0,1,1,TIER_2,0.948,0,2,16,0
ord_84655555,cust_861380,1024.17,UPI,3,0,0.0,0,1,TIER_1_METRO,0.739,0,1,4,0
ord_23689610,cust_411968,2596.09,UPI,8,0,0.0,0,1,TIER_1_METRO,0.662,1,1,14,0
ord_94890726,cust_322682,2295.1,UPI,2,0,0.0,0,2,TIER_1_METRO,0.794,1,1,10,0
ord_67244528,cust_177332,1022.84,NETBANKING,5,2,0.4,0,1,TIER_1_METRO,0.909,0,2,17,0
ord_12660891,cust_471930,1774.97,UPI,0,0,0.0,1,1,TIER_1_METRO,0.844,0,2,5,0
ord_44736711,cust_270954,1671.92,UPI,5,0,0.0,0,1,TIER_3_HIGH_RISK,0.542,0,1,2,0
ord_76345536,cust_315448,384.4,COD,0,0,0.0,1,1,TIER_2,0.709,0,8,17,0
ord_30602307,cust_922087,776.92,UPI,4,0,0.0,0,1,TIER_3_HIGH_RISK,0.803,1,1,2,0
ord_63547182,cust_426406,1833.33,COD,4,0,0.0,0,1,TIER_2,0.775,0,3,15,1
ord_41674195,cust_863421,293.65,UPI,0,0,0.0,1,2,TIER_2,0.695,1,1,14,1
ord_18735015,cust_948664,1377.39,CARD,0,0,0.0,1,1,TIER_2,0.694,0,4,21,0
ord_92555815,cust_388766,1834.82,COD,2,0,0.0,0,2,TIER_2,0.826,1,1,22,0
ord_95794231,cust_476193,3310.97,COD,10,0,0.0,0,1,TIER_1_METRO,0.936,0,1,5,0
ord_20074698,cust_218217,837.03,CARD,9,0,0.0,0,1,TIER_2,0.815,1,2,8,0
ord_14982042,cust_658535,1057.64,COD,5,1,0.2,0,1,TIER_2,0.946,0,1,3,0
ord_90123510,cust_131139,2498.72,COD,12,0,0.0,0,1,TIER_1_METRO,0.835,0,5,4,0
ord_72446058,cust_665970,1183.81,COD,2,0,0.0,0,1,TIER_2,0.835,1,2,3,1
ord_39998127,cust_344361,901.92,COD,5,0,0.0,0,2,TIER_2,0.845,1,2,11,0
ord_28814991,cust_839835,700.41,COD,6,0,0.0,0,1,TIER_1_METRO,0.911,0,1,19,0
ord_13686788,cust_858362,1844.2,COD,0,0,0.0,1,1,TIER_1_METRO,0.656,1,2,11,0
ord_31636437,cust_634637,2366.96,NETBANKING,6,0,0.0,0,7,TIER_3_HIGH_RISK,0.581,0,1,11,1
ord_60510123,cust_518384,594.28,COD,0,0,0.0,1,1,TIER_2,0.979,0,3,19,0
ord_31223034,cust_384922,2535.2,COD,0,0,0.0,1,2,TIER_1_METRO,0.783,0,1,20,0
ord_90890201,cust_849130,907.33,UPI,8,0,0.0,0,1,TIER_2,0.916,0,5,3,0
ord_58878285,cust_860520,1238.46,CARD,0,0,0.0,1,1,TIER_1_METRO,0.779,0,1,4,0
ord_82931048,cust_427985,249.0,CARD,0,0,0.0,1,2,TIER_3_HIGH_RISK,0.574,2,2,18,1
ord_15598023,cust_519724,1212.52,UPI,7,0,0.0,0,2,TIER_2,0.839,1,1,19,0
ord_43495357,cust_723283,1589.16,UPI,2,0,0.0,0,5,TIER_2,0.451,0,2,16,1
ord_31089933,cust_782192,1210.62,UPI,0,0,0.0,1,1,TIER_3_HIGH_RISK,0.854,1,3,15,1
ord_71396329,cust_324552,583.5,UPI,0,0,0.0,1,1,TIER_2,0.758,2,2,3,0
ord_68200099,cust_233915,2247.13,COD,8,0,0.0,0,1,TIER_2,0.85,1,2,3,0
ord_49993951,cust_305446,580.5,CARD,7,0,0.0,0,4,TIER_1_METRO,0.612,0,2,10,0
ord_76401385,cust_208750,672.53,COD,5,0,0.0,0,1,TIER_1_METRO,0.754,0,2,18,0
ord_73564892,cust_297303,913.44,COD,8,1,0.125,0,1,TIER_2,0.849,2,4,19,1
ord_74142008,cust_834031,3337.21,CARD,0,0,0.0,1,1,TIER_1_METRO,0.915,0,3,6,0
ord_61675411,cust_853997,298.46,UPI,13,0,0.0,0,1,TIER_1_METRO,0.687,0,3,12,0
ord_77103289,cust_909067,571.3,NETBANKING,0,0,0.0,1,1,TIER_1_METRO,0.895,0,1,15,0
ord_85988255,cust_357128,646.87,NETBANKING,3,0,0.0,0,1,TIER_3_HIGH_RISK,0.729,1,1,17,0
ord_36540396,cust_926894,362.93,COD,9,0,0.0,0,3,TIER_2,0.577,0,2,16,0
ord_86255643,cust_310087,1833.62,COD,5,0,0.0,0,2,TIER_1_METRO,0.501,0,1,20,0
ord_78860661,cust_439528,602.53,UPI,6,0,0.0,0,1,TIER_2,0.677,0,1,1,0
ord_17466511,cust_617086,1760.67,UPI,0,0,0.0,1,1,TIER_3_HIGH_RISK,0.767,0,1,0,1
ord_76827729,cust_777946,1366.48,NETBANKING,3,0,0.0,0,1,TIER_2,0.886,0,1,11,0
ord_60086878,cust_460868,700.97,COD,1,0,0.0,0,1,TIER_3_HIGH_RISK,0.56,2,1,5,1
ord_87647696,cust_628222,3785.39,COD,0,0,0.0,1,3,TIER_3_HIGH_RISK,0.282,2,1,10,1
ord_64062018,cust_242228,902.85,COD,8,0,0.0,0,1,TIER_2,0.624,0,1,10,0
ord_18315308,cust_622801,972.09,COD,2,0,0.0,0,1,TIER_1_METRO,0.86,0,2,21,0
ord_81572282,cust_130716,1514.41,COD,0,0,0.0,1,1,TIER_1_METRO,0.714,0,1,2,1
ord_56426160,cust_565462,873.65,CARD,0,0,0.0,1,1,TIER_2,0.84,0,1,22,0
ord_16568056,cust_417629,1246.5,UPI,0,0,0.0,1,1,TIER_1_METRO,0.39,0,1,14,0
ord_31992838,cust_598577,1268.68,UPI,5,0,0.0,0,1,TIER_3_HIGH_RISK,0.465,0,3,10,0
ord_88147796,cust_837667,2617.79,COD,0,0,0.0,1,2,TIER_3_HIGH_RISK,0.842,1,2,17,1
ord_92504696,cust_151268,1609.14,COD,5,0,0.0,0,1,TIER_2,0.854,2,2,2,0
ord_20608191,cust_860292,407.24,COD,9,0,0.0,0,1,TIER_1_METRO,0.486,0,1,4,0
ord_80710681,cust_725389,1825.43,UPI,0,0,0.0,1,2,TIER_2,0.903,0,8,10,0
ord_53951994,cust_692328,765.69,COD,5,0,0.0,0,5,TIER_1_METRO,0.804,2,2,6,0
ord_85304674,cust_830782,353.28,UPI,26,0,0.0,0,2,TIER_3_HIGH_RISK,0.452,0,1,23,0
ord_31496823,cust_528535,351.78,CARD,0,0,0.0,1,1,TIER_1_METRO,0.845,0,2,14,0
ord_68008079,cust_107509,977.4,COD,0,0,0.0,1,1,TIER_1_METRO,0.686,2,1,18,0
ord_20196894,cust_600735,3332.28,CARD,6,1,0.1667,0,1,TIER_1_METRO,0.664,0,1,16,0
ord_16019676,cust_159739,1761.13,COD,0,0,0.0,1,1,TIER_3_HIGH_RISK,0.681,2,1,15,1
ord_21917042,cust_761950,1392.56,UPI,1,0,0.0,0,1,TIER_1_METRO,0.949,1,1,11,0
ord_65829843,cust_470177,753.18,COD,0,0,0.0,1,1,TIER_3_HIGH_RISK,0.703,1,1,10,0
ord_55217239,cust_341575,1509.92,COD,6,0,0.0,0,1,TIER_2,0.708,0,1,17,0
ord_17960135,cust_816683,1700.27,COD,11,0,0.0,0,1,TIER_1_METRO,0.9,0,1,6,0
ord_70058562,cust_974185,1277.82,UPI,10,3,0.3,0,1,TIER_2,0.653,0,1,19,1
ord_13875754,cust_585315,679.12,COD,12,0,0.0,0,2,TIER_3_HIGH_RISK,0.176,0,1,15,1
ord_70261917,cust_315754,1585.7,UPI,5,0,0.0,0,1,TIER_3_HIGH_RISK,0.822,0,2,10,0
ord_29427719,cust_806833,1967.86,COD,8,1,0.125,0,1,TIER_2,0.722,2,1,0,1
ord_59145472,cust_200330,4097.58,UPI,8,0,0.0,0,1,TIER_1_METRO,0.615,0,3,4,0
ord_90787463,cust_738100,2696.17,UPI,20,2,0.1,0,1,TIER_1_METRO,0.73,0,1,12,0
ord_14790691,cust_728030,1499.01,COD,2,0,0.0,0,1,TIER_2,0.89,1,2,2,1
ord_17518933,cust_258002,2694.16,COD,14,0,0.0,0,2,TIER_1_METRO,0.518,0,2,5,0
ord_17031401,cust_181118,1049.16,COD,1,0,0.0,0,1,TIER_2,0.633,0,2,7,1
ord_30021787,cust_509801,3400.96,COD,8,0,0.0,0,1,TIER_1_METRO,0.661,0,2,8,0
ord_16857658,cust_187367,6448.8,UPI,0,0,0.0,1,1,TIER_1_METRO,0.906,1,2,4,0
ord_53377014,cust_923597,1893.77,COD,0,0,0.0,1,1,TIER_1_METRO,0.741,0,1,2,0
ord_59790835,cust_787668,2153.77,COD,4,0,0.0,0,1,TIER_2,0.716,0,1,5,0
ord_70921272,cust_121179,1000.26,UPI,13,0,0.0,0,1,TIER_1_METRO,0.541,0,4,21,0
ord_25733529,cust_152810,824.19,COD,2,0,0.0,0,3,TIER_1_METRO,0.608,0,1,10,1
ord_18457123,cust_305351,756.25,COD,10,0,0.0,0,1,TIER_1_METRO,0.971,1,1,12,0
ord_21245869,cust_325253,670.64,COD,0,0,0.0,1,1,TIER_1_METRO,0.82,0,2,17,0
ord_24390554,cust_190417,771.26,COD,0,0,0.0,1,1,TIER_1_METRO,0.738,0,3,9,1
ord_25433222,cust_139913,1809.79,COD,9,0,0.0,0,1,TIER_2,0.634,1,1,11,1
ord_18441243,cust_256857,1170.49,UPI,0,0,0.0,1,1,TIER_3_HIGH_RISK,0.487,0,1,23,0
ord_65865043,cust_461278,2591.05,UPI,20,2,0.1,0,1,TIER_1_METRO,0.775,2,1,0,0
ord_14545583,cust_348751,1480.17,CARD,4,0,0.0,0,1,TIER_2,0.885,3,2,22,0
ord_87500841,cust_513997,681.87,UPI,7,0,0.0,0,1,TIER_2,0.701,1,2,1,0
ord_74374460,cust_210078,1546.64,COD,9,0,0.0,0,1,TIER_3_HIGH_RISK,0.483,0,1,0,0
ord_48206556,cust_789286,933.86,COD,1,1,1.0,0,2,TIER_3_HIGH_RISK,0.85,0,1,7,1
ord_70602482,cust_324864,989.16,UPI,0,0,0.0,1,1,TIER_1_METRO,0.56,0,1,20,0
ord_37101646,cust_915329,1447.24,UPI,6,0,0.0,0,1,TIER_2,0.979,1,1,2,0
ord_50483087,cust_770092,1654.0,COD,21,1,0.0476,0,1,TIER_3_HIGH_RISK,0.82,0,1,15,0
ord_73790892,cust_630863,3829.67,COD,3,1,0.3333,0,1,TIER_3_HIGH_RISK,0.573,0,1,15,1
ord_29135946,cust_241296,480.81,COD,6,0,0.0,0,2,TIER_3_HIGH_RISK,0.682,0,1,10,0
ord_19371520,cust_884560,1575.54,UPI,12,1,0.0833,0,1,TIER_3_HIGH_RISK,0.619,2,2,18,0
ord_74525080,cust_823163,310.43,UPI,0,0,0.0,1,1,TIER_2,0.95,2,1,11,0
ord_12275598,cust_181238,1899.29,COD,0,0,0.0,1,1,TIER_3_HIGH_RISK,0.52,0,1,2,1
ord_66944650,cust_431974,2231.8,COD,0,0,0.0,1,1,TIER_1_METRO,0.783,1,2,23,0
ord_98111969,cust_148503,1034.97,UPI,2,0,0.0,0,1,TIER_2,0.889,1,1,19,0
ord_19957081,cust_100318,1888.6,COD,0,0,0.0,1,1,TIER_1_METRO,0.602,0,1,3,1
ord_52635177,cust_496605,1285.08,UPI,20,3,0.15,0,1,TIER_1_METRO,0.547,0,2,7,0
ord_67475661,cust_220848,609.19,UPI,3,0,0.0,0,1,TIER_3_HIGH_RISK,0.635,0,1,9,0
ord_30757269,cust_910692,580.1,UPI,7,0,0.0,0,2,TIER_2,0.839,1,1,16,0
ord_99496768,cust_920462,2064.77,COD,5,0,0.0,0,2,TIER_2,0.858,2,3,13,0
ord_49262729,cust_122036,983.39,COD,0,0,0.0,1,1,TIER_1_METRO,0.557,0,1,3,0
ord_47457340,cust_845868,1414.4,COD,2,0,0.0,0,2,TIER_1_METRO,0.775,0,2,8,1
ord_12173513,cust_512269,1616.64,COD,4,0,0.0,0,1,TIER_2,0.646,1,1,14,0
ord_43338507,cust_566032,363.3,COD,8,0,0.0,0,1,TIER_3_HIGH_RISK,0.875,1,1,13,0
ord_68156289,cust_776196,768.37,UPI,22,0,0.0,0,1,TIER_3_HIGH_RISK,0.65,2,1,13,0
ord_42073692,cust_495771,2152.39,COD,5,0,0.0,0,1,TIER_2,0.713,0,1,22,0
ord_94663230,cust_394319,1126.11,UPI,9,0,0.0,0,1,TIER_1_METRO,0.914,0,3,11,0
ord_95543663,cust_456580,1397.37,UPI,4,0,0.0,0,1,TIER_1_METRO,0.902,0,1,5,0
ord_73078804,cust_218292,1400.35,UPI,9,1,0.1111,0,1,TIER_1_METRO,0.82,1,1,20,0
ord_51859263,cust_272263,1254.22,CARD,10,0,0.0,0,1,TIER_1_METRO,0.545,0,1,5,0
ord_99239454,cust_614824,567.32,UPI,5,0,0.0,0,5,TIER_3_HIGH_RISK,0.303,0,1,13,1
ord_80009467,cust_140878,283.04,NETBANKING,0,0,0.0,1,7,TIER_1_METRO,0.853,0,1,11,0
ord_62565354,cust_559410,1889.15,COD,2,0,0.0,0,1,TIER_1_METRO,0.817,0,2,22,0
ord_48489803,cust_258337,1073.71,COD,2,0,0.0,0,1,TIER_2,0.797,0,2,17,1
ord_57869970,cust_831573,2050.55,COD,11,0,0.0,0,1,TIER_2,0.868,0,1,13,0
ord_54970156,cust_713968,609.1,UPI,0,0,0.0,1,1,TIER_2,0.985,0,1,11,0
ord_90398219,cust_130653,1704.69,COD,14,0,0.0,0,1,TIER_1_METRO,0.707,1,1,14,0
ord_16297042,cust_497648,1767.46,UPI,7,2,0.2857,0,1,TIER_1_METRO,0.721,1,8,0,0
ord_44551489,cust_985169,871.91,COD,0,0,0.0,1,1,TIER_3_HIGH_RISK,0.71,2,2,7,1
ord_11524102,cust_643708,1186.34,UPI,1,0,0.0,0,1,TIER_3_HIGH_RISK,0.537,1,1,5,0
ord_47747339,cust_432317,933.8,CARD,2,0,0.0,0,1,TIER_1_METRO,0.831,2,1,8,0
ord_84162769,cust_149190,1871.99,COD,0,0,0.0,1,1,TIER_1_METRO,0.618,0,2,18,0
ord_24594753,cust_506373,1479.64,UPI,0,0,0.0,1,1,TIER_3_HIGH_RISK,0.694,1,1,8,0
ord_30005625,cust_180759,388.57,CARD,7,0,0.0,0,2,TIER_2,0.482,0,4,19,0
ord_47002628,cust_391196,929.02,CARD,6,0,0.0,0,4,TIER_2,0.823,0,2,0,0
ord_85191987,cust_469438,7176.75,CARD,5,0,0.0,0,5,TIER_1_METRO,0.668,0,2,20,1
ord_83724243,cust_420051,1026.34,UPI,4,0,0.0,0,2,TIER_3_HIGH_RISK,0.505,1,1,2,0
ord_66305369,cust_807593,415.19,COD,5,0,0.0,0,1,TIER_1_METRO,0.83,0,1,3,0
ord_91831756,cust_783717,1680.8,UPI,0,0,0.0,1,1,TIER_1_METRO,0.746,0,1,21,0
ord_54219214,cust_625708,1440.13,COD,0,0,0.0,1,1,TIER_2,0.548,2,2,2,0
ord_46213003,cust_596142,519.79,CARD,0,0,0.0,1,1,TIER_3_HIGH_RISK,0.252,0,1,23,1
ord_13967445,cust_415308,1615.54,UPI,10,0,0.0,0,1,TIER_1_METRO,0.884,1,1,10,0
ord_50476415,cust_417477,1125.02,CARD,0,0,0.0,1,2,TIER_2,0.857,2,5,3,0
ord_40595197,cust_368217,585.01,COD,0,0,0.0,1,1,TIER_1_METRO,0.793,2,3,11,0
ord_66115525,cust_808612,1223.03,COD,9,0,0.0,0,1,TIER_2,0.907,2,2,1,0
ord_30536721,cust_542762,1248.76,COD,3,1,0.3333,0,1,TIER_3_HIGH_RISK,0.708,0,1,17,0
ord_15243534,cust_197739,664.09,COD,14,0,0.0,0,2,TIER_2,0.889,0,2,22,0
ord_53070149,cust_793375,1245.78,COD,6,0,0.0,0,1,TIER_2,0.934,0,1,10,0
ord_44275469,cust_138469,4448.39,COD,0,0,0.0,1,1,TIER_2,0.747,0,3,17,1
ord_71462622,cust_137455,726.75,UPI,9,0,0.0,0,1,TIER_3_HIGH_RISK,0.496,0,1,23,0
ord_12320688,cust_555342,1684.18,UPI,11,0,0.0,0,1,TIER_1_METRO,0.921,2,2,4,0
ord_65519128,cust_718657,898.48,UPI,5,0,0.0,0,1,TIER_1_METRO,0.952,0,3,22,0
ord_61196493,cust_327926,1463.17,COD,0,0,0.0,1,1,TIER_1_METRO,0.533,1,3,20,0
ord_48796474,cust_793540,1713.95,UPI,7,0,0.0,0,1,TIER_1_METRO,0.68,0,1,12,0
ord_16519585,cust_307977,2540.2,UPI,0,0,0.0,1,1,TIER_2,0.494,0,2,20,0
ord_17249433,cust_587182,1669.42,UPI,0,0,0.0,1,2,TIER_2,0.891,1,2,4,1
ord_18840597,cust_681592,1485.05,CARD,11,2,0.1818,0,1,TIER_2,0.797,0,2,8,0
ord_94126426,cust_553648,910.25,COD,24,0,0.0,0,1,TIER_1_METRO,0.918,1,1,15,0
ord_86807461,cust_139566,3561.83,COD,15,0,0.0,0,1,TIER_1_METRO,0.633,0,1,6,0
ord_59457238,cust_121643,2784.32,UPI,3,0,0.0,0,4,TIER_2,0.5,0,1,7,1
ord_90524324,cust_472947,1344.07,COD,0,0,0.0,1,1,TIER_2,0.799,0,5,10,0
ord_44783890,cust_486757,465.18,CARD,22,0,0.0,0,1,TIER_2,0.833,1,2,11,0
ord_20970723,cust_198453,2264.72,CARD,0,0,0.0,1,7,TIER_3_HIGH_RISK,0.643,0,1,6,1
ord_64822908,cust_690017,1100.57,COD,0,0,0.0,1,1,TIER_2,0.696,0,1,15,1
ord_67678210,cust_924028,1104.82,COD,7,0,0.0,0,1,TIER_3_HIGH_RISK,0.849,0,1,15,0
ord_74674115,cust_962634,4255.87,COD,10,0,0.0,0,1,TIER_1_METRO,0.688,0,3,0,1
ord_69799781,cust_126597,2021.33,UPI,0,0,0.0,1,1,TIER_1_METRO,0.469,0,2,18,0
ord_32840605,cust_454624,2114.33,COD,0,0,0.0,1,1,TIER_3_HIGH_RISK,0.834,2,1,2,1
ord_75447994,cust_430007,1130.1,UPI,7,0,0.0,0,2,TIER_2,0.907,2,3,9,0
ord_70678947,cust_728422,3190.79,COD,0,0,0.0,1,1,TIER_3_HIGH_RISK,0.67,0,1,6,1
ord_47065372,cust_613755,1524.46,COD,0,0,0.0,1,1,TIER_1_METRO,0.524,0,3,23,0
ord_93797485,cust_492435,1879.97,UPI,1,0,0.0,0,1,TIER_3_HIGH_RISK,0.733,1,3,1,0
ord_32413805,cust_620674,1640.4,COD,0,0,0.0,1,1,TIER_3_HIGH_RISK,0.44,0,3,13,1
ord_70196331,cust_413323,1246.06,UPI,0,0,0.0,1,1,TIER_1_METRO,0.765,2,1,10,0
ord_85900553,cust_892272,1408.21,COD,13,1,0.0769,0,1,TIER_2,0.944,0,1,7,1
ord_95346315,cust_885345,1545.66,COD,0,0,0.0,1,1,TIER_2,0.754,0,1,17,0
ord_22851424,cust_826829,623.19,COD,0,0,0.0,1,3,TIER_2,0.824,1,3,13,1
ord_20851623,cust_628425,2774.29,CARD,2,0,0.0,0,1,TIER_2,0.916,0,2,8,0
ord_10627475,cust_236876,1758.18,CARD,0,0,0.0,1,2,TIER_2,0.617,0,3,12,0
ord_11135964,cust_880371,1239.97,COD,0,0,0.0,1,1,TIER_1_METRO,0.88,2,2,7,0
ord_23626214,cust_102634,380.68,UPI,0,0,0.0,1,1,TIER_2,0.916,1,1,17,0
ord_12752690,cust_763622,2256.03,NETBANKING,0,0,0.0,1,1,TIER_1_METRO,0.738,1,1,16,0
ord_46634821,cust_370640,630.25,COD,4,0,0.0,0,1,TIER_2,0.929,0,3,7,0
ord_36394560,cust_826746,641.06,UPI,11,1,0.0909,0,1,TIER_1_METRO,0.979,2,1,19,1
ord_55230048,cust_474924,493.53,UPI,2,1,0.5,0,1,TIER_2,0.702,0,4,6,0
ord_49052395,cust_102988,797.85,UPI,4,0,0.0,0,7,TIER_2,0.956,0,3,1,0
ord_42468095,cust_989813,3798.13,UPI,0,0,0.0,1,1,TIER_1_METRO,0.88,0,1,15,0
ord_70126058,cust_805191,1187.68,UPI,13,0,0.0,0,1,TIER_3_HIGH_RISK,0.596,1,4,20,0
ord_33101383,cust_278417,1607.82,COD,0,0,0.0,1,1,TIER_3_HIGH_RISK,0.739,0,2,9,0
ord_42251324,cust_653392,2329.17,UPI,0,0,0.0,1,1,TIER_2,0.807,0,2,3,0
ord_76757903,cust_913435,1188.18,UPI,8,1,0.125,0,2,TIER_1_METRO,0.818,2,2,2,0
ord_73224359,cust_515844,1780.76,UPI,5,1,0.2,0,1,TIER_2,0.753,0,1,23,0
ord_58544005,cust_402587,769.52,NETBANKING,1,0,0.0,0,1,TIER_3_HIGH_RISK,0.509,1,1,8,1
ord_58715250,cust_268828,2405.42,COD,24,1,0.0417,0,1,TIER_1_METRO,0.839,0,1,0,0
ord_74794026,cust_444417,1451.26,COD,4,0,0.0,0,2,TIER_1_METRO,0.782,2,3,12,0
ord_71306900,cust_102175,827.03,UPI,1,0,0.0,0,2,TIER_2,0.604,0,3,16,0
ord_47318472,cust_590010,4060.53,COD,0,0,0.0,1,3,TIER_3_HIGH_RISK,0.67,0,2,13,1
ord_95304260,cust_115362,841.72,UPI,0,0,0.0,1,1,TIER_2,0.718,0,1,18,1
ord_52710916,cust_999079,546.12,UPI,11,0,0.0,0,2,TIER_1_METRO,0.778,2,1,7,0
ord_56243586,cust_554747,509.85,COD,4,0,0.0,0,5,TIER_1_METRO,0.754,0,1,8,1
ord_78628357,cust_972422,1359.11,COD,8,1,0.125,0,1,TIER_1_METRO,0.839,2,1,11,1
ord_76186438,cust_496562,1748.0,COD,6,1,0.1667,0,1,TIER_1_METRO,0.781,1,2,4,0
ord_35113778,cust_841277,2121.89,COD,5,0,0.0,0,1,TIER_1_METRO,0.868,0,2,20,0
ord_71539904,cust_909398,1853.08,COD,0,0,0.0,1,1,TIER_2,0.81,0,1,11,0
ord_66982802,cust_662943,621.39,UPI,9,0,0.0,0,1,TIER_2,0.553,0,4,11,0
ord_18237881,cust_275234,257.36,COD,4,0,0.0,0,1,TIER_1_METRO,0.813,0,1,0,0
ord_74496620,cust_854719,1471.37,UPI,0,0,0.0,1,1,TIER_3_HIGH_RISK,0.584,0,1,4,1
ord_39936378,cust_325880,2084.85,COD,0,0,0.0,1,2,TIER_3_HIGH_RISK,0.725,1,4,16,1
ord_63873131,cust_149875,2265.74,CARD,0,0,0.0,1,1,TIER_2,0.723,1,1,0,0
ord_12795126,cust_470754,2761.09,UPI,16,0,0.0,0,1,TIER_1_METRO,0.808,0,1,11,0
ord_55084109,cust_994990,1101.37,NETBANKING,9,0,0.0,0,1,TIER_1_METRO,0.871,1,1,22,0
ord_85538812,cust_631117,3554.83,UPI,5,0,0.0,0,7,TIER_1_METRO,0.628,1,1,22,1
ord_97820133,cust_296006,10802.48,UPI,8,0,0.0,0,2,TIER_1_METRO,0.658,1,2,1,0
ord_16894604,cust_622554,3568.28,COD,6,0,0.0,0,1,TIER_3_HIGH_RISK,0.641,0,2,23,0
ord_38402632,cust_515813,1983.6,COD,6,0,0.0,0,1,TIER_1_METRO,0.794,1,2,10,0
ord_25125440,cust_553416,1583.48,COD,1,0,0.0,0,1,TIER_1_METRO,0.886,0,1,11,0
ord_38388813,cust_661544,760.39,CARD,0,0,0.0,1,3,TIER_1_METRO,0.815,1,1,18,0
ord_67153903,cust_300981,4848.12,UPI,8,0,0.0,0,2,TIER_1_METRO,0.879,3,1,7,0
ord_32335235,cust_174180,911.97,COD,1,0,0.0,0,1,TIER_1_METRO,0.557,1,1,23,1
ord_17813516,cust_202974,617.8,UPI,5,0,0.0,0,2,TIER_2,0.875,0,1,18,0
ord_63701063,cust_341819,1106.69,COD,0,0,0.0,1,3,TIER_2,0.816,0,4,18,0
ord_58761066,cust_385069,4268.43,UPI,4,0,0.0,0,1,TIER_2,0.943,0,4,0,0
ord_48402675,cust_840741,2542.23,UPI,0,0,0.0,1,1,TIER_1_METRO,0.931,0,4,15,0
ord_81026294,cust_240401,441.93,COD,0,0,0.0,1,1,TIER_2,0.855,0,3,3,1
ord_78493913,cust_477546,1105.21,CARD,0,0,0.0,1,1,TIER_1_METRO,0.74,1,1,21,0
ord_97258185,cust_608690,3527.18,COD,0,0,0.0,1,1,TIER_1_METRO,0.681,0,1,17,1
ord_45996979,cust_962800,2596.34,UPI,13,0,0.0,0,4,TIER_1_METRO,0.786,0,2,16,0
ord_63798337,cust_109864,1348.69,COD,6,0,0.0,0,1,TIER_3_HIGH_RISK,0.465,1,1,10,0
ord_17585153,cust_820799,1393.57,COD,0,0,0.0,1,1,TIER_3_HIGH_RISK,0.675,1,2,15,1
ord_65541643,cust_149574,1719.28,COD,20,1,0.05,0,1,TIER_2,0.577,0,1,4,0
ord_82352826,cust_693593,1189.19,COD,20,0,0.0,0,1,TIER_1_METRO,0.785,0,1,23,0
ord_42779182,cust_836366,317.74,COD,9,0,0.0,0,1,TIER_3_HIGH_RISK,0.765,0,5,1,0
ord_51837593,cust_633615,257.77,COD,5,0,0.0,0,1,TIER_1_METRO,0.947,0,1,16,0
ord_53625285,cust_143086,674.34,UPI,1,0,0.0,0,1,TIER_1_METRO,0.539,1,1,14,0
ord_43197175,cust_608193,560.29,UPI,0,0,0.0,1,4,TIER_2,0.813,0,2,1,1
ord_78487012,cust_348433,390.58,COD,0,0,0.0,1,1,TIER_1_METRO,0.758,0,1,5,0
ord_13801082,cust_501894,756.21,CARD,1,0,0.0,0,2,TIER_1_METRO,0.928,0,2,10,0
ord_54038638,cust_794820,1751.22,COD,15,0,0.0,0,2,TIER_2,0.825,0,2,23,0
ord_49265186,cust_171895,249.0,UPI,0,0,0.0,1,1,TIER_1_METRO,0.922,2,1,13,0
ord_51999675,cust_576848,684.59,UPI,0,0,0.0,1,1,TIER_2,0.938,2,1,13,0
ord_48445879,cust_857655,306.85,COD,8,0,0.0,0,2,TIER_2,0.399,0,1,6,0
ord_67568342,cust_720390,4247.78,COD,7,0,0.0,0,1,TIER_1_METRO,0.885,3,1,18,0
ord_15907726,cust_737345,1159.33,COD,0,0,0.0,1,1,TIER_1_METRO,0.859,2,1,18,0
ord_29872255,cust_585909,249.0,UPI,0,0,0.0,1,1,TIER_1_METRO,0.898,1,3,23,0
ord_17581002,cust_637889,2660.14,CARD,3,0,0.0,0,1,TIER_1_METRO,0.726,0,1,9,0
ord_74437248,cust_364208,749.07,COD,0,0,0.0,1,1,TIER_2,0.801,1,1,10,1
ord_59782459,cust_595927,1361.52,CARD,12,0,0.0,0,2,TIER_1_METRO,0.244,2,1,11,0
ord_10913605,cust_837770,910.12,COD,1,0,0.0,0,1,TIER_2,0.574,0,2,16,1
ord_56361481,cust_224716,485.05,UPI,0,0,0.0,1,1,TIER_2,0.829,2,1,5,0
ord_42886671,cust_190177,672.38,CARD,0,0,0.0,1,1,TIER_1_METRO,0.674,0,2,23,0
ord_53949558,cust_797706,4661.71,NETBANKING,6,0,0.0,0,2,TIER_1_METRO,0.675,0,4,17,0
ord_87934717,cust_478044,2017.19,COD,17,0,0.0,0,3,TIER_1_METRO,0.957,0,1,15,0
ord_26288007,cust_890841,705.67,COD,8,2,0.25,0,1,TIER_3_HIGH_RISK,0.284,0,1,9,1
ord_45790315,cust_209365,2201.0,CARD,3,0,0.0,0,3,TIER_1_METRO,0.984,1,1,5,0
ord_41199893,cust_764399,1324.23,COD,8,0,0.0,0,1,TIER_2,0.329,1,1,14,0
ord_76774402,cust_853290,1359.44,COD,0,0,0.0,1,1,TIER_1_METRO,0.838,0,1,12,0
ord_65619819,cust_256319,4310.87,COD,12,0,0.0,0,1,TIER_3_HIGH_RISK,0.762,0,2,5,1
ord_64391651,cust_116471,1400.32,COD,3,1,0.3333,0,1,TIER_2,0.635,1,1,6,1
ord_93700525,cust_537734,624.44,UPI,5,0,0.0,0,3,TIER_2,0.618,0,1,6,0
ord_78761869,cust_757844,612.69,COD,0,0,0.0,1,2,TIER_1_METRO,0.967,1,1,18,0
ord_22503247,cust_483898,1701.52,CARD,0,0,0.0,1,1,TIER_1_METRO,0.663,0,1,3,0
ord_27480861,cust_947839,1815.78,CARD,0,0,0.0,1,3,TIER_1_METRO,0.95,1,3,1,1
ord_42719252,cust_941254,590.84,UPI,0,0,0.0,1,1,TIER_3_HIGH_RISK,0.837,0,2,2,0
ord_92981492,cust_430126,677.01,COD,15,0,0.0,0,1,TIER_3_HIGH_RISK,0.51,0,2,13,0
ord_23426716,cust_226794,681.76,UPI,0,0,0.0,1,2,TIER_1_METRO,0.817,0,2,10,0
ord_72982807,cust_116328,1047.22,UPI,5,0,0.0,0,1,TIER_2,0.783,0,1,9,0
ord_93496485,cust_993081,1444.46,UPI,0,0,0.0,1,1,TIER_3_HIGH_RISK,0.636,0,1,23,1
ord_56338604,cust_185227,828.04,UPI,6,0,0.0,0,1,TIER_3_HIGH_RISK,0.886,1,1,6,1
ord_91769929,cust_607314,1365.08,COD,4,0,0.0,0,3,TIER_2,0.51,0,1,17,1
ord_69853126,cust_134341,1120.72,UPI,1,0,0.0,0,5,TIER_1_METRO,0.77,0,1,20,0
ord_61321572,cust_418687,1135.36,CARD,2,0,0.0,0,1,TIER_2,0.921,0,4,23,0
ord_80199794,cust_443357,1040.06,COD,0,0,0.0,1,1,TIER_2,0.783,0,2,15,1
ord_89806232,cust_366579,1823.58,UPI,7,1,0.1429,0,1,TIER_3_HIGH_RISK,0.728,0,1,12,0
ord_72760370,cust_654236,2515.7,UPI,0,0,0.0,1,1,TIER_1_METRO,0.859,3,1,16,0
ord_18994006,cust_248865,3179.92,UPI,1,0,0.0,0,1,TIER_1_METRO,0.608,1,3,19,0
ord_21457860,cust_778391,860.17,COD,0,0,0.0,1,1,TIER_1_METRO,0.732,0,1,18,0
ord_83465759,cust_465556,914.67,COD,0,0,0.0,1,1,TIER_3_HIGH_RISK,0.743,1,8,3,1
ord_61552633,cust_383475,1205.54,CARD,0,0,0.0,1,1,TIER_2,0.689,0,5,18,0
ord_42339834,cust_177001,313.98,COD,0,0,0.0,1,4,TIER_2,0.459,0,1,13,1
ord_90235127,cust_779590,596.71,UPI,0,0,0.0,1,1,TIER_1_METRO,0.913,0,1,16,0
ord_82987127,cust_189299,1363.94,COD,10,1,0.1,0,2,TIER_1_METRO,0.57,2,1,10,1
ord_33284876,cust_113423,916.58,UPI,0,0,0.0,1,1,TIER_3_HIGH_RISK,0.697,0,1,17,1
ord_92333970,cust_814758,2067.09,UPI,4,0,0.0,0,4,TIER_2,0.495,0,1,13,1
ord_22164078,cust_510676,611.92,COD,4,0,0.0,0,1,TIER_1_METRO,0.814,0,1,2,0
ord_96675610,cust_678523,622.0,UPI,3,0,0.0,0,1,TIER_1_METRO,0.898,0,2,16,0
ord_50988408,cust_337741,3470.74,UPI,8,2,0.25,0,2,TIER_1_METRO,0.495,0,1,4,1
ord_80790754,cust_887069,1362.13,CARD,0,0,0.0,1,1,TIER_3_HIGH_RISK,0.637,2,2,7,1
ord_79130699,cust_530909,370.16,COD,8,0,0.0,0,1,TIER_3_HIGH_RISK,0.628,0,1,9,1
ord_50076121,cust_239648,313.89,CARD,0,0,0.0,1,3,TIER_1_METRO,0.523,0,1,15,0
ord_52569794,cust_564787,861.19,NETBANKING,0,0,0.0,1,1,TIER_2,0.414,1,2,1,0
ord_88946494,cust_498649,1241.57,UPI,3,1,0.3333,0,2,TIER_3_HIGH_RISK,0.793,1,2,2,1
ord_77154339,cust_193676,986.43,UPI,9,0,0.0,0,1,TIER_2,0.99,0,2,5,0
ord_79679589,cust_862129,473.13,UPI,2,1,0.5,0,1,TIER_2,0.846,0,2,13,0
ord_75414705,cust_703107,809.89,UPI,7,0,0.0,0,1,TIER_3_HIGH_RISK,0.838,0,1,6,0
ord_43399680,cust_687283,1662.19,UPI,4,0,0.0,0,2,TIER_2,0.366,0,1,0,1
ord_84815222,cust_795438,5179.62,COD,7,0,0.0,0,1,TIER_1_METRO,0.886,2,3,19,0
ord_94656528,cust_486371,16101.09,UPI,0,0,0.0,1,1,TIER_1_METRO,0.83,1,1,8,0
ord_27172678,cust_727298,406.83,UPI,0,0,0.0,1,1,TIER_1_METRO,0.934,0,2,6,0
ord_49168490,cust_389112,2485.48,COD,9,0,0.0,0,2,TIER_2,0.939,1,1,2,0
ord_23981528,cust_933609,1758.55,COD,0,0,0.0,1,1,TIER_1_METRO,0.879,0,1,12,0
ord_56236588,cust_943171,950.36,COD,6,0,0.0,0,1,TIER_3_HIGH_RISK,0.628,1,1,7,1
ord_79913666,cust_567601,881.75,UPI,11,0,0.0,0,1,TIER_2,0.761,1,1,12,0
ord_95102813,cust_122487,2105.01,COD,9,2,0.2222,0,1,TIER_2,0.732,0,1,23,1
ord_90558427,cust_134142,6973.47,COD,12,0,0.0,0,1,TIER_3_HIGH_RISK,0.644,1,1,7,1
ord_37616524,cust_998590,1721.55,COD,7,2,0.2857,0,2,TIER_3_HIGH_RISK,0.767,1,1,12,1
ord_83007749,cust_768465,1115.9,UPI,9,0,0.0,0,1,TIER_2,0.766,1,1,21,0
ord_83823165,cust_648683,922.3,COD,6,0,0.0,0,1,TIER_3_HIGH_RISK,0.565,0,1,16,1
ord_56747785,cust_456241,339.82,UPI,2,0,0.0,0,1,TIER_2,0.745,0,2,1,0
ord_76331072,cust_177932,2130.25,UPI,0,0,0.0,1,1,TIER_2,0.919,0,1,2,1
ord_11829484,cust_935672,1625.88,CARD,0,0,0.0,1,1,TIER_3_HIGH_RISK,0.625,0,1,11,0
ord_34069712,cust_773298,310.23,UPI,0,0,0.0,1,1,TIER_2,0.856,0,1,6,0
ord_10112935,cust_437563,1096.37,CARD,3,0,0.0,0,1,TIER_2,0.703,1,1,10,0
ord_16491878,cust_516432,1014.33,UPI,5,0,0.0,0,1,TIER_3_HIGH_RISK,0.502,0,2,19,0
ord_67351079,cust_676131,1579.83,CARD,1,1,1.0,0,1,TIER_1_METRO,0.637,0,1,2,1
ord_61484872,cust_622915,2805.44,COD,4,0,0.0,0,1,TIER_2,0.682,0,3,23,0
ord_98010109,cust_700657,804.41,UPI,0,0,0.0,1,5,TIER_1_METRO,0.331,0,3,8,0
ord_56589545,cust_178066,1659.73,COD,7,1,0.1429,0,1,TIER_2,0.755,0,1,6,0
ord_62286002,cust_271871,2745.22,CARD,13,0,0.0,0,1,TIER_1_METRO,0.635,2,1,6,0
ord_20384778,cust_273104,678.4,COD,3,0,0.0,0,1,TIER_1_METRO,0.877,1,1,16,0
ord_35134254,cust_841738,6237.06,COD,0,0,0.0,1,1,TIER_2,0.866,0,1,12,1
ord_86408261,cust_889649,1325.19,CARD,0,0,0.0,1,1,TIER_1_METRO,0.772,0,2,22,0
ord_62396446,cust_836205,524.0,COD,23,0,0.0,0,1,TIER_1_METRO,0.426,1,1,17,0
ord_30884776,cust_652805,533.43,COD,0,0,0.0,1,1,TIER_2,0.827,1,1,5,0
ord_51096674,cust_775216,774.14,COD,0,0,0.0,1,2,TIER_2,0.621,2,1,12,1
ord_50867616,cust_582877,514.36,UPI,11,3,0.2727,0,2,TIER_1_METRO,0.931,1,1,6,0
ord_95512608,cust_300180,2538.14,UPI,6,2,0.3333,0,1,TIER_3_HIGH_RISK,0.8,2,3,19,1
ord_85831720,cust_931143,884.51,COD,0,0,0.0,1,4,TIER_2,0.805,1,1,15,1
ord_64257061,cust_588896,1102.05,COD,7,0,0.0,0,2,TIER_2,0.839,0,1,9,0
ord_41792217,cust_161240,350.43,COD,6,0,0.0,0,1,TIER_3_HIGH_RISK,0.406,2,1,1,1
ord_98213938,cust_451595,717.08,COD,0,0,0.0,1,1,TIER_3_HIGH_RISK,0.749,0,2,19,1
ord_53099658,cust_711692,746.15,COD,0,0,0.0,1,1,TIER_2,0.916,2,1,21,0
ord_84559926,cust_436802,3010.14,UPI,6,2,0.3333,0,1,TIER_2,0.911,0,1,0,0
ord_37413629,cust_478459,1137.05,COD,9,1,0.1111,0,1,TIER_1_METRO,0.885,1,4,14,0
ord_26994986,cust_794476,1729.93,COD,3,0,0.0,0,1,TIER_1_METRO,0.865,0,1,8,1
ord_96400448,cust_548912,1117.42,UPI,9,0,0.0,0,2,TIER_2,0.957,0,2,10,0
ord_28436016,cust_450435,2219.98,UPI,0,0,0.0,1,2,TIER_1_METRO,0.818,0,3,12,0
ord_88110973,cust_679885,2910.59,COD,3,0,0.0,0,1,TIER_1_METRO,0.802,0,1,4,0
ord_92716985,cust_580265,682.85,CARD,3,1,0.3333,0,1,TIER_1_METRO,0.837,1,1,1,0
ord_76829650,cust_385605,904.7,COD,9,0,0.0,0,1,TIER_1_METRO,0.672,0,1,4,0
ord_21065982,cust_326445,764.4,COD,7,0,0.0,0,1,TIER_3_HIGH_RISK,0.856,1,3,18,1
ord_21631400,cust_569988,428.34,COD,4,0,0.0,0,2,TIER_2,0.775,0,1,16,0
ord_42612857,cust_325993,4253.71,CARD,6,0,0.0,0,1,TIER_1_METRO,0.689,0,1,18,0
ord_99124711,cust_869483,929.51,UPI,1,0,0.0,0,1,TIER_2,0.862,2,3,23,1
ord_18059777,cust_903063,1747.74,UPI,3,0,0.0,0,1,TIER_1_METRO,0.955,1,2,18,0
ord_60709813,cust_245949,1141.85,UPI,12,3,0.25,0,1,TIER_3_HIGH_RISK,0.908,2,2,9,0
ord_95000180,cust_521153,392.5,CARD,2,1,0.5,0,1,TIER_3_HIGH_RISK,0.744,1,1,7,1
ord_99054634,cust_924029,3536.19,COD,7,0,0.0,0,2,TIER_1_METRO,0.933,3,1,5,0
ord_45177357,cust_813851,2596.8,UPI,4,0,0.0,0,1,TIER_2,0.714,2,1,18,0
ord_56410650,cust_343244,1360.0,COD,8,0,0.0,0,1,TIER_3_HIGH_RISK,0.513,0,1,5,1
ord_49012508,cust_454349,1010.36,UPI,2,0,0.0,0,1,TIER_1_METRO,0.773,2,1,17,0
ord_56910127,cust_332273,1562.66,UPI,6,0,0.0,0,1,TIER_2,0.601,1,1,12,0
ord_32470291,cust_254731,1445.85,UPI,8,0,0.0,0,1,TIER_1_METRO,0.938,0,2,20,0
ord_74285097,cust_245939,7408.53,COD,0,0,0.0,1,3,TIER_1_METRO,0.678,0,1,15,1
ord_79353566,cust_456826,618.46,UPI,6,0,0.0,0,1,TIER_1_METRO,0.919,2,1,18,0
ord_66564137,cust_402702,2641.0,COD,7,0,0.0,0,4,TIER_2,0.715,2,1,5,1
ord_19976122,cust_133677,1343.24,UPI,0,0,0.0,1,1,TIER_3_HIGH_RISK,0.788,0,2,12,1
ord_99298129,cust_291933,2637.63,COD,0,0,0.0,1,1,TIER_2,0.918,2,2,12,1
ord_99906090,cust_226419,1502.85,COD,0,0,0.0,1,1,TIER_3_HIGH_RISK,0.455,3,1,21,1
ord_81655789,cust_999455,873.08,NETBANKING,5,1,0.2,0,3,TIER_1_METRO,0.732,0,1,3,0
ord_33641900,cust_191467,4608.12,COD,4,0,0.0,0,1,TIER_3_HIGH_RISK,0.421,0,3,2,0
ord_12235000,cust_236450,702.23,UPI,5,0,0.0,0,1,TIER_2,0.754,0,2,22,0
ord_54476240,cust_221373,1250.67,COD,2,0,0.0,0,1,TIER_2,0.937,1,1,16,1
ord_71487805,cust_455698,282.84,UPI,6,1,0.1667,0,2,TIER_2,0.887,0,2,23,0
ord_15934261,cust_387502,960.12,COD,0,0,0.0,1,1,TIER_3_HIGH_RISK,0.918,0,2,17,1
ord_67874183,cust_435500,249.0,CARD,4,0,0.0,0,2,TIER_1_METRO,0.793,0,1,4,0
ord_29735033,cust_484560,1133.51,COD,1,0,0.0,0,3,TIER_2,0.73,1,1,15,1
ord_60011985,cust_964297,2712.35,COD,0,0,0.0,1,1,TIER_1_METRO,0.757,1,1,5,1
ord_94745814,cust_180528,422.4,CARD,5,0,0.0,0,1,TIER_3_HIGH_RISK,0.487,2,1,4,0
ord_51801105,cust_385410,8050.97,UPI,8,0,0.0,0,1,TIER_2,0.852,0,1,0,0
ord_77775190,cust_185186,4406.98,UPI,0,0,0.0,1,1,TIER_1_METRO,0.722,1,1,11,0
ord_89881819,cust_975534,1155.24,UPI,0,0,0.0,1,1,TIER_1_METRO,0.937,0,4,15,0
ord_47048844,cust_929405,373.76,UPI,1,0,0.0,0,1,TIER_3_HIGH_RISK,0.737,0,1,5,0
ord_78597407,cust_312718,1324.44,COD,0,0,0.0,1,1,TIER_1_METRO,0.743,0,1,6,0
ord_16807173,cust_373132,1219.27,CARD,0,0,0.0,1,3,TIER_1_METRO,0.584,3,1,9,0
ord_18659522,cust_460654,307.44,UPI,7,0,0.0,0,1,TIER_2,0.859,2,2,13,0
ord_64609052,cust_721873,1349.78,COD,0,0,0.0,1,1,TIER_1_METRO,0.582,2,1,8,0
ord_15241218,cust_512156,1171.4,COD,0,0,0.0,1,1,TIER_1_METRO,0.922,0,1,20,0
ord_62840397,cust_406505,2467.44,UPI,0,0,0.0,1,1,TIER_3_HIGH_RISK,0.78,1,1,1,0
ord_97901869,cust_478870,807.39,COD,8,0,0.0,0,2,TIER_2,0.721,0,1,9,0
ord_18140594,cust_369457,1163.45,COD,0,0,0.0,1,1,TIER_1_METRO,0.657,0,1,9,0
ord_79040239,cust_112685,3822.69,UPI,5,0,0.0,0,1,TIER_2,0.642,0,1,14,0
ord_14070161,cust_368260,2361.52,COD,4,0,0.0,0,1,TIER_1_METRO,0.94,1,2,2,0
ord_34903926,cust_205850,668.54,CARD,8,2,0.25,0,1,TIER_2,0.737,1,3,11,0
ord_65068560,cust_217828,1710.53,COD,0,0,0.0,1,1,TIER_3_HIGH_RISK,0.815,0,1,9,1
ord_45402297,cust_732407,3976.72,COD,8,0,0.0,0,1,TIER_3_HIGH_RISK,0.482,1,2,12,1
ord_24219886,cust_383080,897.28,UPI,9,0,0.0,0,1,TIER_1_METRO,0.86,0,1,0,0
ord_45303414,cust_732312,1604.77,UPI,11,0,0.0,0,1,TIER_1_METRO,0.863,1,2,21,0
ord_89393606,cust_908391,1067.05,CARD,10,0,0.0,0,1,TIER_1_METRO,0.814,0,1,11,0
ord_67487713,cust_895881,1270.74,NETBANKING,0,0,0.0,1,2,TIER_3_HIGH_RISK,0.636,0,3,22,0
ord_42927450,cust_671934,689.38,UPI,0,0,0.0,1,1,TIER_1_METRO,0.65,0,1,5,0
ord_74370273,cust_142974,2462.6,COD,0,0,0.0,1,2,TIER_1_METRO,0.685,0,1,22,0
ord_43027291,cust_951982,341.8,COD,10,1,0.1,0,1,TIER_3_HIGH_RISK,0.342,0,1,23,0
ord_81370527,cust_104476,3912.01,UPI,0,0,0.0,1,1,TIER_1_METRO,0.739,2,1,2,0
ord_41725526,cust_244318,925.82,COD,13,0,0.0,0,1,TIER_3_HIGH_RISK,0.653,0,3,1,0
ord_13931041,cust_596723,1025.46,CARD,19,1,0.0526,0,1,TIER_2,0.865,2,1,22,0
ord_78470076,cust_512655,589.23,COD,0,0,0.0,1,2,TIER_2,0.82,0,1,14,1
ord_92254360,cust_227558,924.3,COD,4,2,0.5,0,1,TIER_1_METRO,0.89,1,1,7,1
ord_46108021,cust_895565,1159.13,UPI,0,0,0.0,1,1,TIER_1_METRO,0.507,1,2,22,0
ord_13401447,cust_203691,1506.5,COD,0,0,0.0,1,1,TIER_1_METRO,0.598,0,3,5,0
ord_12426062,cust_141713,490.07,COD,0,0,0.0,1,1,TIER_1_METRO,0.938,1,1,6,0
ord_46353090,cust_252935,5235.61,UPI,0,0,0.0,1,1,TIER_3_HIGH_RISK,0.751,0,1,11,1
ord_49333160,cust_423633,1481.49,COD,0,0,0.0,1,1,TIER_1_METRO,0.867,0,2,0,0
ord_33203646,cust_781688,961.95,UPI,4,1,0.25,0,1,TIER_3_HIGH_RISK,0.668,1,1,7,0
ord_55649911,cust_212168,706.48,COD,2,0,0.0,0,1,TIER_2,0.851,2,3,16,0
ord_27064465,cust_835333,340.05,COD,0,0,0.0,1,1,TIER_1_METRO,0.44,0,2,22,0
ord_80670533,cust_882842,931.24,COD,0,0,0.0,1,1,TIER_1_METRO,0.986,0,1,17,0
ord_92282305,cust_369189,1113.59,COD,3,1,0.3333,0,1,TIER_1_METRO,0.958,2,1,17,0
ord_44301851,cust_403682,3142.99,COD,0,0,0.0,1,1,TIER_3_HIGH_RISK,0.413,0,4,5,1
ord_98079593,cust_877939,586.15,COD,0,0,0.0,1,1,TIER_1_METRO,0.697,0,2,0,0
ord_93752812,cust_775004,420.63,COD,0,0,0.0,1,1,TIER_2,0.701,2,1,16,1
ord_80717998,cust_241035,1832.5,COD,1,0,0.0,0,2,TIER_2,0.843,2,1,18,1
ord_16498450,cust_151998,569.96,UPI,6,0,0.0,0,1,TIER_1_METRO,0.631,0,2,20,0
ord_88874382,cust_765609,852.23,UPI,0,0,0.0,1,1,TIER_1_METRO,0.783,2,1,14,0
ord_79184278,cust_684814,431.41,UPI,0,0,0.0,1,1,TIER_1_METRO,0.767,0,1,15,0
ord_43931656,cust_671692,1535.75,UPI,2,0,0.0,0,2,TIER_2,0.953,1,2,15,0
ord_34673161,cust_541289,875.35,COD,0,0,0.0,1,1,TIER_1_METRO,0.924,1,1,11,1
ord_37345820,cust_918851,564.62,COD,6,0,0.0,0,1,TIER_2,0.757,2,2,12,0
ord_81570782,cust_614738,721.33,COD,0,0,0.0,1,1,TIER_1_METRO,0.739,2,2,0,1
ord_89680765,cust_536677,1376.87,COD,7,0,0.0,0,1,TIER_1_METRO,0.791,0,1,6,0
ord_30523385,cust_262867,249.0,COD,0,0,0.0,1,1,TIER_3_HIGH_RISK,0.585,0,1,4,1
ord_21199747,cust_970343,1929.91,COD,6,0,0.0,0,1,TIER_1_METRO,0.779,1,2,9,0
ord_99473854,cust_615188,959.73,COD,6,0,0.0,0,1,TIER_3_HIGH_RISK,0.583,0,1,16,0
ord_19770488,cust_509767,336.25,COD,7,0,0.0,0,1,TIER_1_METRO,0.698,0,2,19,0
ord_42276687,cust_717484,678.49,COD,0,0,0.0,1,2,TIER_2,0.679,0,5,8,0
ord_76075147,cust_395943,249.0,UPI,0,0,0.0,1,1,TIER_1_METRO,0.831,0,2,10,0
ord_37870540,cust_701082,660.32,CARD,4,1,0.25,0,7,TIER_1_METRO,0.787,2,1,17,1
ord_43221319,cust_398232,1464.95,UPI,0,0,0.0,1,1,TIER_2,0.728,1,2,0,0
ord_11043423,cust_455923,554.4,COD,0,0,0.0,1,1,TIER_2,0.78,2,1,13,1
ord_12278569,cust_120997,3289.03,UPI,0,0,0.0,1,1,TIER_2,0.965,2,1,16,0
ord_84696009,cust_310997,2762.45,UPI,0,0,0.0,1,1,TIER_1_METRO,0.623,2,2,5,0
ord_33317396,cust_469651,2851.55,COD,1,0,0.0,0,1,TIER_3_HIGH_RISK,0.466,0,3,18,1
ord_98336776,cust_910872,929.28,UPI,3,0,0.0,0,2,TIER_3_HIGH_RISK,0.674,0,2,20,0
ord_30848152,cust_977742,2654.52,UPI,0,0,0.0,1,1,TIER_2,0.82,1,1,19,0
ord_26534820,cust_996656,2575.97,COD,15,1,0.0667,0,2,TIER_1_METRO,0.865,0,1,9,0
ord_65224460,cust_198099,1702.85,UPI,15,1,0.0667,0,1,TIER_1_METRO,0.589,0,2,21,0
ord_66313452,cust_562506,1638.56,CARD,6,0,0.0,0,2,TIER_3_HIGH_RISK,0.654,0,5,21,0
ord_75782983,cust_204894,990.09,NETBANKING,0,0,0.0,1,1,TIER_2,0.439,0,4,8,0
ord_60804654,cust_652375,371.08,CARD,0,0,0.0,1,1,TIER_1_METRO,0.823,1,1,6,0
ord_26684388,cust_472908,684.07,COD,5,2,0.4,0,1,TIER_3_HIGH_RISK,0.643,1,1,20,1
ord_65482283,cust_202548,859.08,UPI,6,1,0.1667,0,1,TIER_3_HIGH_RISK,0.779,0,1,6,1
ord_27163810,cust_866913,4890.44,UPI,0,0,0.0,1,1,TIER_2,0.679,0,2,9,0
ord_54050399,cust_271926,2384.07,COD,0,0,0.0,1,1,TIER_3_HIGH_RISK,0.739,0,1,6,1
ord_87921522,cust_837456,420.52,UPI,6,0,0.0,0,3,TIER_3_HIGH_RISK,0.641,0,1,21,0
ord_83949887,cust_947182,512.22,UPI,0,0,0.0,1,1,TIER_1_METRO,0.727,0,1,22,0
ord_93750880,cust_330413,2863.77,COD,4,0,0.0,0,1,TIER_1_METRO,0.773,2,1,22,0
ord_41579612,cust_325963,2120.9,COD,3,0,0.0,0,1,TIER_2,0.516,0,1,6,0
ord_63553666,cust_936103,1546.54,COD,3,0,0.0,0,1,TIER_3_HIGH_RISK,0.648,0,3,6,0
ord_21607230,cust_584245,366.86,UPI,2,1,0.5,0,1,TIER_1_METRO,0.946,0,4,20,0
ord_95456969,cust_837679,2932.48,COD,6,0,0.0,0,2,TIER_3_HIGH_RISK,0.679,1,1,14,0
ord_96895606,cust_721281,997.93,CARD,8,0,0.0,0,7,TIER_2,0.834,0,1,22,1
ord_58786500,cust_112873,775.66,UPI,3,0,0.0,0,3,TIER_1_METRO,0.763,3,1,11,1
ord_60122260,cust_950153,504.67,UPI,6,2,0.3333,0,2,TIER_1_METRO,0.822,2,2,8,0
ord_82687987,cust_825483,1693.37,CARD,10,0,0.0,0,1,TIER_1_METRO,0.942,0,1,12,0
ord_90846038,cust_797590,4306.24,COD,7,1,0.1429,0,1,TIER_1_METRO,0.844,0,2,0,0
ord_24262957,cust_150375,1285.74,UPI,0,0,0.0,1,1,TIER_2,0.624,0,1,6,0
ord_82989790,cust_551436,2120.57,UPI,0,0,0.0,1,1,TIER_1_METRO,0.894,0,2,23,0
ord_26413328,cust_144864,2625.06,UPI,4,1,0.25,0,1,TIER_1_METRO,0.849,1,1,11,0
ord_24403194,cust_619892,4335.31,CARD,18,1,0.0556,0,2,TIER_1_METRO,0.795,2,1,13,0
ord_19258789,cust_241696,739.06,CARD,0,0,0.0,1,1,TIER_2,0.698,1,2,14,1
ord_61879723,cust_634396,1006.05,COD,0,0,0.0,1,2,TIER_1_METRO,0.913,0,1,4,0
ord_59669558,cust_411295,1111.21,COD,4,0,0.0,0,1,TIER_1_METRO,0.716,0,2,9,0
ord_89600094,cust_995939,2618.44,CARD,15,1,0.0667,0,1,TIER_1_METRO,0.707,1,2,11,0
ord_20249579,cust_607438,636.02,UPI,0,0,0.0,1,1,TIER_2,0.856,1,1,17,0
ord_63979613,cust_663200,5705.52,COD,3,0,0.0,0,1,TIER_1_METRO,0.62,2,1,18,0
ord_18640145,cust_196643,264.16,UPI,12,0,0.0,0,1,TIER_3_HIGH_RISK,0.639,1,1,4,0
ord_54860239,cust_246388,761.1,CARD,4,0,0.0,0,2,TIER_2,0.71,2,2,6,0
ord_91031263,cust_453435,2571.81,UPI,3,1,0.3333,0,2,TIER_2,0.734,0,4,1,0
ord_59307887,cust_890718,1735.67,NETBANKING,6,0,0.0,0,1,TIER_3_HIGH_RISK,0.306,0,1,22,0
ord_51535944,cust_662952,1950.37,COD,0,0,0.0,1,4,TIER_2,0.836,1,1,8,1
ord_51768804,cust_954528,440.5,COD,6,0,0.0,0,1,TIER_1_METRO,0.651,2,1,5,0
ord_67059545,cust_883834,718.03,UPI,0,0,0.0,1,1,TIER_1_METRO,0.929,2,2,9,0
ord_97030560,cust_421901,485.13,COD,0,0,0.0,1,2,TIER_2,0.47,0,2,9,1
ord_21950831,cust_889106,4401.21,COD,0,0,0.0,1,1,TIER_3_HIGH_RISK,0.613,1,2,22,1
ord_84042569,cust_103487,584.6,COD,7,1,0.1429,0,1,TIER_1_METRO,0.739,1,1,13,0
ord_59223966,cust_156539,923.13,UPI,12,0,0.0,0,3,TIER_1_METRO,0.714,0,1,4,0
ord_83545310,cust_116167,1478.1,UPI,15,1,0.0667,0,3,TIER_2,0.882,1,1,21,0
ord_35182763,cust_215742,1570.24,UPI,0,0,0.0,1,4,TIER_2,0.551,0,2,8,1
ord_47908921,cust_716944,967.89,UPI,4,1,0.25,0,2,TIER_1_METRO,0.815,0,2,22,0
ord_37922448,cust_265233,3827.77,UPI,0,0,0.0,1,1,TIER_1_METRO,0.954,3,2,23,0
ord_47358719,cust_283761,934.3,COD,0,0,0.0,1,1,TIER_1_METRO,0.69,0,3,19,0
ord_30120689,cust_648606,1404.38,UPI,7,0,0.0,0,2,TIER_2,0.844,1,1,14,0
ord_94461358,cust_390846,3792.17,UPI,2,0,0.0,0,2,TIER_1_METRO,0.926,0,2,17,0
ord_18918562,cust_440300,1463.29,NETBANKING,3,0,0.0,0,4,TIER_1_METRO,0.676,0,1,8,1
ord_25474878,cust_507039,1287.58,COD,0,0,0.0,1,1,TIER_3_HIGH_RISK,0.641,0,2,9,1
ord_64990662,cust_527625,427.02,UPI,1,0,0.0,0,1,TIER_3_HIGH_RISK,0.614,0,1,23,0
ord_71189747,cust_973523,1276.99,COD,0,0,0.0,1,1,TIER_1_METRO,0.759,1,2,6,0
ord_12170972,cust_568910,2214.01,UPI,0,0,0.0,1,1,TIER_1_METRO,0.591,0,2,2,0
ord_94223363,cust_765508,1940.41,UPI,0,0,0.0,1,1,TIER_2,0.785,0,2,18,0
ord_87937757,cust_872668,3530.38,UPI,11,0,0.0,0,1,TIER_1_METRO,0.938,2,1,23,0
ord_28875167,cust_907864,1230.86,NETBANKING,2,0,0.0,0,3,TIER_2,0.973,2,1,18,0
ord_64440645,cust_992058,1395.79,UPI,2,0,0.0,0,2,TIER_1_METRO,0.901,1,2,22,0
ord_18043732,cust_616929,249.0,COD,0,0,0.0,1,1,TIER_1_METRO,0.722,2,2,16,0
ord_41507991,cust_244763,1926.34,UPI,8,0,0.0,0,1,TIER_2,0.368,2,1,17,0
ord_27675548,cust_197812,361.86,UPI,4,0,0.0,0,1,TIER_2,0.616,1,2,8,0
ord_99362500,cust_929599,670.04,UPI,1,0,0.0,0,3,TIER_1_METRO,0.793,0,1,13,0
ord_80348118,cust_682473,1007.24,COD,0,0,0.0,1,1,TIER_1_METRO,0.548,0,1,7,0
ord_77871421,cust_561849,1662.14,COD,3,0,0.0,0,1,TIER_1_METRO,0.859,1,1,13,1
ord_18556135,cust_886959,2851.09,UPI,7,2,0.2857,0,2,TIER_2,0.871,0,1,22,0
ord_51727753,cust_743421,577.2,COD,7,0,0.0,0,1,TIER_1_METRO,0.687,2,2,23,0
ord_23716680,cust_925017,2382.56,COD,0,0,0.0,1,1,TIER_1_METRO,0.75,1,1,7,0
ord_31586325,cust_603122,2260.96,COD,4,0,0.0,0,1,TIER_3_HIGH_RISK,0.366,0,1,15,1
ord_52607220,cust_892650,513.52,UPI,7,0,0.0,0,1,TIER_3_HIGH_RISK,0.734,0,4,19,0
ord_33116992,cust_554887,2087.1,CARD,0,0,0.0,1,1,TIER_1_METRO,0.896,1,1,12,0
ord_51596585,cust_508632,1489.33,COD,6,0,0.0,0,1,TIER_3_HIGH_RISK,0.568,0,1,22,1
ord_48819913,cust_591135,828.58,UPI,0,0,0.0,1,1,TIER_2,0.744,0,1,7,0
ord_30922682,cust_300065,973.28,UPI,0,0,0.0,1,1,TIER_2,0.61,3,1,22,0
ord_46658811,cust_290861,1640.12,UPI,0,0,0.0,1,2,TIER_2,0.935,0,5,21,0
ord_89612817,cust_841230,497.13,COD,0,0,0.0,1,1,TIER_1_METRO,0.5,2,1,0,0
ord_64149428,cust_538596,1493.47,CARD,0,0,0.0,1,4,TIER_2,0.893,2,1,7,1
ord_89884369,cust_552174,466.61,NETBANKING,4,0,0.0,0,1,TIER_1_METRO,0.671,1,1,18,0
ord_86011144,cust_560410,3742.02,COD,6,0,0.0,0,2,TIER_1_METRO,0.767,0,2,3,0
ord_67324666,cust_255346,460.55,COD,0,0,0.0,1,1,TIER_1_METRO,0.536,0,1,15,1
ord_49247228,cust_967333,3480.25,COD,11,0,0.0,0,1,TIER_2,0.502,2,2,9,0
ord_15371045,cust_214432,518.64,COD,0,0,0.0,1,1,TIER_2,0.665,1,1,16,1
ord_98785936,cust_431679,416.14,UPI,0,0,0.0,1,1,TIER_2,0.648,2,1,21,1
ord_45127164,cust_220045,1312.74,COD,3,0,0.0,0,1,TIER_2,0.832,2,1,6,0
ord_34571210,cust_210159,3408.16,UPI,1,0,0.0,0,2,TIER_2,0.706,2,2,17,0
ord_45341284,cust_702350,1727.28,COD,22,2,0.0909,0,1,TIER_3_HIGH_RISK,0.439,0,3,19,1
ord_71996450,cust_317483,1731.45,UPI,9,2,0.2222,0,1,TIER_3_HIGH_RISK,0.724,0,1,17,1
ord_66183009,cust_824764,661.84,COD,0,0,0.0,1,3,TIER_1_METRO,0.939,0,1,10,0
ord_12080563,cust_862620,1925.94,COD,0,0,0.0,1,1,TIER_2,0.951,0,1,1,0
ord_56378726,cust_331059,1081.42,UPI,3,1,0.3333,0,3,TIER_3_HIGH_RISK,0.754,1,2,1,0
ord_64434670,cust_605074,876.84,COD,0,0,0.0,1,1,TIER_2,0.545,2,5,6,1
ord_58884318,cust_137669,758.81,UPI,7,2,0.2857,0,1,TIER_1_METRO,0.849,1,5,9,0
ord_31882940,cust_333931,3975.08,UPI,11,0,0.0,0,1,TIER_2,0.823,2,1,19,0
ord_53095047,cust_601989,1253.98,UPI,0,0,0.0,1,1,TIER_2,0.747,0,1,5,0
ord_52079812,cust_554048,1554.12,UPI,0,0,0.0,1,1,TIER_3_HIGH_RISK,0.797,0,5,10,0
ord_25295096,cust_843346,1123.69,UPI,4,0,0.0,0,1,TIER_2,0.833,2,4,17,0
ord_12417209,cust_858849,919.7,UPI,0,0,0.0,1,1,TIER_1_METRO,0.444,1,1,19,0
ord_76341485,cust_522191,1155.49,COD,8,0,0.0,0,1,TIER_2,0.501,0,4,22,0
ord_73848248,cust_649633,814.32,UPI,10,0,0.0,0,1,TIER_3_HIGH_RISK,0.754,1,2,18,0
ord_98353031,cust_877585,2000.75,COD,0,0,0.0,1,1,TIER_1_METRO,0.797,0,1,11,0
ord_43196609,cust_397821,1069.69,COD,7,0,0.0,0,2,TIER_1_METRO,0.468,0,1,18,0
ord_10225391,cust_583121,1299.62,UPI,18,1,0.0556,0,1,TIER_3_HIGH_RISK,0.806,0,2,22,0
ord_23856901,cust_567153,308.33,UPI,0,0,0.0,1,1,TIER_1_METRO,0.711,1,1,1,0
ord_41154708,cust_111817,249.0,UPI,0,0,0.0,1,1,TIER_2,0.92,0,1,2,0
ord_89281054,cust_585693,753.31,UPI,1,0,0.0,0,1,TIER_2,0.675,0,1,11,1
ord_57915342,cust_635917,1759.51,COD,0,0,0.0,1,1,TIER_2,0.736,0,1,18,1
ord_52836195,cust_154716,6457.57,NETBANKING,0,0,0.0,1,1,TIER_1_METRO,0.65,1,3,4,0
ord_83279069,cust_696050,1711.92,COD,11,0,0.0,0,2,TIER_2,0.594,2,1,3,0
ord_76171407,cust_571671,969.28,CARD,0,0,0.0,1,2,TIER_1_METRO,0.783,1,2,11,0
ord_19909551,cust_515019,2046.27,NETBANKING,4,0,0.0,0,2,TIER_2,0.693,2,2,11,0
ord_13040267,cust_110960,607.24,COD,6,0,0.0,0,2,TIER_3_HIGH_RISK,0.669,2,1,15,0
ord_86926403,cust_153906,500.72,NETBANKING,2,0,0.0,0,4,TIER_1_METRO,0.884,0,1,18,0
ord_24263315,cust_756989,626.7,UPI,5,0,0.0,0,1,TIER_3_HIGH_RISK,0.438,2,1,17,0
ord_97508536,cust_800877,665.49,COD,6,0,0.0,0,1,TIER_1_METRO,0.629,2,3,3,0
ord_42029232,cust_826844,2939.15,UPI,5,0,0.0,0,1,TIER_2,0.665,0,1,3,0
ord_31288948,cust_258829,1757.89,UPI,0,0,0.0,1,2,TIER_2,0.875,3,1,13,1
ord_40115768,cust_333103,2221.61,CARD,0,0,0.0,1,1,TIER_2,0.965,1,1,6,0
ord_37205484,cust_543716,2077.69,NETBANKING,6,0,0.0,0,1,TIER_1_METRO,0.783,0,1,9,0
ord_33443415,cust_230112,1933.43,NETBANKING,11,0,0.0,0,1,TIER_2,0.687,3,1,14,0
ord_50322851,cust_148167,317.24,UPI,0,0,0.0,1,1,TIER_2,0.838,0,1,16,0
ord_52659736,cust_851407,1637.24,UPI,0,0,0.0,1,5,TIER_2,0.958,1,2,19,1
ord_33834000,cust_253947,616.58,COD,14,0,0.0,0,1,TIER_1_METRO,0.6,0,2,1,0
ord_59464216,cust_894515,1368.81,CARD,6,0,0.0,0,1,TIER_1_METRO,0.543,0,1,5,0
ord_78112374,cust_955263,909.53,COD,2,0,0.0,0,1,TIER_1_METRO,0.46,1,2,4,0
ord_84240254,cust_111357,1847.8,UPI,3,0,0.0,0,1,TIER_1_METRO,0.918,0,8,16,0
ord_75151785,cust_141607,873.06,UPI,5,0,0.0,0,2,TIER_1_METRO,0.931,1,4,22,0
ord_30080673,cust_686360,3579.72,UPI,31,1,0.0323,0,4,TIER_2,0.711,0,2,20,0
ord_89064353,cust_105050,1355.57,UPI,0,0,0.0,1,1,TIER_1_METRO,0.488,2,1,15,0
ord_35301054,cust_533671,3271.55,CARD,0,0,0.0,1,2,TIER_3_HIGH_RISK,0.797,1,1,16,1
ord_93650853,cust_622037,448.29,UPI,6,0,0.0,0,1,TIER_3_HIGH_RISK,0.823,0,1,19,0
ord_21484508,cust_239334,249.0,COD,0,0,0.0,1,1,TIER_3_HIGH_RISK,0.656,1,1,9,0
ord_15167373,cust_769897,2615.53,UPI,5,0,0.0,0,4,TIER_2,0.995,0,1,21,0
ord_46204667,cust_404080,1810.04,COD,11,0,0.0,0,1,TIER_2,0.876,1,4,5,0
ord_94211817,cust_528960,1278.18,COD,0,0,0.0,1,1,TIER_1_METRO,0.838,3,2,11,0
ord_15158570,cust_783284,675.13,COD,0,0,0.0,1,1,TIER_2,0.646,0,4,22,0
ord_59176816,cust_978594,442.08,COD,0,0,0.0,1,1,TIER_2,0.828,2,1,15,0
ord_30561154,cust_845632,1611.25,NETBANKING,0,0,0.0,1,1,TIER_2,0.701,2,1,23,0
ord_14273445,cust_127949,854.35,COD,2,1,0.5,0,1,TIER_1_METRO,0.869,0,1,11,1
ord_84504214,cust_597425,2091.87,UPI,8,2,0.25,0,2,TIER_1_METRO,0.516,2,1,0,1
ord_41206052,cust_844227,1459.64,CARD,7,0,0.0,0,1,TIER_2,0.636,1,1,5,0
ord_80995266,cust_871687,1433.7,COD,0,0,0.0,1,2,TIER_1_METRO,0.948,0,1,3,1
ord_31227468,cust_748552,2795.65,COD,0,0,0.0,1,1,TIER_1_METRO,0.801,1,2,1,0
ord_59489426,cust_969645,574.91,NETBANKING,9,0,0.0,0,1,TIER_3_HIGH_RISK,0.669,1,1,7,0
ord_24605939,cust_696658,619.83,COD,7,0,0.0,0,1,TIER_1_METRO,0.937,0,1,11,0
ord_65614081,cust_489665,11636.67,COD,10,0,0.0,0,1,TIER_2,0.856,1,1,2,0
ord_87500483,cust_314480,249.0,COD,7,1,0.1429,0,1,TIER_2,0.847,1,1,14,1
ord_29470911,cust_351985,660.53,UPI,8,0,0.0,0,1,TIER_1_METRO,0.845,0,1,18,0
ord_32351014,cust_121294,446.16,COD,35,3,0.0857,0,1,TIER_2,0.831,0,1,0,1
ord_63621439,cust_425112,249.0,UPI,6,0,0.0,0,2,TIER_2,0.793,1,2,8,0
ord_31807008,cust_934673,611.79,COD,0,0,0.0,1,1,TIER_1_METRO,0.937,0,1,2,0
ord_76104329,cust_666650,4994.78,UPI,0,0,0.0,1,1,TIER_1_METRO,0.894,2,1,21,0
ord_33247397,cust_271066,1582.67,COD,0,0,0.0,1,2,TIER_3_HIGH_RISK,0.529,0,1,5,1
ord_79151225,cust_456979,761.69,COD,3,0,0.0,0,1,TIER_1_METRO,0.872,3,1,5,1
ord_96265173,cust_239906,3123.71,UPI,11,1,0.0909,0,1,TIER_1_METRO,0.525,1,1,13,0
ord_11417158,cust_683776,482.3,COD,2,0,0.0,0,2,TIER_1_METRO,0.719,0,1,3,0
ord_26310714,cust_801335,649.02,CARD,0,0,0.0,1,2,TIER_2,0.589,0,1,3,0
ord_27686927,cust_165555,448.19,UPI,0,0,0.0,1,1,TIER_1_METRO,0.585,0,1,0,0
ord_74910926,cust_599203,972.73,COD,0,0,0.0,1,2,TIER_2,0.647,0,2,1,1
ord_47706524,cust_647404,1353.65,UPI,0,0,0.0,1,1,TIER_1_METRO,0.55,0,3,4,0
ord_58297079,cust_523086,2333.3,UPI,0,0,0.0,1,1,TIER_2,0.458,1,1,20,1
ord_18234679,cust_355217,1244.4,NETBANKING,5,0,0.0,0,1,TIER_1_METRO,0.967,0,4,23,0
ord_77733611,cust_977806,2270.33,UPI,13,0,0.0,0,2,TIER_1_METRO,0.684,0,1,15,0
ord_23187277,cust_658867,907.64,COD,6,0,0.0,0,2,TIER_1_METRO,0.911,0,1,11,0
ord_12956156,cust_863536,1362.61,UPI,0,0,0.0,1,1,TIER_1_METRO,0.929,1,1,0,1
ord_49462985,cust_380245,684.27,UPI,14,0,0.0,0,1,TIER_2,0.87,2,3,21,0
ord_17726890,cust_890689,734.25,COD,0,0,0.0,1,1,TIER_2,0.85,0,1,7,0
ord_46185155,cust_509362,519.64,CARD,13,2,0.1538,0,1,TIER_1_METRO,0.702,1,1,1,0
ord_32674714,cust_509062,2176.65,COD,3,0,0.0,0,1,TIER_1_METRO,0.889,0,1,13,0
ord_91818290,cust_511832,812.36,UPI,6,1,0.1667,0,1,TIER_1_METRO,0.7,0,1,9,0
ord_40601080,cust_791703,1259.76,COD,0,0,0.0,1,1,TIER_1_METRO,0.897,1,1,15,1
ord_14171364,cust_430168,3871.45,NETBANKING,0,0,0.0,1,1,TIER_2,0.474,2,5,17,1
ord_41759418,cust_915893,2079.16,UPI,0,0,0.0,1,2,TIER_2,0.885,0,2,17,0
ord_18940164,cust_700688,691.63,CARD,20,3,0.15,0,1,TIER_3_HIGH_RISK,0.619,1,1,11,0
ord_96451900,cust_836626,5622.27,COD,10,0,0.0,0,1,TIER_1_METRO,0.743,0,1,11,0
ord_26091794,cust_389707,437.96,COD,2,0,0.0,0,1,TIER_1_METRO,0.981,1,1,0,1
ord_63789980,cust_600040,547.03,COD,0,0,0.0,1,1,TIER_1_METRO,0.49,1,3,8,0
ord_12773939,cust_163944,686.36,UPI,3,0,0.0,0,2,TIER_2,0.855,2,1,1,0
ord_72779882,cust_968287,1471.73,COD,11,0,0.0,0,1,TIER_2,0.945,1,1,2,0
ord_27962327,cust_811507,381.19,UPI,3,0,0.0,0,2,TIER_3_HIGH_RISK,0.692,0,1,21,0
ord_13751531,cust_580313,1560.61,CARD,2,0,0.0,0,1,TIER_1_METRO,0.437,1,2,17,0
ord_90515633,cust_129400,796.64,COD,6,0,0.0,0,1,TIER_1_METRO,0.59,3,2,12,0
ord_88655955,cust_987518,528.92,UPI,0,0,0.0,1,1,TIER_1_METRO,0.531,1,3,7,1
ord_86916528,cust_562950,582.94,CARD,9,0,0.0,0,1,TIER_2,0.82,0,2,15,0
ord_42363575,cust_705814,527.53,CARD,3,0,0.0,0,1,TIER_1_METRO,0.84,1,3,17,0
ord_66093351,cust_706348,1069.99,COD,0,0,0.0,1,1,TIER_3_HIGH_RISK,0.69,0,1,8,1
ord_76027288,cust_517065,1410.24,COD,1,0,0.0,0,1,TIER_3_HIGH_RISK,0.902,0,3,4,1
ord_99605800,cust_164512,364.57,COD,10,0,0.0,0,1,TIER_1_METRO,0.921,0,3,20,0
ord_25842433,cust_197052,694.61,CARD,1,0,0.0,0,1,TIER_1_METRO,0.557,0,1,16,0
ord_21552291,cust_595832,1745.47,COD,0,0,0.0,1,1,TIER_1_METRO,0.759,2,2,14,0
ord_34919381,cust_561419,2332.24,COD,12,0,0.0,0,1,TIER_1_METRO,0.752,0,1,18,0
ord_65436107,cust_617912,1580.3,UPI,0,0,0.0,1,1,TIER_1_METRO,0.965,1,1,21,0
ord_21030140,cust_426727,316.6,UPI,5,0,0.0,0,1,TIER_1_METRO,0.903,0,1,7,0
ord_24509187,cust_296979,1682.64,UPI,8,0,0.0,0,1,TIER_2,0.669,0,1,0,0
ord_16865999,cust_410613,1075.55,NETBANKING,0,0,0.0,1,1,TIER_1_METRO,0.901,0,1,18,0
ord_10951399,cust_324876,249.0,UPI,0,0,0.0,1,1,TIER_1_METRO,0.465,0,1,15,0
ord_15301358,cust_806791,845.11,UPI,3,0,0.0,0,1,TIER_1_METRO,0.657,0,8,14,0
ord_59016200,cust_869432,1921.42,UPI,24,0,0.0,0,1,TIER_2,0.965,0,2,14,0
ord_55352453,cust_274060,913.2,COD,0,0,0.0,1,1,TIER_2,0.926,1,1,2,1
ord_22834263,cust_456936,744.32,COD,0,0,0.0,1,1,TIER_1_METRO,0.899,2,2,22,0
ord_19405634,cust_364052,965.08,COD,0,0,0.0,1,1,TIER_1_METRO,0.67,0,2,12,0
ord_20822814,cust_288349,786.37,UPI,9,1,0.1111,0,2,TIER_1_METRO,0.982,2,1,22,0
ord_26379767,cust_681539,2058.48,UPI,0,0,0.0,1,2,TIER_2,0.821,2,1,11,0
ord_17527872,cust_672772,2829.47,COD,0,0,0.0,1,1,TIER_2,0.526,0,2,22,1
ord_95025471,cust_505632,1449.57,COD,3,0,0.0,0,1,TIER_2,0.874,0,1,9,0
ord_87295027,cust_266460,2348.97,UPI,13,0,0.0,0,1,TIER_1_METRO,0.484,0,1,1,0
ord_79623583,cust_215925,307.86,COD,0,0,0.0,1,1,TIER_3_HIGH_RISK,0.68,0,2,5,1
ord_53156020,cust_884609,540.32,UPI,0,0,0.0,1,2,TIER_1_METRO,0.656,2,2,12,0
ord_21038804,cust_318171,1103.65,UPI,0,0,0.0,1,1,TIER_2,0.795,0,5,12,0
ord_95066114,cust_602434,2063.73,CARD,8,1,0.125,0,1,TIER_2,0.527,1,1,1,0
ord_81845469,cust_319055,2006.0,COD,16,0,0.0,0,1,TIER_1_METRO,0.462,1,1,17,0
ord_43138881,cust_638611,1836.31,COD,0,0,0.0,1,1,TIER_3_HIGH_RISK,0.293,0,1,23,1
ord_67455401,cust_629325,1803.18,COD,0,0,0.0,1,1,TIER_3_HIGH_RISK,0.747,0,2,9,1
ord_94172252,cust_870997,1311.6,COD,1,0,0.0,0,1,TIER_2,0.775,1,3,9,0
ord_18674163,cust_104983,1133.52,UPI,0,0,0.0,1,1,TIER_1_METRO,0.92,0,4,19,0
ord_81370810,cust_285046,1003.98,COD,0,0,0.0,1,1,TIER_1_METRO,0.628,0,2,5,0
ord_21689720,cust_259331,1707.49,UPI,0,0,0.0,1,1,TIER_3_HIGH_RISK,0.6,2,2,14,0
ord_28608310,cust_421827,483.17,UPI,11,1,0.0909,0,1,TIER_1_METRO,0.809,2,2,5,0
ord_27767607,cust_208406,1841.54,COD,0,0,0.0,1,1,TIER_2,0.881,2,1,18,0
ord_66761160,cust_766530,851.06,COD,7,0,0.0,0,1,TIER_2,0.633,0,2,1,0
ord_27196045,cust_525615,2370.62,UPI,5,0,0.0,0,3,TIER_3_HIGH_RISK,0.66,1,2,3,0
ord_39263888,cust_964414,677.12,COD,0,0,0.0,1,1,TIER_3_HIGH_RISK,0.685,2,1,20,1
ord_83145071,cust_777769,589.99,CARD,0,0,0.0,1,1,TIER_1_METRO,0.824,1,1,7,0
ord_71069572,cust_593938,977.42,COD,0,0,0.0,1,4,TIER_3_HIGH_RISK,0.845,0,1,1,1
ord_80895996,cust_560189,397.38,UPI,19,0,0.0,0,1,TIER_3_HIGH_RISK,0.623,0,1,17,0
ord_47625927,cust_534720,873.85,UPI,0,0,0.0,1,1,TIER_1_METRO,0.611,0,2,9,0
ord_60235844,cust_593915,891.98,COD,0,0,0.0,1,1,TIER_1_METRO,0.814,2,1,13,0
ord_57720650,cust_797499,3209.46,NETBANKING,3,0,0.0,0,1,TIER_1_METRO,0.58,0,2,5,0
ord_27563002,cust_184244,2354.43,UPI,0,0,0.0,1,1,TIER_3_HIGH_RISK,0.333,0,1,19,0
ord_63477891,cust_141745,2228.15,COD,22,0,0.0,0,2,TIER_1_METRO,0.665,2,1,7,0
ord_77204151,cust_471972,1276.4,COD,0,0,0.0,1,1,TIER_2,0.977,1,1,2,0
ord_72325142,cust_302222,943.47,COD,4,1,0.25,0,1,TIER_1_METRO,0.894,0,3,3,0
ord_96578874,cust_121637,1389.81,COD,1,0,0.0,0,1,TIER_1_METRO,0.737,0,1,13,0
ord_76017347,cust_369432,855.72,CARD,3,0,0.0,0,1,TIER_2,0.977,1,3,10,0
ord_37550115,cust_620724,301.11,CARD,4,0,0.0,0,1,TIER_1_METRO,0.904,1,1,20,0
ord_56069355,cust_792566,11912.05,COD,4,0,0.0,0,1,TIER_1_METRO,0.783,1,2,20,0
ord_73964268,cust_225355,257.54,UPI,7,0,0.0,0,1,TIER_2,0.714,0,2,5,0
ord_16971631,cust_712026,1741.54,COD,0,0,0.0,1,1,TIER_3_HIGH_RISK,0.325,0,1,0,1
ord_68544451,cust_504567,429.33,UPI,0,0,0.0,1,1,TIER_3_HIGH_RISK,0.543,0,3,9,0
ord_16633381,cust_105720,2174.87,CARD,12,2,0.1667,0,1,TIER_1_METRO,0.871,0,1,14,0
ord_26996378,cust_220354,1653.85,UPI,0,0,0.0,1,1,TIER_1_METRO,0.726,1,1,6,0
ord_12726016,cust_548052,1015.95,CARD,8,1,0.125,0,2,TIER_1_METRO,0.839,0,1,5,0
ord_39097750,cust_257481,923.45,COD,18,3,0.1667,0,3,TIER_1_METRO,0.914,1,3,9,1
ord_44483873,cust_380257,1722.13,UPI,7,0,0.0,0,1,TIER_1_METRO,0.753,0,1,9,0
ord_88992151,cust_514919,2365.15,UPI,2,0,0.0,0,1,TIER_1_METRO,0.873,0,2,21,0
ord_26278720,cust_448112,2143.18,UPI,0,0,0.0,1,1,TIER_2,0.73,1,1,19,0
ord_20971177,cust_835566,3452.47,COD,0,0,0.0,1,2,TIER_2,0.869,1,1,17,1
ord_63175588,cust_726365,3444.7,COD,1,0,0.0,0,1,TIER_3_HIGH_RISK,0.5,0,1,8,1
ord_52081347,cust_898602,2362.68,COD,6,0,0.0,0,4,TIER_2,0.816,0,1,22,1
ord_72076001,cust_145452,1023.19,UPI,18,0,0.0,0,1,TIER_2,0.724,0,1,16,0
ord_58465992,cust_168382,1000.9,UPI,14,0,0.0,0,1,TIER_3_HIGH_RISK,0.804,0,1,1,0
ord_79019569,cust_174236,2669.99,COD,0,0,0.0,1,3,TIER_3_HIGH_RISK,0.76,0,3,4,1
ord_39861982,cust_200497,635.97,CARD,7,1,0.1429,0,1,TIER_2,0.667,0,2,22,0
ord_49200481,cust_162363,2078.68,UPI,3,0,0.0,0,1,TIER_2,0.974,2,1,0,0
ord_11332907,cust_166038,273.23,COD,3,0,0.0,0,2,TIER_2,0.984,0,1,5,1
ord_37509277,cust_949490,606.76,COD,0,0,0.0,1,1,TIER_2,0.823,0,2,11,1
ord_41033811,cust_287884,884.81,COD,5,0,0.0,0,2,TIER_2,0.961,0,2,0,0
ord_95749316,cust_385199,877.89,UPI,3,0,0.0,0,3,TIER_1_METRO,0.958,0,1,0,0
ord_70795662,cust_153106,1532.43,CARD,1,0,0.0,0,1,TIER_2,0.752,1,1,12,0
ord_80404317,cust_656549,1263.75,UPI,1,0,0.0,0,1,TIER_2,0.721,2,1,4,0
ord_11222869,cust_874426,579.86,CARD,3,0,0.0,0,1,TIER_1_METRO,0.819,1,1,2,0
ord_34019663,cust_234556,654.67,NETBANKING,0,0,0.0,1,1,TIER_1_METRO,0.837,1,1,14,0
ord_76697711,cust_674891,993.28,UPI,0,0,0.0,1,1,TIER_1_METRO,0.879,0,2,14,0
ord_61111605,cust_557094,4860.23,UPI,7,0,0.0,0,1,TIER_3_HIGH_RISK,0.876,1,1,16,0
ord_75732489,cust_434956,2887.17,COD,2,0,0.0,0,1,TIER_2,0.814,0,2,13,0
ord_43272020,cust_587242,1021.17,UPI,0,0,0.0,1,2,TIER_3_HIGH_RISK,0.771,2,1,4,0
ord_85188687,cust_579742,2080.79,COD,3,0,0.0,0,1,TIER_1_METRO,0.652,0,2,22,0
ord_72199283,cust_704025,531.56,COD,2,0,0.0,0,1,TIER_1_METRO,0.851,0,1,23,0
ord_93721515,cust_294499,882.24,COD,5,0,0.0,0,1,TIER_3_HIGH_RISK,0.824,1,1,23,0
ord_10986275,cust_703133,1143.82,COD,7,2,0.2857,0,2,TIER_2,0.863,0,1,20,1
ord_94822264,cust_397420,249.0,CARD,0,0,0.0,1,1,TIER_1_METRO,0.96,1,2,18,0
ord_54068669,cust_334466,1597.56,UPI,0,0,0.0,1,1,TIER_3_HIGH_RISK,0.499,0,2,0,1
ord_76206732,cust_700881,3568.95,UPI,0,0,0.0,1,1,TIER_3_HIGH_RISK,0.646,2,1,16,0
ord_45346795,cust_124419,935.9,UPI,3,0,0.0,0,1,TIER_2,0.764,0,2,17,0
ord_39171429,cust_390299,494.14,UPI,0,0,0.0,1,1,TIER_1_METRO,0.669,0,5,23,0
ord_65070845,cust_974454,504.21,UPI,0,0,0.0,1,3,TIER_2,0.905,2,1,1,1
ord_99387268,cust_885367,4520.35,UPI,2,0,0.0,0,2,TIER_1_METRO,0.75,1,1,16,0
ord_80503913,cust_137117,885.37,COD,6,0,0.0,0,5,TIER_1_METRO,0.917,1,2,17,0
ord_15351826,cust_499308,1605.23,UPI,8,0,0.0,0,1,TIER_2,0.525,0,1,2,0
ord_68544710,cust_284522,1108.31,COD,0,0,0.0,1,1,TIER_3_HIGH_RISK,0.482,1,1,14,1
ord_65383350,cust_362865,2106.31,COD,5,0,0.0,0,2,TIER_2,0.297,0,2,14,0
ord_67930146,cust_496639,1254.9,COD,18,0,0.0,0,1,TIER_3_HIGH_RISK,0.53,2,4,8,1
ord_17003621,cust_418332,624.24,UPI,0,0,0.0,1,1,TIER_1_METRO,0.756,0,2,11,0
ord_76006681,cust_496076,7311.2,UPI,2,0,0.0,0,1,TIER_2,0.926,0,4,4,0
ord_12846274,cust_710572,1365.32,COD,1,0,0.0,0,1,TIER_3_HIGH_RISK,0.468,2,1,6,1
ord_19440105,cust_977577,1237.31,UPI,1,0,0.0,0,1,TIER_1_METRO,0.92,0,1,19,0
ord_47499555,cust_404608,1277.74,CARD,8,0,0.0,0,1,TIER_1_METRO,0.594,3,1,6,0
ord_16240327,cust_946741,2130.33,COD,0,0,0.0,1,1,TIER_1_METRO,0.876,2,1,7,1
ord_67121056,cust_164005,2615.65,COD,8,0,0.0,0,1,TIER_1_METRO,0.887,0,4,0,0
ord_90443169,cust_442775,249.0,COD,7,0,0.0,0,1,TIER_3_HIGH_RISK,0.837,1,2,15,0
ord_39332641,cust_107430,2105.17,UPI,6,0,0.0,0,1,TIER_1_METRO,0.902,0,1,9,0
ord_83256318,cust_152082,763.87,COD,0,0,0.0,1,1,TIER_2,0.787,1,2,19,0
ord_44515087,cust_835043,973.08,CARD,0,0,0.0,1,1,TIER_3_HIGH_RISK,0.632,2,4,23,0
ord_85524262,cust_200965,1618.86,CARD,0,0,0.0,1,1,TIER_3_HIGH_RISK,0.461,0,1,4,0
ord_71869073,cust_865192,1971.11,COD,6,0,0.0,0,1,TIER_2,0.837,1,1,21,0
ord_37413661,cust_933297,901.24,COD,0,0,0.0,1,1,TIER_1_METRO,0.624,1,2,6,0
ord_45318087,cust_384767,309.3,UPI,6,0,0.0,0,1,TIER_1_METRO,0.889,2,3,19,0
ord_15130397,cust_983286,1350.96,COD,20,1,0.05,0,1,TIER_3_HIGH_RISK,0.643,1,1,7,1
ord_22988365,cust_227574,1070.46,COD,9,0,0.0,0,2,TIER_1_METRO,0.903,1,1,18,0
ord_22569021,cust_353189,409.5,COD,2,0,0.0,0,1,TIER_2,0.847,0,4,5,0
ord_61899794,cust_783333,2810.52,UPI,4,0,0.0,0,1,TIER_3_HIGH_RISK,0.634,0,1,12,0
ord_55544667,cust_429644,1343.55,UPI,6,1,0.1667,0,1,TIER_1_METRO,0.721,0,4,7,0
ord_62595764,cust_358512,1074.99,UPI,13,0,0.0,0,1,TIER_3_HIGH_RISK,0.671,0,3,2,0
ord_48387539,cust_627660,2379.58,COD,2,0,0.0,0,3,TIER_3_HIGH_RISK,0.532,2,3,11,1
ord_58294317,cust_981979,2706.05,NETBANKING,0,0,0.0,1,5,TIER_1_METRO,0.882,1,1,19,1
ord_52439480,cust_704918,2693.31,UPI,10,0,0.0,0,1,TIER_1_METRO,0.787,1,1,11,0
ord_99164252,cust_851580,1639.66,CARD,16,2,0.125,0,1,TIER_2,0.84,1,1,1,0
ord_43127676,cust_700322,959.88,UPI,1,0,0.0,0,1,TIER_2,0.605,2,4,4,0
ord_43445661,cust_366118,2181.52,COD,1,0,0.0,0,1,TIER_1_METRO,0.935,3,3,11,1
ord_68203138,cust_669449,388.61,COD,6,1,0.1667,0,1,TIER_3_HIGH_RISK,0.586,1,1,1,1
ord_93011541,cust_194449,1147.51,CARD,4,0,0.0,0,1,TIER_3_HIGH_RISK,0.616,0,1,21,0
ord_80105108,cust_768431,1370.43,COD,2,0,0.0,0,1,TIER_1_METRO,0.413,2,1,22,1
ord_50952561,cust_384380,2511.11,UPI,0,0,0.0,1,2,TIER_1_METRO,0.659,2,3,23,1
ord_10506995,cust_958454,3451.22,COD,0,0,0.0,1,4,TIER_1_METRO,0.621,1,1,1,1
ord_87498463,cust_907359,896.29,COD,8,0,0.0,0,1,TIER_2,0.826,0,1,19,0
ord_69659459,cust_434647,682.84,COD,7,0,0.0,0,1,TIER_1_METRO,0.947,1,2,17,0
ord_57447108,cust_542317,1216.54,COD,11,0,0.0,0,1,TIER_1_METRO,0.702,1,1,3,0
ord_32564965,cust_398816,1332.31,CARD,10,1,0.1,0,1,TIER_2,0.863,0,1,2,0
ord_72467218,cust_311965,1362.1,CARD,0,0,0.0,1,1,TIER_2,0.66,0,1,9,0
ord_28557968,cust_524020,409.71,COD,0,0,0.0,1,1,TIER_2,0.811,3,5,5,1
ord_48715025,cust_495881,753.51,UPI,8,1,0.125,0,2,TIER_1_METRO,0.959,0,2,3,0
ord_27296381,cust_137780,637.69,COD,2,0,0.0,0,2,TIER_3_HIGH_RISK,0.821,0,1,10,1
ord_59905866,cust_567572,802.27,COD,22,0,0.0,0,1,TIER_1_METRO,0.835,0,2,7,0
ord_57918862,cust_755460,4382.85,COD,0,0,0.0,1,1,TIER_1_METRO,0.915,1,1,1,0
ord_42078935,cust_839354,451.39,COD,1,0,0.0,0,2,TIER_3_HIGH_RISK,0.545,0,4,20,1
ord_73388426,cust_225662,1557.24,UPI,9,1,0.1111,0,1,TIER_1_METRO,0.939,0,1,15,0
ord_90611483,cust_266247,502.87,COD,3,0,0.0,0,2,TIER_1_METRO,0.501,0,2,4,0
ord_93978171,cust_596372,2040.75,COD,6,0,0.0,0,1,TIER_2,0.659,0,2,18,0
ord_49711170,cust_889837,3059.85,COD,3,0,0.0,0,1,TIER_2,0.964,0,1,15,0
ord_41905928,cust_407455,2269.04,UPI,6,0,0.0,0,1,TIER_2,0.805,0,2,13,0
ord_19670115,cust_579329,4228.7,COD,9,0,0.0,0,1,TIER_1_METRO,0.888,0,4,1,0
ord_72144660,cust_993672,1126.26,UPI,0,0,0.0,1,1,TIER_3_HIGH_RISK,0.788,0,1,13,0
ord_40823704,cust_854769,965.99,CARD,12,0,0.0,0,1,TIER_3_HIGH_RISK,0.891,0,1,12,0
ord_41109310,cust_413485,833.8,UPI,4,0,0.0,0,1,TIER_1_METRO,0.875,3,1,1,0
ord_63273126,cust_812515,269.9,COD,8,0,0.0,0,1,TIER_2,0.681,0,1,11,0
ord_64256930,cust_605241,1047.76,UPI,12,0,0.0,0,1,TIER_1_METRO,0.973,0,2,8,0
ord_52179476,cust_119567,869.19,CARD,0,0,0.0,1,1,TIER_1_METRO,0.7,0,2,11,0
ord_96642321,cust_809453,1097.04,UPI,5,0,0.0,0,1,TIER_3_HIGH_RISK,0.845,0,1,17,0
ord_17150265,cust_602574,1937.95,UPI,4,0,0.0,0,1,TIER_3_HIGH_RISK,0.766,0,2,17,0
ord_93479057,cust_346393,663.56,COD,1,0,0.0,0,3,TIER_2,0.561,0,1,16,1
ord_41074455,cust_745737,5174.38,UPI,25,0,0.0,0,1,TIER_1_METRO,0.789,0,3,23,0
ord_75659711,cust_575689,758.74,UPI,5,0,0.0,0,1,TIER_2,0.712,0,1,19,0
ord_48776427,cust_317129,1342.64,UPI,7,0,0.0,0,2,TIER_2,0.812,0,1,10,0
ord_62178046,cust_606250,310.83,COD,0,0,0.0,1,1,TIER_3_HIGH_RISK,0.744,2,1,17,1
ord_31826641,cust_116944,2833.02,UPI,0,0,0.0,1,1,TIER_1_METRO,0.711,0,1,14,1
ord_39861571,cust_700635,527.42,COD,2,0,0.0,0,1,TIER_3_HIGH_RISK,0.689,0,3,9,0
ord_86767936,cust_646356,1358.06,CARD,8,3,0.375,0,1,TIER_1_METRO,0.778,0,1,20,0
ord_18849851,cust_415387,691.54,COD,8,0,0.0,0,2,TIER_1_METRO,0.389,1,2,8,0
ord_34437007,cust_927641,979.15,UPI,15,1,0.0667,0,1,TIER_1_METRO,0.598,1,1,14,0
ord_85016152,cust_547905,517.91,UPI,0,0,0.0,1,1,TIER_1_METRO,0.92,0,1,19,0
ord_42292507,cust_457819,1780.52,COD,9,1,0.1111,0,2,TIER_2,0.731,0,2,6,1
ord_60165243,cust_266268,550.9,CARD,0,0,0.0,1,1,TIER_1_METRO,0.934,2,1,16,0
ord_87846937,cust_895383,527.86,COD,2,0,0.0,0,1,TIER_1_METRO,0.91,1,1,23,0
ord_48978098,cust_283094,1506.92,UPI,1,0,0.0,0,1,TIER_2,0.856,1,2,18,0
ord_42320708,cust_309637,2284.91,COD,15,0,0.0,0,5,TIER_1_METRO,0.8,0,2,1,0
ord_96376352,cust_129870,1434.4,UPI,0,0,0.0,1,1,TIER_1_METRO,0.909,2,4,13,0
ord_96179753,cust_380980,750.25,UPI,2,1,0.5,0,1,TIER_3_HIGH_RISK,0.803,0,4,15,0
ord_94574185,cust_125968,1997.07,UPI,2,0,0.0,0,2,TIER_1_METRO,0.755,0,2,20,1
ord_42469420,cust_530340,1263.83,COD,0,0,0.0,1,1,TIER_2,0.849,1,3,21,1
ord_58482500,cust_251857,3359.61,UPI,6,0,0.0,0,2,TIER_3_HIGH_RISK,0.656,2,1,10,0
ord_87063521,cust_510142,653.11,COD,23,1,0.0435,0,1,TIER_1_METRO,0.829,0,2,14,0
ord_51893415,cust_250636,376.07,COD,0,0,0.0,1,1,TIER_2,0.941,1,3,1,0
ord_57614485,cust_239402,2476.78,UPI,0,0,0.0,1,2,TIER_1_METRO,0.666,0,2,0,0
ord_14762315,cust_520141,1528.35,COD,0,0,0.0,1,1,TIER_1_METRO,0.889,2,2,4,0
ord_90875917,cust_797105,7402.38,COD,6,0,0.0,0,1,TIER_3_HIGH_RISK,0.352,0,1,3,1
ord_59363500,cust_239018,3736.01,COD,0,0,0.0,1,1,TIER_1_METRO,0.63,0,1,2,0
ord_55964380,cust_441977,397.49,UPI,19,0,0.0,0,1,TIER_3_HIGH_RISK,0.768,0,1,20,0
ord_28613148,cust_830442,4924.7,CARD,3,0,0.0,0,4,TIER_3_HIGH_RISK,0.653,1,1,12,1
ord_54975402,cust_921601,2226.72,COD,4,0,0.0,0,1,TIER_1_METRO,0.883,1,2,6,0
ord_15616467,cust_483638,834.22,COD,0,0,0.0,1,1,TIER_2,0.728,2,1,0,1
ord_69219727,cust_824703,1227.52,COD,0,0,0.0,1,1,TIER_2,0.741,0,1,11,0
ord_85398545,cust_229613,2634.24,COD,7,0,0.0,0,1,TIER_1_METRO,0.785,1,1,9,0
ord_87565263,cust_937340,1022.68,COD,10,0,0.0,0,3,TIER_3_HIGH_RISK,0.759,0,1,20,0
ord_44182333,cust_777298,4106.39,COD,0,0,0.0,1,2,TIER_3_HIGH_RISK,0.507,0,3,12,1
ord_64562032,cust_337903,333.07,UPI,9,0,0.0,0,3,TIER_3_HIGH_RISK,0.484,0,1,16,0
ord_83790799,cust_478147,678.17,COD,6,0,0.0,0,1,TIER_1_METRO,0.833,3,3,1,0
ord_39327427,cust_998114,2430.58,COD,0,0,0.0,1,1,TIER_1_METRO,0.744,0,1,18,0
ord_24887035,cust_745515,498.57,UPI,7,0,0.0,0,1,TIER_1_METRO,0.828,0,1,6,0
ord_17997043,cust_811448,3431.76,UPI,9,0,0.0,0,1,TIER_2,0.639,1,1,8,0
ord_13405914,cust_348422,3681.58,COD,7,2,0.2857,0,1,TIER_3_HIGH_RISK,0.634,2,1,18,0
ord_13646804,cust_511496,2051.93,COD,5,0,0.0,0,1,TIER_3_HIGH_RISK,0.862,1,3,19,1
ord_56462256,cust_116905,334.34,COD,0,0,0.0,1,1,TIER_1_METRO,0.71,0,1,2,0
ord_43219204,cust_748226,2948.6,UPI,0,0,0.0,1,1,TIER_2,0.611,0,1,23,0
ord_30096059,cust_701507,268.88,UPI,13,3,0.2308,0,1,TIER_1_METRO,0.839,0,1,5,1
ord_81486441,cust_111829,560.23,COD,0,0,0.0,1,1,TIER_1_METRO,0.961,0,2,12,0
ord_71709415,cust_265720,1285.95,UPI,0,0,0.0,1,1,TIER_1_METRO,0.905,1,1,18,0
ord_14763090,cust_182176,666.53,UPI,0,0,0.0,1,4,TIER_2,0.746,0,3,17,0
ord_27955858,cust_186677,2610.05,UPI,0,0,0.0,1,2,TIER_1_METRO,0.595,1,1,23,1
ord_55404783,cust_966236,2511.4,UPI,4,0,0.0,0,1,TIER_2,0.848,2,1,13,0
ord_64332385,cust_568897,840.52,UPI,6,1,0.1667,0,1,TIER_2,0.805,0,2,22,0
ord_35429327,cust_325366,311.75,UPI,4,0,0.0,0,2,TIER_1_METRO,0.544,1,2,16,0
ord_21287967,cust_984529,1480.45,COD,30,2,0.0667,0,1,TIER_2,0.75,0,8,4,0
ord_55173471,cust_869814,1478.46,COD,11,0,0.0,0,4,TIER_3_HIGH_RISK,0.495,3,1,22,1
ord_35079305,cust_981948,1071.71,COD,7,0,0.0,0,5,TIER_2,0.525,3,1,21,1
ord_15870747,cust_345749,683.72,UPI,0,0,0.0,1,1,TIER_2,0.944,0,2,19,0
ord_31924717,cust_283643,1490.31,NETBANKING,0,0,0.0,1,1,TIER_1_METRO,0.802,2,1,7,0
ord_19989349,cust_331745,249.0,COD,11,0,0.0,0,1,TIER_3_HIGH_RISK,0.636,0,3,15,0
ord_98316755,cust_665156,1037.72,COD,1,1,1.0,0,1,TIER_1_METRO,0.787,3,2,7,1
ord_23633512,cust_237293,1280.49,UPI,0,0,0.0,1,1,TIER_1_METRO,0.787,1,1,12,0
ord_39221379,cust_688770,2105.9,COD,7,0,0.0,0,1,TIER_3_HIGH_RISK,0.651,1,1,12,0
ord_87030489,cust_277367,4034.84,CARD,4,0,0.0,0,1,TIER_3_HIGH_RISK,0.512,0,2,13,0
ord_79039583,cust_995072,1385.59,COD,0,0,0.0,1,1,TIER_2,0.662,0,2,11,1
ord_97289289,cust_925572,1149.07,COD,12,0,0.0,0,2,TIER_1_METRO,0.932,0,1,19,0
ord_78126345,cust_269299,1789.0,UPI,3,0,0.0,0,1,TIER_2,0.921,0,3,16,0
ord_38820898,cust_457105,3787.96,UPI,4,0,0.0,0,1,TIER_2,0.849,0,2,21,0
ord_16102910,cust_748289,2595.24,COD,3,0,0.0,0,3,TIER_2,0.803,0,3,10,0
ord_72136612,cust_974977,1100.43,COD,8,0,0.0,0,1,TIER_2,0.794,1,2,23,0
ord_59978995,cust_763178,778.98,UPI,9,1,0.1111,0,2,TIER_3_HIGH_RISK,0.442,0,4,21,0
ord_16277609,cust_392254,1952.98,COD,0,0,0.0,1,1,TIER_3_HIGH_RISK,0.455,1,2,11,1
ord_90768647,cust_630547,1094.52,COD,6,0,0.0,0,1,TIER_2,0.842,2,3,6,0
ord_81748460,cust_616817,1107.07,CARD,0,0,0.0,1,1,TIER_1_METRO,0.621,2,1,6,0
ord_29828014,cust_581802,799.81,UPI,5,1,0.2,0,1,TIER_2,0.832,0,1,14,0
ord_18182535,cust_756248,341.93,COD,0,0,0.0,1,1,TIER_1_METRO,0.679,1,1,21,1
ord_86080405,cust_253016,4587.47,COD,6,0,0.0,0,3,TIER_2,0.699,1,1,1,0
ord_15216813,cust_184403,1022.28,COD,0,0,0.0,1,2,TIER_3_HIGH_RISK,0.539,2,2,14,1
ord_93885733,cust_946837,746.83,COD,0,0,0.0,1,1,TIER_2,0.825,0,1,12,1
ord_39510763,cust_574381,2640.62,COD,3,0,0.0,0,2,TIER_2,0.802,0,1,18,1
ord_76758264,cust_134121,1832.95,UPI,0,0,0.0,1,1,TIER_1_METRO,0.948,0,3,13,0
ord_37812615,cust_144845,561.02,UPI,5,0,0.0,0,1,TIER_3_HIGH_RISK,0.564,0,1,21,0
ord_25105101,cust_395845,1555.67,CARD,0,0,0.0,1,1,TIER_1_METRO,0.752,2,1,15,0
ord_28746603,cust_476832,2625.53,UPI,1,0,0.0,0,5,TIER_3_HIGH_RISK,0.77,0,1,19,1
ord_91952330,cust_101085,4576.62,UPI,9,0,0.0,0,1,TIER_1_METRO,0.629,1,1,5,0
ord_52235567,cust_660767,1779.74,CARD,6,0,0.0,0,1,TIER_3_HIGH_RISK,0.451,0,1,3,0
ord_31485785,cust_982879,2784.15,CARD,13,0,0.0,0,1,TIER_2,0.908,0,2,20,0
ord_86593094,cust_599663,860.26,CARD,0,0,0.0,1,1,TIER_3_HIGH_RISK,0.421,0,1,3,0
ord_74445751,cust_611844,958.23,COD,7,0,0.0,0,1,TIER_3_HIGH_RISK,0.479,1,4,1,1
ord_44964281,cust_600279,500.63,CARD,10,0,0.0,0,1,TIER_1_METRO,0.809,0,1,16,0
ord_60283084,cust_982148,1825.41,UPI,0,0,0.0,1,1,TIER_1_METRO,0.814,2,1,16,0
ord_48353225,cust_526986,797.42,COD,0,0,0.0,1,2,TIER_2,0.928,0,1,13,1
ord_53997361,cust_757782,1438.64,COD,0,0,0.0,1,1,TIER_2,0.927,2,1,19,1
ord_92106264,cust_801062,647.45,COD,4,0,0.0,0,1,TIER_3_HIGH_RISK,0.888,0,1,0,0
ord_30378083,cust_513794,6719.2,COD,0,0,0.0,1,1,TIER_3_HIGH_RISK,0.632,1,1,15,1
ord_40479362,cust_964250,2643.47,UPI,6,2,0.3333,0,1,TIER_1_METRO,0.871,2,1,22,0
ord_19392609,cust_588775,6039.66,COD,9,0,0.0,0,1,TIER_1_METRO,0.415,1,1,16,0
ord_23783703,cust_802353,1634.92,COD,0,0,0.0,1,1,TIER_3_HIGH_RISK,0.755,0,1,13,1
ord_57645934,cust_793468,713.08,COD,0,0,0.0,1,3,TIER_1_METRO,0.829,1,1,6,1
ord_79560414,cust_279675,791.87,COD,2,0,0.0,0,1,TIER_1_METRO,0.569,1,2,13,0
ord_57866466,cust_542957,843.98,COD,0,0,0.0,1,1,TIER_2,0.715,3,1,21,1
ord_86553976,cust_574547,1278.89,COD,11,2,0.1818,0,1,TIER_1_METRO,0.792,0,3,21,0
ord_95562179,cust_820658,2165.32,CARD,10,2,0.2,0,1,TIER_3_HIGH_RISK,0.716,1,3,10,0
ord_54898291,cust_397264,2227.27,COD,0,0,0.0,1,1,TIER_1_METRO,0.57,2,2,22,0
ord_19144220,cust_568571,2856.22,COD,4,0,0.0,0,2,TIER_1_METRO,0.668,2,3,23,0
ord_75257895,cust_441147,1339.68,COD,7,0,0.0,0,1,TIER_3_HIGH_RISK,0.559,2,2,0,0
ord_19745693,cust_446872,5182.76,COD,0,0,0.0,1,2,TIER_2,0.688,0,1,18,1
ord_15821934,cust_144537,6703.12,NETBANKING,2,0,0.0,0,1,TIER_3_HIGH_RISK,0.613,1,1,19,0
ord_83622630,cust_112268,2702.38,COD,11,0,0.0,0,1,TIER_3_HIGH_RISK,0.579,0,1,2,1
ord_95784031,cust_677614,531.8,COD,7,0,0.0,0,1,TIER_2,0.893,0,2,15,0
ord_35153646,cust_159919,475.44,UPI,10,0,0.0,0,2,TIER_1_METRO,0.872,0,3,20,0
ord_72111144,cust_858612,444.77,COD,2,0,0.0,0,1,TIER_2,0.89,0,4,20,0
ord_49158729,cust_478997,947.73,CARD,18,0,0.0,0,1,TIER_1_METRO,0.943,0,1,11,0
ord_34323577,cust_299302,3889.09,UPI,2,0,0.0,0,4,TIER_2,0.559,0,1,2,1
ord_49902996,cust_736572,1821.16,UPI,6,0,0.0,0,1,TIER_2,0.654,2,1,4,0
ord_97534418,cust_705275,1531.13,COD,4,0,0.0,0,1,TIER_3_HIGH_RISK,0.521,1,1,17,0
ord_12095383,cust_277395,700.76,COD,21,2,0.0952,0,1,TIER_2,0.711,1,4,13,1
ord_32145708,cust_598987,659.58,COD,0,0,0.0,1,1,TIER_2,0.799,0,1,15,0
ord_27260086,cust_631292,2196.11,CARD,0,0,0.0,1,1,TIER_1_METRO,0.871,0,1,22,0
ord_78956533,cust_478803,2230.45,COD,0,0,0.0,1,1,TIER_3_HIGH_RISK,0.695,0,4,7,1
ord_56159303,cust_806902,1825.15,COD,2,0,0.0,0,1,TIER_2,0.533,0,1,10,0
ord_31900338,cust_109879,6290.93,UPI,0,0,0.0,1,1,TIER_3_HIGH_RISK,0.735,1,1,10,1
ord_73213072,cust_522058,447.87,CARD,7,0,0.0,0,1,TIER_2,0.938,2,1,20,0
ord_66586535,cust_403700,2190.36,UPI,0,0,0.0,1,1,TIER_1_METRO,0.8,1,1,20,0
ord_65011666,cust_935551,4259.42,COD,6,0,0.0,0,2,TIER_1_METRO,0.475,0,3,1,0
ord_85486764,cust_686076,1772.67,UPI,0,0,0.0,1,1,TIER_1_METRO,0.897,0,1,23,0
ord_67470428,cust_296000,249.0,COD,7,0,0.0,0,1,TIER_3_HIGH_RISK,0.806,0,2,11,0
ord_98225315,cust_304470,504.45,UPI,7,0,0.0,0,5,TIER_1_METRO,0.746,1,1,16,0
ord_65053752,cust_140765,5168.26,COD,6,0,0.0,0,2,TIER_2,0.674,1,2,5,0
ord_19335411,cust_229189,2664.15,COD,5,0,0.0,0,5,TIER_2,0.982,1,1,8,1
ord_29482215,cust_777510,662.67,COD,5,0,0.0,0,1,TIER_2,0.377,0,1,9,0
ord_43121540,cust_128830,1114.99,COD,3,0,0.0,0,4,TIER_1_METRO,0.7,1,1,0,0
ord_61457312,cust_229079,787.08,COD,7,0,0.0,0,1,TIER_1_METRO,0.888,1,1,19,0
ord_67789099,cust_125261,249.0,UPI,4,1,0.25,0,1,TIER_1_METRO,0.671,1,1,8,0
ord_95866195,cust_134828,465.53,CARD,1,0,0.0,0,1,TIER_1_METRO,0.902,0,1,12,0
ord_42995939,cust_870873,930.94,UPI,0,0,0.0,1,1,TIER_3_HIGH_RISK,0.629,0,1,4,1
ord_33215061,cust_678256,6792.43,UPI,3,0,0.0,0,4,TIER_1_METRO,0.97,0,3,17,1
ord_82313361,cust_899015,5037.37,NETBANKING,0,0,0.0,1,3,TIER_1_METRO,0.741,0,1,5,1
ord_95613466,cust_746952,594.12,COD,13,1,0.0769,0,1,TIER_1_METRO,0.931,0,2,1,0
ord_59396072,cust_217713,4388.14,COD,5,0,0.0,0,3,TIER_2,0.893,3,2,7,1
ord_36432395,cust_438663,1332.7,COD,0,0,0.0,1,1,TIER_1_METRO,0.901,0,1,20,0
ord_85441964,cust_448039,591.61,COD,2,0,0.0,0,1,TIER_2,0.621,1,3,15,0
ord_32969288,cust_139459,1403.37,COD,9,0,0.0,0,1,TIER_2,0.919,2,1,10,0
ord_92216490,cust_176848,375.01,COD,5,0,0.0,0,1,TIER_2,0.792,0,1,8,0
ord_32064334,cust_126296,418.98,UPI,6,0,0.0,0,1,TIER_3_HIGH_RISK,0.675,0,3,11,0
ord_70472382,cust_806165,592.86,CARD,9,1,0.1111,0,1,TIER_1_METRO,0.683,0,1,20,0
ord_92419296,cust_492270,1754.3,COD,0,0,0.0,1,1,TIER_1_METRO,0.836,0,2,18,0
ord_49907488,cust_635506,648.77,UPI,2,1,0.5,0,1,TIER_3_HIGH_RISK,0.668,3,8,11,1
ord_42281467,cust_780306,684.88,COD,12,0,0.0,0,1,TIER_1_METRO,0.711,0,1,18,0
ord_97476591,cust_433776,1385.11,COD,9,0,0.0,0,1,TIER_2,0.552,1,1,22,0
ord_65182836,cust_163969,1860.08,COD,2,0,0.0,0,7,TIER_1_METRO,0.916,0,1,14,1
ord_64847136,cust_507522,618.52,NETBANKING,5,0,0.0,0,1,TIER_2,0.793,1,1,2,0
ord_10021650,cust_301161,449.41,UPI,9,0,0.0,0,1,TIER_1_METRO,0.941,0,2,3,0
ord_81857448,cust_127182,2117.25,COD,0,0,0.0,1,2,TIER_2,0.931,0,1,13,0
ord_21178487,cust_404567,1660.17,COD,0,0,0.0,1,1,TIER_3_HIGH_RISK,0.377,3,2,20,1
ord_95711859,cust_984388,6861.93,UPI,0,0,0.0,1,1,TIER_2,0.85,1,2,3,0
ord_40671003,cust_800972,287.49,UPI,0,0,0.0,1,1,TIER_1_METRO,0.708,0,1,21,0
ord_45213498,cust_392560,969.64,UPI,4,0,0.0,0,1,TIER_1_METRO,0.488,1,1,6,0
ord_94158747,cust_905478,1284.95,UPI,6,2,0.3333,0,1,TIER_1_METRO,0.548,3,4,19,0
ord_30395529,cust_502003,638.49,COD,0,0,0.0,1,4,TIER_3_HIGH_RISK,0.58,1,1,6,1
ord_38632772,cust_628797,1978.06,UPI,1,0,0.0,0,1,TIER_1_METRO,0.641,1,1,12,0
ord_80373772,cust_396514,963.96,COD,5,0,0.0,0,1,TIER_1_METRO,0.894,0,1,0,0
ord_34465875,cust_298300,909.06,UPI,0,0,0.0,1,1,TIER_2,0.932,0,8,23,0
ord_50907604,cust_639519,1672.01,COD,7,0,0.0,0,1,TIER_2,0.919,1,2,21,0
ord_44148989,cust_535946,1245.66,UPI,3,0,0.0,0,1,TIER_2,0.805,3,2,9,0
ord_47932455,cust_834253,876.03,UPI,7,0,0.0,0,1,TIER_1_METRO,0.902,1,2,11,0
ord_23605804,cust_546811,8477.7,COD,3,0,0.0,0,1,TIER_3_HIGH_RISK,0.533,1,1,15,1
ord_54641994,cust_134623,1724.44,COD,0,0,0.0,1,1,TIER_3_HIGH_RISK,0.588,0,1,15,0
ord_26828923,cust_755439,424.48,COD,0,0,0.0,1,1,TIER_1_METRO,0.68,0,1,17,0
ord_33809061,cust_887301,2705.03,UPI,4,0,0.0,0,1,TIER_1_METRO,0.614,0,2,4,0
ord_45859865,cust_890919,3967.98,UPI,0,0,0.0,1,1,TIER_1_METRO,0.663,0,1,12,0
ord_15169619,cust_419631,991.88,CARD,0,0,0.0,1,1,TIER_2,0.919,0,1,20,0
ord_69437423,cust_622881,3929.37,UPI,7,0,0.0,0,3,TIER_2,0.286,1,2,8,0
ord_31937540,cust_239516,521.43,COD,20,1,0.05,0,1,TIER_1_METRO,0.445,1,2,7,1
ord_15708593,cust_184766,1191.35,COD,0,0,0.0,1,1,TIER_1_METRO,0.601,1,1,3,1
ord_77998558,cust_953283,1437.95,COD,5,0,0.0,0,1,TIER_2,0.878,1,1,12,0
ord_10197775,cust_568883,1087.98,COD,4,0,0.0,0,1,TIER_1_METRO,0.831,1,1,19,0
ord_84209146,cust_520647,744.06,UPI,0,0,0.0,1,1,TIER_2,0.944,1,1,2,0
ord_93487487,cust_385574,1037.48,COD,11,0,0.0,0,1,TIER_1_METRO,0.688,2,2,12,0
ord_60405564,cust_305573,2921.09,UPI,0,0,0.0,1,1,TIER_1_METRO,0.78,2,8,19,0
ord_84304906,cust_191104,798.5,COD,0,0,0.0,1,1,TIER_3_HIGH_RISK,0.617,2,2,4,1
ord_68159529,cust_120734,664.05,COD,8,1,0.125,0,1,TIER_1_METRO,0.788,0,3,15,0
ord_38905854,cust_123439,2136.49,CARD,9,2,0.2222,0,1,TIER_1_METRO,0.755,0,1,18,0
ord_90684567,cust_697124,10734.88,COD,3,0,0.0,0,1,TIER_1_METRO,0.559,0,1,2,0
ord_98917675,cust_754299,1146.11,UPI,0,0,0.0,1,2,TIER_2,0.741,1,4,7,0
ord_37640477,cust_588260,1993.46,UPI,5,1,0.2,0,1,TIER_2,0.922,0,1,12,0
ord_90817623,cust_667729,852.21,CARD,2,0,0.0,0,1,TIER_3_HIGH_RISK,0.597,2,2,9,0
ord_55721311,cust_878845,1554.74,COD,7,1,0.1429,0,1,TIER_2,0.905,2,2,2,1
ord_55969430,cust_198812,473.87,UPI,0,0,0.0,1,1,TIER_1_METRO,0.846,1,1,3,0
ord_84429837,cust_865245,811.53,NETBANKING,0,0,0.0,1,1,TIER_3_HIGH_RISK,0.413,1,2,18,0
ord_56021853,cust_824576,784.83,COD,11,0,0.0,0,1,TIER_1_METRO,0.879,1,5,13,0
ord_53208362,cust_171656,445.35,COD,0,0,0.0,1,1,TIER_2,0.705,2,4,7,0
ord_25005252,cust_796780,1257.86,UPI,5,0,0.0,0,1,TIER_3_HIGH_RISK,0.592,1,1,10,0
ord_24220331,cust_335114,1296.12,COD,3,0,0.0,0,1,TIER_3_HIGH_RISK,0.75,0,1,12,1
ord_63436651,cust_605092,2947.47,COD,0,0,0.0,1,1,TIER_3_HIGH_RISK,0.55,0,1,0,0
ord_24717083,cust_793956,2781.41,COD,7,0,0.0,0,1,TIER_1_METRO,0.57,1,2,2,0
ord_72827874,cust_983881,6654.71,COD,1,0,0.0,0,1,TIER_1_METRO,0.824,0,1,23,0
ord_73317241,cust_352409,1558.01,COD,11,0,0.0,0,2,TIER_1_METRO,0.911,0,1,9,0
ord_49576088,cust_374244,977.67,COD,4,0,0.0,0,1,TIER_1_METRO,0.948,1,1,9,0
ord_77404727,cust_173524,1073.66,CARD,0,0,0.0,1,2,TIER_2,0.856,2,1,20,0
ord_61159930,cust_265600,2300.4,UPI,14,0,0.0,0,2,TIER_1_METRO,0.937,1,2,15,0
ord_92039028,cust_701380,1474.7,COD,0,0,0.0,1,1,TIER_1_METRO,0.715,1,1,4,1
ord_51450835,cust_134510,685.07,COD,0,0,0.0,1,1,TIER_3_HIGH_RISK,0.457,0,1,5,0
ord_45881161,cust_446989,1030.91,UPI,1,0,0.0,0,1,TIER_1_METRO,0.773,2,2,18,0
ord_87209213,cust_800066,2310.96,COD,20,0,0.0,0,2,TIER_2,0.625,1,1,23,0
ord_68187154,cust_357966,2845.95,CARD,2,0,0.0,0,1,TIER_2,0.675,0,2,7,0
ord_48323993,cust_705134,1281.11,UPI,4,1,0.25,0,2,TIER_1_METRO,0.841,0,1,19,0
ord_33717335,cust_202666,1228.04,UPI,3,0,0.0,0,1,TIER_3_HIGH_RISK,0.705,0,1,11,0
ord_86241539,cust_598506,249.0,COD,0,0,0.0,1,1,TIER_1_METRO,0.968,0,1,14,1
ord_35925598,cust_184366,2277.91,COD,14,1,0.0714,0,2,TIER_1_METRO,0.692,2,1,20,0
ord_32673937,cust_525915,725.05,UPI,2,0,0.0,0,1,TIER_3_HIGH_RISK,0.671,0,2,4,0
ord_88998740,cust_189244,346.74,COD,2,0,0.0,0,1,TIER_1_METRO,0.919,1,1,4,0
ord_61727750,cust_380398,1134.62,CARD,0,0,0.0,1,1,TIER_1_METRO,0.641,0,1,5,0
ord_67661940,cust_990904,456.28,UPI,0,0,0.0,1,1,TIER_2,0.438,1,3,9,0
ord_38474248,cust_913071,1840.68,NETBANKING,7,0,0.0,0,3,TIER_1_METRO,0.726,1,1,7,0
ord_37011610,cust_483703,1354.4,COD,0,0,0.0,1,1,TIER_2,0.914,1,3,10,1
ord_63992528,cust_703546,822.51,UPI,0,0,0.0,1,1,TIER_3_HIGH_RISK,0.675,0,1,3,0
ord_25547488,cust_665171,488.21,COD,6,1,0.1667,0,2,TIER_1_METRO,0.566,0,1,0,0
ord_23865640,cust_582838,1258.45,COD,0,0,0.0,1,1,TIER_3_HIGH_RISK,0.197,1,1,23,1
ord_21472170,cust_937685,471.3,COD,2,0,0.0,0,1,TIER_3_HIGH_RISK,0.678,2,1,3,1
ord_10189073,cust_317522,8491.35,UPI,10,0,0.0,0,1,TIER_1_METRO,0.838,0,1,3,0
ord_93687685,cust_849440,4372.88,COD,0,0,0.0,1,1,TIER_1_METRO,0.813,2,4,13,1
ord_37148868,cust_699460,323.7,UPI,2,0,0.0,0,2,TIER_3_HIGH_RISK,0.647,0,2,13,0
ord_23849214,cust_444302,1056.34,COD,12,0,0.0,0,1,TIER_2,0.828,0,1,15,0
ord_59361663,cust_616482,3322.04,UPI,8,0,0.0,0,1,TIER_1_METRO,0.909,0,3,15,0
ord_48117599,cust_458773,1071.04,UPI,8,0,0.0,0,1,TIER_3_HIGH_RISK,0.628,0,1,16,0
ord_44777477,cust_495750,3563.14,COD,20,0,0.0,0,1,TIER_2,0.706,2,1,5,0
ord_88768807,cust_274115,1143.16,COD,4,0,0.0,0,1,TIER_3_HIGH_RISK,0.726,1,1,8,0
ord_42797855,cust_414380,4295.3,COD,0,0,0.0,1,7,TIER_3_HIGH_RISK,0.726,0,1,20,1
ord_29577390,cust_772784,2212.59,COD,0,0,0.0,1,1,TIER_1_METRO,0.467,0,1,23,0
ord_98599377,cust_897872,3208.87,UPI,0,0,0.0,1,1,TIER_3_HIGH_RISK,0.711,1,1,10,0
ord_24677441,cust_424329,842.26,COD,10,0,0.0,0,1,TIER_1_METRO,0.945,0,1,18,0
ord_81619648,cust_623538,2095.23,COD,0,0,0.0,1,1,TIER_3_HIGH_RISK,0.638,1,1,0,1
ord_69488206,cust_775907,704.44,CARD,4,0,0.0,0,1,TIER_1_METRO,0.581,0,2,22,0
ord_72266549,cust_746186,433.92,UPI,0,0,0.0,1,1,TIER_1_METRO,0.663,0,1,13,0
ord_42916781,cust_543612,256.57,UPI,9,0,0.0,0,2,TIER_2,0.792,0,1,18,0
ord_61152700,cust_611315,798.52,COD,8,1,0.125,0,2,TIER_2,0.934,0,1,14,0
ord_14036405,cust_836431,1060.38,UPI,0,0,0.0,1,1,TIER_2,0.851,1,2,1,0
ord_79889460,cust_707176,249.0,CARD,8,0,0.0,0,4,TIER_1_METRO,0.89,1,1,16,0
ord_36194344,cust_360346,650.7,COD,2,0,0.0,0,1,TIER_1_METRO,0.867,0,1,0,0
ord_50734528,cust_623492,2217.52,COD,11,0,0.0,0,1,TIER_1_METRO,0.793,2,4,21,0
ord_46810847,cust_596027,449.28,COD,0,0,0.0,1,1,TIER_1_METRO,0.795,0,2,21,0
ord_55257519,cust_726469,2880.26,UPI,4,1,0.25,0,1,TIER_3_HIGH_RISK,0.476,0,1,7,0
ord_56140970,cust_891006,4116.47,COD,2,0,0.0,0,1,TIER_1_METRO,0.69,0,2,3,0
ord_14345760,cust_106834,3053.0,COD,7,1,0.1429,0,1,TIER_2,0.803,2,1,23,1
ord_27593689,cust_736901,1377.41,UPI,7,0,0.0,0,1,TIER_1_METRO,0.964,0,1,8,0
ord_41986409,cust_697228,357.8,COD,8,0,0.0,0,1,TIER_3_HIGH_RISK,0.723,0,1,23,0
ord_50869792,cust_127426,1026.01,COD,0,0,0.0,1,1,TIER_1_METRO,0.522,0,1,6,0
ord_77087779,cust_648524,2262.08,COD,0,0,0.0,1,1,TIER_2,0.66,0,4,3,1
ord_80943106,cust_676702,2644.69,UPI,4,0,0.0,0,1,TIER_1_METRO,0.868,1,2,1,0
ord_36133385,cust_652813,988.41,UPI,11,0,0.0,0,1,TIER_3_HIGH_RISK,0.775,0,2,19,0
ord_43422146,cust_482968,2966.38,COD,4,1,0.25,0,1,TIER_1_METRO,0.913,0,1,1,0
ord_74257857,cust_711305,1295.13,UPI,4,0,0.0,0,2,TIER_2,0.572,2,2,19,0
ord_80314092,cust_686687,954.24,NETBANKING,5,0,0.0,0,3,TIER_1_METRO,0.601,0,1,3,0
ord_37068277,cust_248455,1177.68,UPI,2,0,0.0,0,1,TIER_1_METRO,0.904,0,2,2,0
ord_44822065,cust_904520,1806.74,CARD,2,0,0.0,0,1,TIER_1_METRO,0.823,0,1,6,0
ord_46998516,cust_587943,3774.99,UPI,9,0,0.0,0,1,TIER_2,0.663,0,1,3,0
ord_98415355,cust_867631,2186.41,CARD,7,0,0.0,0,2,TIER_1_METRO,0.777,0,1,16,0
ord_27642355,cust_285915,1033.37,UPI,1,0,0.0,0,1,TIER_3_HIGH_RISK,0.245,0,2,8,0
ord_99381751,cust_555618,2383.73,CARD,4,0,0.0,0,1,TIER_1_METRO,0.678,0,2,0,0
ord_14158433,cust_921070,1284.19,COD,10,0,0.0,0,1,TIER_1_METRO,0.591,0,1,16,0
ord_70692680,cust_768298,1016.47,COD,1,0,0.0,0,1,TIER_3_HIGH_RISK,0.468,0,1,13,1
ord_12203087,cust_563340,1076.39,COD,0,0,0.0,1,1,TIER_3_HIGH_RISK,0.632,1,1,3,1
ord_30153173,cust_629437,787.76,COD,2,0,0.0,0,1,TIER_3_HIGH_RISK,0.768,0,2,11,1
ord_86280531,cust_702126,1509.02,UPI,0,0,0.0,1,1,TIER_2,0.655,1,1,18,0
ord_42266497,cust_391836,1885.06,COD,0,0,0.0,1,2,TIER_1_METRO,0.909,0,1,20,1
ord_45553686,cust_183470,839.73,COD,15,0,0.0,0,3,TIER_1_METRO,0.64,0,2,14,0
ord_25943416,cust_513059,1690.55,CARD,4,0,0.0,0,1,TIER_2,0.763,1,1,13,0
ord_16434323,cust_628089,1618.77,UPI,7,1,0.1429,0,1,TIER_1_METRO,0.857,1,1,20,0
ord_36290376,cust_653306,3206.77,UPI,4,0,0.0,0,1,TIER_3_HIGH_RISK,0.584,0,3,21,0
ord_48799331,cust_424597,812.01,COD,0,0,0.0,1,1,TIER_3_HIGH_RISK,0.588,0,1,9,1
ord_51424699,cust_886070,799.55,UPI,5,0,0.0,0,1,TIER_1_METRO,0.663,0,3,4,0
ord_31040202,cust_408151,748.06,CARD,9,0,0.0,0,1,TIER_1_METRO,0.82,2,1,19,0
ord_90226716,cust_652303,287.84,COD,0,0,0.0,1,1,TIER_1_METRO,0.967,0,4,20,0
ord_50844645,cust_971248,1232.21,UPI,0,0,0.0,1,1,TIER_2,0.49,0,1,16,0
ord_96104302,cust_613214,1256.36,UPI,0,0,0.0,1,1,TIER_2,0.578,0,4,13,0
ord_86867443,cust_884669,443.64,COD,0,0,0.0,1,1,TIER_2,0.939,2,1,17,0
ord_26644741,cust_955404,718.03,UPI,0,0,0.0,1,1,TIER_2,0.501,1,1,5,1
ord_13100581,cust_802088,249.0,UPI,6,0,0.0,0,1,TIER_2,0.83,1,1,17,0
ord_70411248,cust_757559,950.54,CARD,9,1,0.1111,0,1,TIER_2,0.817,2,1,7,0
ord_73707914,cust_153441,1378.33,CARD,0,0,0.0,1,1,TIER_2,0.723,0,1,10,0
ord_89655365,cust_963387,615.86,COD,15,0,0.0,0,3,TIER_1_METRO,0.595,1,2,8,0
ord_58388951,cust_496713,1004.07,COD,16,0,0.0,0,1,TIER_2,0.516,0,1,17,0
ord_47153969,cust_560329,1348.98,UPI,20,2,0.1,0,1,TIER_1_METRO,0.823,0,1,19,0
ord_70138668,cust_532353,1142.59,UPI,17,1,0.0588,0,1,TIER_2,0.927,0,5,19,0
ord_50858099,cust_195343,423.58,COD,0,0,0.0,1,1,TIER_2,0.902,0,1,7,1
ord_55144248,cust_862318,787.65,COD,6,0,0.0,0,1,TIER_2,0.788,0,1,9,0
ord_75293686,cust_312104,778.52,COD,9,1,0.1111,0,1,TIER_2,0.713,1,1,21,0
ord_25983239,cust_861632,851.49,CARD,6,0,0.0,0,1,TIER_1_METRO,0.915,0,1,5,0
ord_21685762,cust_212765,947.7,COD,5,0,0.0,0,1,TIER_2,0.829,0,2,19,0
ord_19004644,cust_507002,249.0,COD,2,0,0.0,0,1,TIER_2,0.877,1,1,12,0
ord_77940083,cust_518135,4540.63,COD,0,0,0.0,1,1,TIER_3_HIGH_RISK,0.581,1,1,13,1
ord_90969656,cust_313699,2231.05,UPI,0,0,0.0,1,1,TIER_1_METRO,0.712,0,3,5,0
ord_84070854,cust_867859,1300.82,UPI,2,0,0.0,0,1,TIER_2,0.617,0,1,17,0
ord_78979792,cust_196554,2298.59,COD,0,0,0.0,1,2,TIER_2,0.929,0,1,15,1
ord_58719461,cust_422452,1446.9,COD,0,0,0.0,1,1,TIER_1_METRO,0.624,0,3,15,0
ord_96021101,cust_439498,1353.87,COD,5,0,0.0,0,1,TIER_1_METRO,0.615,0,2,18,0
ord_64822389,cust_824257,850.6,CARD,0,0,0.0,1,1,TIER_3_HIGH_RISK,0.79,0,1,10,0
ord_75243658,cust_177774,4163.46,COD,13,2,0.1538,0,2,TIER_2,0.889,3,3,0,1
ord_33216267,cust_778302,1451.23,UPI,7,0,0.0,0,3,TIER_2,0.94,0,1,5,0
ord_54378959,cust_344367,1346.23,COD,0,0,0.0,1,1,TIER_3_HIGH_RISK,0.598,3,1,18,1
ord_47944452,cust_140658,701.42,UPI,8,0,0.0,0,1,TIER_1_METRO,0.911,1,2,22,0
ord_15679487,cust_695890,1321.18,UPI,0,0,0.0,1,1,TIER_2,0.971,1,2,23,0
ord_97922560,cust_664685,434.32,UPI,0,0,0.0,1,1,TIER_1_METRO,0.937,0,1,19,1
ord_65756089,cust_766067,1619.06,UPI,0,0,0.0,1,1,TIER_1_METRO,0.951,2,1,12,1
ord_26099248,cust_190141,1569.36,UPI,0,0,0.0,1,1,TIER_2,0.694,0,1,1,0
ord_18032304,cust_709854,3974.57,UPI,10,1,0.1,0,1,TIER_1_METRO,0.932,2,1,13,0
ord_95734603,cust_973663,1646.13,COD,16,5,0.3125,0,2,TIER_2,0.623,0,2,22,0
ord_64254875,cust_881798,2526.28,COD,2,0,0.0,0,1,TIER_2,0.83,2,3,20,0
ord_17089975,cust_197421,522.19,COD,5,0,0.0,0,2,TIER_1_METRO,0.907,0,2,20,0
ord_62418906,cust_544140,468.83,UPI,9,0,0.0,0,1,TIER_2,0.777,0,1,8,0
ord_74910615,cust_872333,1079.77,UPI,6,0,0.0,0,3,TIER_1_METRO,0.866,1,8,10,0
ord_87332767,cust_928556,3063.56,UPI,0,0,0.0,1,1,TIER_2,0.684,0,1,8,0
ord_23438654,cust_612625,1446.84,COD,3,0,0.0,0,1,TIER_1_METRO,0.724,0,4,16,1
ord_76603344,cust_206330,3818.85,COD,9,0,0.0,0,1,TIER_3_HIGH_RISK,0.827,1,4,16,0
ord_65638138,cust_800897,1849.8,COD,0,0,0.0,1,1,TIER_3_HIGH_RISK,0.572,3,2,22,1
ord_38076568,cust_524541,832.37,CARD,0,0,0.0,1,1,TIER_3_HIGH_RISK,0.328,0,1,9,0
ord_54353138,cust_415016,267.15,COD,0,0,0.0,1,1,TIER_3_HIGH_RISK,0.767,0,1,15,0
ord_37700781,cust_374391,2273.03,COD,4,0,0.0,0,1,TIER_3_HIGH_RISK,0.745,1,4,2,0
ord_51351983,cust_919072,1879.02,UPI,4,0,0.0,0,1,TIER_3_HIGH_RISK,0.699,0,1,22,0
ord_70332191,cust_519655,656.24,UPI,10,6,0.6,0,1,TIER_2,0.818,0,2,20,0
ord_68456545,cust_499719,1386.7,COD,9,0,0.0,0,3,TIER_2,0.945,0,1,21,0
ord_52124829,cust_829692,1044.91,COD,0,0,0.0,1,2,TIER_3_HIGH_RISK,0.728,2,1,9,0
ord_78399770,cust_771366,327.6,UPI,0,0,0.0,1,1,TIER_1_METRO,0.689,1,3,18,0
ord_44704544,cust_394534,1646.99,CARD,3,0,0.0,0,2,TIER_1_METRO,0.486,0,2,5,0
ord_37345255,cust_622419,1129.31,NETBANKING,0,0,0.0,1,1,TIER_1_METRO,0.83,3,2,17,0
ord_40822201,cust_985162,1872.46,COD,4,0,0.0,0,1,TIER_1_METRO,0.857,0,2,12,0
ord_40802354,cust_419138,3144.5,COD,0,0,0.0,1,1,TIER_1_METRO,0.672,0,2,10,0
ord_33569325,cust_478337,957.18,COD,2,0,0.0,0,1,TIER_3_HIGH_RISK,0.712,0,1,16,1
ord_81667572,cust_140849,3198.47,COD,0,0,0.0,1,2,TIER_1_METRO,0.881,0,4,4,0
ord_14776415,cust_558146,1061.92,COD,17,3,0.1765,0,1,TIER_1_METRO,0.703,0,1,9,0
ord_18379482,cust_741127,1797.95,UPI,0,0,0.0,1,1,TIER_2,0.579,0,1,6,0
ord_64248181,cust_343465,514.91,UPI,2,0,0.0,0,3,TIER_2,0.777,0,1,5,0
ord_96075143,cust_952889,1780.48,UPI,0,0,0.0,1,1,TIER_2,0.952,1,2,16,0
ord_95655047,cust_987859,971.65,COD,0,0,0.0,1,1,TIER_2,0.755,1,2,13,1
ord_14860319,cust_762038,892.98,UPI,3,0,0.0,0,1,TIER_2,0.903,2,2,19,1
ord_52885569,cust_994737,510.88,COD,7,0,0.0,0,2,TIER_3_HIGH_RISK,0.698,0,1,13,0
ord_22300059,cust_473134,685.47,NETBANKING,3,0,0.0,0,1,TIER_2,0.696,0,2,6,0
ord_17297881,cust_853830,3994.65,CARD,0,0,0.0,1,1,TIER_2,0.724,0,2,7,0
ord_59797980,cust_430449,1557.8,UPI,0,0,0.0,1,2,TIER_3_HIGH_RISK,0.385,1,1,21,0
ord_80627929,cust_754593,633.38,COD,5,0,0.0,0,1,TIER_1_METRO,0.859,2,1,17,0
ord_57665194,cust_807744,1541.09,COD,3,0,0.0,0,1,TIER_2,0.858,0,1,18,0
ord_81939029,cust_577237,289.98,COD,4,0,0.0,0,2,TIER_3_HIGH_RISK,0.717,0,2,13,1
ord_33399482,cust_182045,1067.43,UPI,0,0,0.0,1,2,TIER_3_HIGH_RISK,0.311,0,1,5,0
ord_59697913,cust_958697,2198.34,CARD,8,1,0.125,0,2,TIER_1_METRO,0.689,0,1,14,0
ord_74577789,cust_330305,4354.54,COD,15,1,0.0667,0,1,TIER_3_HIGH_RISK,0.703,0,5,15,1
ord_89357216,cust_186491,1354.2,COD,8,0,0.0,0,1,TIER_2,0.956,2,1,19,0
ord_18297530,cust_836589,946.31,COD,11,0,0.0,0,1,TIER_1_METRO,0.591,2,1,9,0
ord_17945982,cust_913532,532.07,COD,0,0,0.0,1,1,TIER_2,0.73,0,3,18,1
ord_97770565,cust_848409,1115.71,COD,10,2,0.2,0,1,TIER_3_HIGH_RISK,0.682,2,1,8,1
ord_60385335,cust_916462,574.81,COD,0,0,0.0,1,1,TIER_1_METRO,0.617,1,1,13,1
ord_51255781,cust_428547,1573.66,COD,7,0,0.0,0,1,TIER_2,0.838,1,1,1,1
ord_21667877,cust_275210,1189.27,COD,4,0,0.0,0,1,TIER_2,0.851,2,1,9,0
ord_72994533,cust_514921,842.99,CARD,0,0,0.0,1,2,TIER_2,0.737,0,3,4,0
ord_14609635,cust_863720,564.09,COD,0,0,0.0,1,1,TIER_2,0.763,0,1,5,0
ord_80823643,cust_619657,594.36,COD,10,0,0.0,0,3,TIER_1_METRO,0.925,2,2,22,0
ord_71912105,cust_448492,2346.3,COD,1,1,1.0,0,1,TIER_2,0.877,1,1,17,1
ord_99947346,cust_591592,2604.81,COD,4,0,0.0,0,1,TIER_3_HIGH_RISK,0.86,2,2,22,1
ord_84051986,cust_506980,364.47,COD,8,0,0.0,0,2,TIER_2,0.827,1,8,3,0
ord_97290238,cust_769902,2182.3,UPI,0,0,0.0,1,1,TIER_1_METRO,0.792,0,1,17,0
ord_51055392,cust_392155,1471.88,COD,12,0,0.0,0,1,TIER_3_HIGH_RISK,0.354,0,4,0,0
ord_68259896,cust_470866,426.11,UPI,0,0,0.0,1,1,TIER_1_METRO,0.875,1,2,5,0
ord_99607957,cust_308294,1993.25,CARD,0,0,0.0,1,1,TIER_3_HIGH_RISK,0.729,0,1,8,0
ord_91417907,cust_516656,1644.93,UPI,4,0,0.0,0,1,TIER_1_METRO,0.896,0,1,3,0
ord_66681097,cust_758651,379.45,COD,2,0,0.0,0,2,TIER_1_METRO,0.672,0,1,10,0
ord_39506320,cust_641632,2436.62,UPI,0,0,0.0,1,1,TIER_2,0.653,1,1,0,0
ord_90480036,cust_815422,1329.37,COD,14,0,0.0,0,1,TIER_2,0.519,0,4,15,0
ord_41747976,cust_627765,695.0,COD,5,0,0.0,0,2,TIER_1_METRO,0.889,1,1,17,0
ord_55977520,cust_701109,892.49,COD,3,1,0.3333,0,1,TIER_2,0.845,0,2,21,1
ord_21764650,cust_254898,359.94,CARD,3,0,0.0,0,3,TIER_3_HIGH_RISK,0.759,1,1,7,0
ord_38862768,cust_602532,1333.47,COD,9,0,0.0,0,1,TIER_2,0.844,0,3,14,0
ord_42324470,cust_295785,605.96,UPI,12,0,0.0,0,1,TIER_1_METRO,0.941,0,1,13,0
ord_31351509,cust_922196,1851.67,CARD,0,0,0.0,1,1,TIER_3_HIGH_RISK,0.779,1,1,9,0
ord_31104792,cust_628671,625.89,UPI,0,0,0.0,1,1,TIER_2,0.641,1,2,10,0
ord_97384488,cust_533194,1603.83,UPI,3,0,0.0,0,1,TIER_1_METRO,0.893,1,5,13,0
ord_45066617,cust_292535,1954.83,COD,10,0,0.0,0,1,TIER_3_HIGH_RISK,0.737,1,1,13,1
ord_90893412,cust_817479,984.43,COD,0,0,0.0,1,1,TIER_3_HIGH_RISK,0.623,0,1,0,1
ord_34366468,cust_112410,879.66,COD,12,2,0.1667,0,1,TIER_1_METRO,0.782,1,2,2,0
ord_19755715,cust_605818,2411.59,COD,9,0,0.0,0,3,TIER_1_METRO,0.488,1,3,5,1
ord_55570487,cust_518048,286.74,CARD,0,0,0.0,1,3,TIER_3_HIGH_RISK,0.647,2,3,6,1
ord_97384552,cust_404422,1476.78,COD,0,0,0.0,1,3,TIER_3_HIGH_RISK,0.548,1,1,17,1
ord_66798428,cust_745261,1980.76,NETBANKING,18,0,0.0,0,1,TIER_2,0.667,0,1,15,0
ord_21600244,cust_183521,1690.78,COD,0,0,0.0,1,1,TIER_1_METRO,0.852,0,3,4,0
ord_65629132,cust_378462,2454.1,CARD,0,0,0.0,1,1,TIER_2,0.804,1,1,13,0
ord_78196326,cust_172944,4147.08,COD,1,0,0.0,0,2,TIER_1_METRO,0.452,0,1,20,1
ord_64554786,cust_610576,713.43,COD,0,0,0.0,1,2,TIER_1_METRO,0.392,2,2,4,0
ord_20457143,cust_387058,4450.56,UPI,0,0,0.0,1,1,TIER_1_METRO,0.595,0,1,2,1
ord_43099267,cust_344000,2655.53,CARD,0,0,0.0,1,1,TIER_2,0.861,1,2,9,0
ord_87736627,cust_614249,503.51,COD,17,0,0.0,0,1,TIER_2,0.813,0,4,9,0
ord_92164888,cust_990728,4407.76,UPI,3,0,0.0,0,1,TIER_3_HIGH_RISK,0.556,2,1,23,0
ord_43122266,cust_879276,1790.39,UPI,5,0,0.0,0,1,TIER_2,0.837,2,1,9,0
ord_55476103,cust_890296,5609.59,COD,13,0,0.0,0,2,TIER_1_METRO,0.934,0,1,0,1
ord_46355877,cust_938394,935.97,UPI,4,1,0.25,0,1,TIER_2,0.724,0,2,3,0
ord_40325526,cust_551127,593.39,UPI,1,0,0.0,0,1,TIER_1_METRO,0.589,2,2,4,1
ord_82764242,cust_903599,1666.52,COD,12,0,0.0,0,2,TIER_2,0.939,2,1,4,0
ord_71021630,cust_286516,1686.27,UPI,12,0,0.0,0,1,TIER_1_METRO,0.899,0,1,14,0
ord_99899784,cust_242312,957.7,UPI,6,2,0.3333,0,1,TIER_2,0.93,1,1,12,0
ord_56184347,cust_259947,4159.45,COD,5,1,0.2,0,1,TIER_2,0.361,1,2,20,0
ord_67547856,cust_581156,1012.51,UPI,7,1,0.1429,0,1,TIER_3_HIGH_RISK,0.751,1,1,14,1
ord_63515466,cust_629527,509.51,UPI,0,0,0.0,1,1,TIER_3_HIGH_RISK,0.592,0,1,4,0
ord_51648998,cust_449931,911.24,COD,0,0,0.0,1,1,TIER_2,0.511,0,1,19,1
ord_66348502,cust_208197,1636.36,COD,0,0,0.0,1,1,TIER_2,0.474,1,1,11,1
ord_88617184,cust_540475,717.15,UPI,7,0,0.0,0,1,TIER_2,0.948,3,1,4,1
ord_30027831,cust_283707,1347.77,CARD,0,0,0.0,1,1,TIER_2,0.749,1,1,21,0
ord_87562778,cust_682187,1888.47,COD,12,0,0.0,0,1,TIER_1_METRO,0.935,0,2,4,0
ord_32773738,cust_341268,699.52,UPI,0,0,0.0,1,4,TIER_1_METRO,0.803,0,1,7,0
ord_13366612,cust_773726,669.34,UPI,9,0,0.0,0,1,TIER_1_METRO,0.94,0,4,2,0
ord_24054779,cust_132121,967.75,UPI,1,0,0.0,0,3,TIER_2,0.687,2,1,17,0
ord_61087727,cust_935422,2027.83,CARD,9,1,0.1111,0,4,TIER_2,0.865,0,1,19,1
ord_35994235,cust_461007,2166.23,COD,0,0,0.0,1,1,TIER_2,0.94,0,1,10,0
ord_38727993,cust_988467,841.57,UPI,0,0,0.0,1,1,TIER_1_METRO,0.879,0,1,3,0
ord_99293904,cust_652473,479.74,UPI,1,0,0.0,0,1,TIER_2,0.739,2,2,4,0
ord_64278856,cust_692819,1230.98,CARD,0,0,0.0,1,3,TIER_3_HIGH_RISK,0.661,0,2,23,1
ord_38218511,cust_351197,926.01,COD,17,0,0.0,0,1,TIER_3_HIGH_RISK,0.718,0,1,12,0
ord_53433464,cust_207904,2497.71,UPI,0,0,0.0,1,1,TIER_2,0.898,1,1,3,0
ord_44623456,cust_195660,583.63,NETBANKING,0,0,0.0,1,1,TIER_3_HIGH_RISK,0.816,0,1,3,0
ord_93722995,cust_708482,5190.75,CARD,17,2,0.1176,0,1,TIER_3_HIGH_RISK,0.519,0,1,4,0
ord_32371392,cust_705559,819.91,UPI,9,0,0.0,0,1,TIER_1_METRO,0.693,2,4,5,0
ord_62139050,cust_232639,636.94,COD,0,0,0.0,1,1,TIER_2,0.548,0,1,13,0
ord_77340278,cust_644991,1503.4,COD,0,0,0.0,1,1,TIER_3_HIGH_RISK,0.602,0,1,4,0
ord_62052092,cust_580042,2976.29,UPI,3,0,0.0,0,2,TIER_1_METRO,0.928,1,1,3,0
ord_63274943,cust_931600,1257.34,UPI,12,1,0.0833,0,3,TIER_1_METRO,0.789,0,2,11,0
ord_44795514,cust_630553,601.28,CARD,5,1,0.2,0,1,TIER_1_METRO,0.79,0,1,3,0
ord_60234072,cust_938884,3390.05,CARD,3,0,0.0,0,1,TIER_2,0.867,0,1,20,0
ord_26465417,cust_416785,2209.91,NETBANKING,10,0,0.0,0,1,TIER_2,0.692,0,2,4,0
ord_95290435,cust_145330,1422.46,COD,0,0,0.0,1,2,TIER_2,0.874,0,3,0,0
ord_36216317,cust_427572,3620.71,UPI,0,0,0.0,1,1,TIER_1_METRO,0.958,0,1,21,0
ord_39839934,cust_452410,4113.27,UPI,0,0,0.0,1,2,TIER_2,0.815,1,2,10,0
ord_62423980,cust_643270,2666.16,UPI,0,0,0.0,1,1,TIER_3_HIGH_RISK,0.586,2,1,11,0
ord_98553672,cust_670601,348.92,COD,0,0,0.0,1,2,TIER_1_METRO,0.769,1,1,1,1
ord_57118996,cust_762448,1526.08,UPI,2,0,0.0,0,2,TIER_1_METRO,0.782,0,1,15,0
ord_44534339,cust_433760,763.09,UPI,0,0,0.0,1,1,TIER_1_METRO,0.814,1,1,19,0
ord_95999128,cust_530645,1116.12,COD,1,0,0.0,0,2,TIER_1_METRO,0.661,0,1,19,1
ord_38665409,cust_730903,465.75,UPI,4,0,0.0,0,1,TIER_3_HIGH_RISK,0.629,0,3,18,0
ord_96278999,cust_274899,376.78,COD,0,0,0.0,1,1,TIER_1_METRO,0.925,1,3,0,0
ord_31654924,cust_130215,556.63,UPI,13,0,0.0,0,1,TIER_1_METRO,0.94,0,1,14,0
ord_52536207,cust_880207,1408.59,UPI,0,0,0.0,1,1,TIER_2,0.688,2,1,22,0
ord_51156180,cust_799268,818.96,CARD,9,0,0.0,0,1,TIER_1_METRO,0.791,0,1,22,0
ord_31226936,cust_877574,959.77,COD,7,0,0.0,0,5,TIER_2,0.698,0,1,23,1
ord_37965074,cust_824434,1442.12,UPI,0,0,0.0,1,1,TIER_2,0.769,2,2,21,0
ord_23748887,cust_573457,607.36,COD,12,1,0.0833,0,1,TIER_2,0.685,1,1,21,0
ord_20309367,cust_697228,3526.91,UPI,8,0,0.0,0,1,TIER_1_METRO,0.715,1,1,9,0
ord_51760768,cust_911844,3158.75,COD,2,0,0.0,0,1,TIER_1_METRO,0.904,2,5,16,0
ord_81640400,cust_667696,406.79,UPI,2,0,0.0,0,1,TIER_1_METRO,0.431,0,1,23,0
ord_45398780,cust_700898,482.41,COD,2,0,0.0,0,1,TIER_2,0.872,0,1,8,0
ord_31005303,cust_147219,958.97,COD,0,0,0.0,1,2,TIER_3_HIGH_RISK,0.756,1,1,5,1
ord_33948465,cust_164702,440.61,UPI,6,0,0.0,0,1,TIER_3_HIGH_RISK,0.742,3,2,8,0
ord_30176968,cust_411146,413.77,COD,0,0,0.0,1,1,TIER_1_METRO,0.906,0,8,15,0
ord_91281792,cust_331601,472.36,COD,0,0,0.0,1,3,TIER_2,0.545,2,1,10,1
ord_46755274,cust_338625,1267.53,COD,13,0,0.0,0,1,TIER_1_METRO,0.848,1,1,14,0
ord_25703721,cust_982373,552.41,UPI,0,0,0.0,1,1,TIER_3_HIGH_RISK,0.64,1,1,5,0
ord_51538255,cust_554325,419.5,UPI,0,0,0.0,1,1,TIER_2,0.657,1,5,10,0
ord_42740087,cust_894077,1426.17,COD,8,0,0.0,0,2,TIER_2,0.764,0,5,18,0
ord_30997458,cust_543445,1707.71,UPI,0,0,0.0,1,2,TIER_3_HIGH_RISK,0.698,1,1,13,0
ord_36021607,cust_176377,1440.73,UPI,7,0,0.0,0,1,TIER_1_METRO,0.793,0,1,14,0
ord_16785932,cust_491170,1040.67,UPI,2,0,0.0,0,1,TIER_2,0.674,2,4,20,0
ord_51728753,cust_803712,564.04,COD,7,1,0.1429,0,1,TIER_1_METRO,0.706,0,1,14,0
ord_71550770,cust_961116,1187.59,COD,4,0,0.0,0,1,TIER_1_METRO,0.909,0,2,4,0
ord_85555595,cust_742699,4825.44,UPI,13,0,0.0,0,1,TIER_3_HIGH_RISK,0.297,2,1,19,0
ord_87678179,cust_199341,2650.87,COD,8,0,0.0,0,1,TIER_1_METRO,0.656,1,3,15,0
ord_53560310,cust_599459,363.0,COD,3,0,0.0,0,2,TIER_1_METRO,0.779,0,1,5,0
ord_26916781,cust_407942,1280.58,UPI,2,0,0.0,0,1,TIER_2,0.416,1,2,14,0
ord_83580900,cust_215455,3014.51,UPI,0,0,0.0,1,1,TIER_1_METRO,0.58,2,1,14,0
ord_81587767,cust_708435,1006.2,UPI,10,0,0.0,0,3,TIER_1_METRO,0.547,1,1,17,0
ord_61372483,cust_258340,341.68,UPI,20,0,0.0,0,5,TIER_3_HIGH_RISK,0.712,1,1,17,0
ord_45040051,cust_681845,486.42,UPI,5,0,0.0,0,1,TIER_2,0.83,0,2,2,0
ord_42997728,cust_608034,724.61,UPI,0,0,0.0,1,1,TIER_1_METRO,0.981,0,1,17,0
ord_93724371,cust_846597,459.74,NETBANKING,4,0,0.0,0,7,TIER_2,0.692,1,1,4,1
ord_52942594,cust_281161,1005.79,COD,14,0,0.0,0,1,TIER_1_METRO,0.806,0,2,9,0
ord_88837220,cust_665541,2952.22,CARD,1,0,0.0,0,1,TIER_3_HIGH_RISK,0.685,0,1,21,0
ord_84216357,cust_799614,2281.82,COD,2,0,0.0,0,5,TIER_2,0.925,0,1,18,1
ord_79809366,cust_819234,810.28,UPI,10,0,0.0,0,1,TIER_3_HIGH_RISK,0.476,1,1,6,0
ord_72565460,cust_253354,2018.18,COD,0,0,0.0,1,1,TIER_1_METRO,0.827,0,1,12,1
ord_67344497,cust_409545,1310.35,UPI,0,0,0.0,1,1,TIER_1_METRO,0.971,0,3,16,0
ord_10447564,cust_183725,1061.58,UPI,4,0,0.0,0,1,TIER_1_METRO,0.962,0,4,9,0
ord_60227448,cust_993034,3017.48,COD,3,0,0.0,0,2,TIER_2,0.815,0,2,20,0
ord_52801198,cust_757739,1081.53,COD,7,0,0.0,0,1,TIER_1_METRO,0.73,1,2,10,0
ord_72048378,cust_305600,680.48,COD,3,0,0.0,0,2,TIER_2,0.738,3,1,15,1
ord_25194144,cust_271792,1221.73,UPI,20,0,0.0,0,2,TIER_1_METRO,0.902,1,1,4,0
ord_91806561,cust_492004,2863.82,UPI,7,2,0.2857,0,1,TIER_1_METRO,0.707,2,1,19,0
ord_59092554,cust_225191,1250.52,COD,6,0,0.0,0,1,TIER_1_METRO,0.811,0,1,4,0
ord_56055772,cust_584948,1141.69,CARD,0,0,0.0,1,1,TIER_1_METRO,0.779,1,1,15,0
ord_60470573,cust_977237,1280.24,COD,1,0,0.0,0,1,TIER_1_METRO,0.672,1,1,3,0
ord_35971841,cust_764573,2762.86,CARD,10,1,0.1,0,1,TIER_1_METRO,0.816,3,3,19,0
ord_71373784,cust_763399,6648.91,UPI,0,0,0.0,1,1,TIER_1_METRO,0.898,0,1,20,0
ord_81217813,cust_208763,1137.61,CARD,5,0,0.0,0,1,TIER_1_METRO,0.862,0,2,0,0
ord_75184214,cust_730734,1149.08,COD,0,0,0.0,1,4,TIER_3_HIGH_RISK,0.594,0,2,18,1
ord_41757382,cust_655104,352.86,COD,0,0,0.0,1,1,TIER_2,0.889,0,2,12,1
ord_30849083,cust_421651,554.35,NETBANKING,2,0,0.0,0,1,TIER_2,0.563,0,5,23,0
ord_91618212,cust_126440,1334.6,CARD,10,0,0.0,0,1,TIER_1_METRO,0.882,0,2,11,0
ord_83537404,cust_302500,948.8,CARD,0,0,0.0,1,1,TIER_3_HIGH_RISK,0.782,0,2,20,0
ord_18904337,cust_768425,395.81,COD,8,2,0.25,0,1,TIER_2,0.689,2,1,18,0
ord_44861938,cust_691063,775.51,COD,1,0,0.0,0,1,TIER_3_HIGH_RISK,0.717,0,4,23,1
ord_18978989,cust_249273,7566.65,COD,5,0,0.0,0,2,TIER_2,0.928,0,2,20,0
ord_28498958,cust_156435,1397.65,COD,0,0,0.0,1,1,TIER_2,0.881,0,1,18,1
ord_10420993,cust_271140,885.34,COD,1,0,0.0,0,1,TIER_2,0.955,2,2,15,0
ord_68316301,cust_132800,887.23,COD,0,0,0.0,1,1,TIER_1_METRO,0.94,0,1,20,1
ord_40459094,cust_959231,4985.37,UPI,7,0,0.0,0,1,TIER_3_HIGH_RISK,0.868,0,1,15,0
ord_21354168,cust_823807,940.56,UPI,4,0,0.0,0,1,TIER_1_METRO,0.885,0,1,2,0
ord_58591742,cust_554412,249.0,COD,6,0,0.0,0,1,TIER_1_METRO,0.771,0,1,6,0
ord_22262024,cust_853788,4337.34,UPI,0,0,0.0,1,1,TIER_2,0.645,0,1,17,0
ord_31414187,cust_380684,476.86,COD,0,0,0.0,1,1,TIER_2,0.809,1,1,15,1
ord_77157848,cust_561833,1127.28,UPI,0,0,0.0,1,1,TIER_1_METRO,0.789,3,1,14,0
ord_76190032,cust_209570,1895.97,UPI,0,0,0.0,1,1,TIER_1_METRO,0.559,1,3,14,0
ord_54770473,cust_995420,733.68,COD,0,0,0.0,1,1,TIER_2,0.765,1,2,14,0
ord_77585521,cust_172168,1485.87,UPI,9,0,0.0,0,2,TIER_1_METRO,0.937,2,1,18,0
ord_22433238,cust_142290,450.68,COD,0,0,0.0,1,1,TIER_1_METRO,0.658,0,1,9,0
ord_96404718,cust_593213,2489.11,COD,0,0,0.0,1,1,TIER_1_METRO,0.792,0,3,17,0
ord_87890927,cust_645702,989.08,COD,0,0,0.0,1,2,TIER_1_METRO,0.952,1,1,22,0
ord_43698807,cust_790366,1871.94,COD,4,0,0.0,0,1,TIER_2,0.882,2,1,0,0
ord_74669427,cust_383343,1225.84,COD,20,1,0.05,0,1,TIER_1_METRO,0.802,0,2,13,1
ord_62534223,cust_255161,600.18,UPI,0,0,0.0,1,1,TIER_3_HIGH_RISK,0.733,1,1,0,0
ord_68012770,cust_605465,1681.08,UPI,0,0,0.0,1,1,TIER_3_HIGH_RISK,0.667,2,1,9,0
ord_36550964,cust_942869,249.0,UPI,0,0,0.0,1,1,TIER_1_METRO,0.864,1,2,6,0
ord_37023420,cust_378263,474.64,COD,2,0,0.0,0,1,TIER_1_METRO,0.808,0,2,0,0
ord_25851428,cust_653095,1426.82,CARD,10,0,0.0,0,1,TIER_1_METRO,0.71,0,1,4,0
ord_65906455,cust_915042,1162.0,UPI,0,0,0.0,1,1,TIER_2,0.594,2,3,17,0
ord_36486809,cust_294301,909.53,UPI,4,0,0.0,0,2,TIER_2,0.608,0,1,12,0
ord_81829506,cust_744711,450.28,COD,0,0,0.0,1,1,TIER_3_HIGH_RISK,0.692,0,2,22,1
ord_81873676,cust_289506,690.81,CARD,13,3,0.2308,0,1,TIER_2,0.673,0,1,21,0
ord_66424721,cust_970783,1236.96,COD,0,0,0.0,1,1,TIER_2,0.508,0,3,7,1
ord_59402807,cust_578174,1976.08,COD,13,0,0.0,0,3,TIER_1_METRO,0.939,1,1,11,0
ord_76277348,cust_740546,1127.32,UPI,2,0,0.0,0,2,TIER_3_HIGH_RISK,0.833,0,3,8,0
ord_51727974,cust_894166,741.96,UPI,0,0,0.0,1,1,TIER_2,0.906,0,2,3,0
ord_40719118,cust_825750,1713.42,UPI,10,0,0.0,0,1,TIER_1_METRO,0.808,2,1,1,0
ord_80825578,cust_655339,249.0,UPI,0,0,0.0,1,2,TIER_3_HIGH_RISK,0.556,0,1,21,1
ord_72321193,cust_248351,1590.69,COD,6,0,0.0,0,1,TIER_2,0.854,0,1,9,0
ord_76563816,cust_185398,976.72,CARD,3,1,0.3333,0,1,TIER_1_METRO,0.485,1,1,14,0
ord_99911341,cust_240017,3675.96,COD,0,0,0.0,1,1,TIER_2,0.896,0,1,19,1
ord_81297755,cust_270116,1508.95,UPI,2,1,0.5,0,1,TIER_1_METRO,0.755,0,1,10,0
ord_97994960,cust_917126,557.14,CARD,14,2,0.1429,0,1,TIER_2,0.397,3,1,3,1
ord_60599764,cust_225212,264.1,COD,5,0,0.0,0,1,TIER_1_METRO,0.45,1,1,16,0
ord_25486047,cust_124180,731.38,UPI,0,0,0.0,1,1,TIER_1_METRO,0.967,0,1,4,0
ord_64610032,cust_505890,1257.0,UPI,6,1,0.1667,0,1,TIER_1_METRO,0.636,0,1,10,0
ord_83581516,cust_180459,470.44,COD,0,0,0.0,1,1,TIER_3_HIGH_RISK,0.619,0,1,16,0
ord_11801951,cust_322574,1785.64,UPI,3,0,0.0,0,2,TIER_2,0.468,2,3,5,0
ord_22029233,cust_738829,1022.47,COD,9,0,0.0,0,1,TIER_2,0.927,1,1,2,1
ord_67413770,cust_101316,433.84,CARD,8,1,0.125,0,1,TIER_3_HIGH_RISK,0.741,0,1,19,0
ord_60210069,cust_598109,2379.27,UPI,0,0,0.0,1,1,TIER_3_HIGH_RISK,0.745,2,1,0,1
ord_73808437,cust_496539,1000.94,COD,5,0,0.0,0,1,TIER_1_METRO,0.923,0,4,6,0
ord_57715952,cust_428648,749.58,UPI,0,0,0.0,1,1,TIER_3_HIGH_RISK,0.562,1,2,7,1
ord_53750190,cust_600508,423.33,COD,0,0,0.0,1,1,TIER_2,0.646,2,2,0,1
ord_27454767,cust_389930,7334.8,UPI,13,0,0.0,0,1,TIER_1_METRO,0.816,0,1,9,0
ord_15345854,cust_184458,1876.7,UPI,9,0,0.0,0,1,TIER_1_METRO,0.718,3,1,6,0
ord_64931379,cust_778972,1096.44,COD,7,0,0.0,0,1,TIER_3_HIGH_RISK,0.539,0,1,8,1
ord_60672855,cust_513831,942.38,CARD,0,0,0.0,1,1,TIER_1_METRO,0.956,0,1,17,0
ord_18623041,cust_131152,309.49,UPI,5,0,0.0,0,1,TIER_1_METRO,0.811,1,1,23,0
ord_56876471,cust_970176,2314.7,COD,0,0,0.0,1,1,TIER_1_METRO,0.913,0,2,4,0
ord_53499361,cust_411358,1501.12,COD,6,0,0.0,0,1,TIER_2,0.517,1,1,7,0
ord_40320939,cust_406405,261.85,UPI,0,0,0.0,1,1,TIER_3_HIGH_RISK,0.544,1,2,5,0
ord_90541004,cust_826231,1111.33,COD,0,0,0.0,1,1,TIER_3_HIGH_RISK,0.647,0,1,22,1
ord_23245462,cust_463116,279.4,COD,2,0,0.0,0,1,TIER_2,0.815,0,1,23,0
ord_10947272,cust_809380,1218.49,COD,7,0,0.0,0,1,TIER_1_METRO,0.703,0,1,0,0
ord_98372825,cust_841541,578.17,COD,0,0,0.0,1,4,TIER_1_METRO,0.692,3,1,1,1
ord_91246272,cust_377619,3245.81,COD,3,0,0.0,0,7,TIER_1_METRO,0.918,0,2,16,1
ord_92298322,cust_993546,519.87,UPI,0,0,0.0,1,1,TIER_1_METRO,0.703,0,2,22,0
ord_51681557,cust_329147,1142.57,COD,5,0,0.0,0,3,TIER_1_METRO,0.741,0,2,11,0
ord_39239156,cust_308222,3717.08,COD,6,0,0.0,0,1,TIER_1_METRO,0.716,0,2,16,0
ord_44569361,cust_167173,1631.21,UPI,7,0,0.0,0,1,TIER_3_HIGH_RISK,0.719,3,1,23,1
ord_74018079,cust_589139,1155.5,UPI,3,0,0.0,0,2,TIER_2,0.639,1,2,17,0
ord_97554946,cust_210782,1094.66,UPI,22,1,0.0455,0,3,TIER_2,0.826,0,2,15,0
ord_29397196,cust_302049,387.78,COD,0,0,0.0,1,1,TIER_2,0.953,3,1,23,1
ord_39225143,cust_157172,2569.47,COD,6,0,0.0,0,1,TIER_2,0.789,0,1,18,0
ord_86349696,cust_668366,2874.54,UPI,7,1,0.1429,0,1,TIER_2,0.788,1,1,20,0
ord_51901563,cust_690285,2661.87,UPI,0,0,0.0,1,1,TIER_2,0.914,0,1,15,0
ord_24018356,cust_275966,1670.73,UPI,3,0,0.0,0,1,TIER_1_METRO,0.762,0,2,13,0
ord_25446786,cust_249703,878.21,CARD,5,0,0.0,0,1,TIER_2,0.64,0,3,4,0
ord_55027602,cust_261680,975.94,COD,0,0,0.0,1,1,TIER_1_METRO,0.218,1,1,3,1
ord_10685503,cust_926576,2423.03,NETBANKING,1,0,0.0,0,1,TIER_2,0.858,0,2,7,0
ord_78110885,cust_887567,865.57,UPI,2,0,0.0,0,1,TIER_1_METRO,0.73,0,1,12,0
ord_41401909,cust_572691,3682.9,COD,0,0,0.0,1,1,TIER_2,0.73,0,1,3,1
ord_95434576,cust_702634,1810.08,COD,11,1,0.0909,0,1,TIER_3_HIGH_RISK,0.72,1,1,21,1
ord_30410862,cust_710832,508.5,UPI,0,0,0.0,1,1,TIER_3_HIGH_RISK,0.847,1,3,3,0
ord_96923333,cust_352570,249.0,COD,2,0,0.0,0,1,TIER_2,0.874,0,1,12,0
ord_72304732,cust_301157,1525.91,UPI,13,0,0.0,0,3,TIER_2,0.912,1,3,15,0
ord_23915952,cust_526484,11169.06,CARD,0,0,0.0,1,1,TIER_2,0.629,1,2,23,1
ord_17689969,cust_445258,1915.91,NETBANKING,0,0,0.0,1,2,TIER_2,0.841,0,3,1,0
ord_59909831,cust_640436,1452.14,UPI,5,0,0.0,0,2,TIER_1_METRO,0.481,1,1,13,0
ord_44226657,cust_875519,1225.88,COD,5,0,0.0,0,1,TIER_3_HIGH_RISK,0.422,1,1,21,1
ord_26450961,cust_758446,547.2,UPI,3,0,0.0,0,1,TIER_3_HIGH_RISK,0.545,1,1,8,0
ord_84607930,cust_290606,1620.83,UPI,12,1,0.0833,0,2,TIER_2,0.691,0,1,6,0
ord_85964061,cust_689540,1426.69,NETBANKING,0,0,0.0,1,1,TIER_2,0.817,1,1,9,0
ord_97744964,cust_178711,2842.86,CARD,3,0,0.0,0,1,TIER_2,0.871,0,1,4,0
ord_53309893,cust_615728,1397.08,COD,0,0,0.0,1,1,TIER_1_METRO,0.833,3,1,0,0
ord_81408353,cust_264364,1410.5,UPI,9,0,0.0,0,1,TIER_1_METRO,0.764,1,4,18,0
ord_99143466,cust_804225,1890.84,UPI,0,0,0.0,1,1,TIER_2,0.931,0,1,0,0
ord_93689116,cust_283535,1012.38,NETBANKING,10,1,0.1,0,1,TIER_1_METRO,0.889,0,2,5,0
ord_68435658,cust_316197,771.1,COD,0,0,0.0,1,3,TIER_1_METRO,0.785,0,2,5,1
ord_70628583,cust_263148,1846.57,UPI,0,0,0.0,1,1,TIER_3_HIGH_RISK,0.79,0,2,9,0
ord_84288255,cust_453082,843.73,COD,6,0,0.0,0,3,TIER_3_HIGH_RISK,0.728,0,1,10,0
ord_11589291,cust_446819,754.87,COD,0,0,0.0,1,1,TIER_2,0.618,0,1,16,1
ord_69972646,cust_534166,423.43,NETBANKING,0,0,0.0,1,1,TIER_1_METRO,0.925,1,1,6,0
ord_61723186,cust_320667,2498.38,UPI,0,0,0.0,1,1,TIER_2,0.871,0,1,6,0
ord_75172686,cust_963669,622.03,COD,4,1,0.25,0,1,TIER_1_METRO,0.956,0,2,8,1
ord_97601302,cust_697942,794.78,UPI,0,0,0.0,1,1,TIER_2,0.769,3,1,9,0
ord_71393939,cust_783306,372.96,UPI,6,1,0.1667,0,3,TIER_2,0.768,1,1,17,1
ord_29097931,cust_567216,278.26,UPI,0,0,0.0,1,5,TIER_2,0.844,0,8,7,1
ord_43134205,cust_435681,1463.76,COD,1,0,0.0,0,2,TIER_1_METRO,0.899,2,4,19,1
ord_60894269,cust_481767,3884.5,UPI,2,1,0.5,0,1,TIER_2,0.973,1,1,0,1
ord_96343264,cust_853511,1555.61,UPI,0,0,0.0,1,1,TIER_1_METRO,0.693,0,1,1,0
ord_57181184,cust_405383,1016.41,COD,11,0,0.0,0,1,TIER_1_METRO,0.798,0,2,2,0
ord_34416514,cust_529960,1900.34,UPI,14,0,0.0,0,1,TIER_1_METRO,0.665,0,3,12,0
ord_49006163,cust_282414,905.77,CARD,7,2,0.2857,0,1,TIER_1_METRO,0.917,0,4,12,0
ord_95180395,cust_669158,1281.44,COD,0,0,0.0,1,1,TIER_1_METRO,0.853,1,1,4,0
ord_33289643,cust_919482,1821.45,UPI,8,4,0.5,0,1,TIER_1_METRO,0.938,0,4,17,1
ord_96188770,cust_918148,545.19,COD,0,0,0.0,1,1,TIER_1_METRO,0.976,0,1,8,1
ord_45542454,cust_811303,943.24,UPI,5,0,0.0,0,2,TIER_2,0.814,0,1,9,0
ord_67062361,cust_507244,1804.77,UPI,8,0,0.0,0,1,TIER_3_HIGH_RISK,0.572,0,1,8,0
ord_44424385,cust_637110,1113.41,UPI,0,0,0.0,1,1,TIER_2,0.68,0,3,11,0
ord_93441228,cust_997151,822.12,UPI,0,0,0.0,1,1,TIER_1_METRO,0.846,0,1,9,0
ord_16896525,cust_393679,1250.98,UPI,0,0,0.0,1,1,TIER_2,0.905,2,2,5,0
ord_66792850,cust_485383,1178.16,UPI,9,0,0.0,0,1,TIER_2,0.816,1,1,22,0
ord_82888141,cust_582156,1514.04,COD,6,1,0.1667,0,2,TIER_2,0.898,0,1,14,1
ord_88762774,cust_867981,589.66,UPI,1,0,0.0,0,1,TIER_3_HIGH_RISK,0.376,2,1,0,0
ord_82225040,cust_817833,2831.97,UPI,10,1,0.1,0,2,TIER_3_HIGH_RISK,0.794,0,1,19,1
ord_94788890,cust_622377,670.01,UPI,0,0,0.0,1,1,TIER_3_HIGH_RISK,0.728,1,1,23,0
ord_20421317,cust_115376,1168.78,COD,0,0,0.0,1,1,TIER_1_METRO,0.914,1,1,3,0
ord_94562417,cust_769120,1284.81,CARD,4,2,0.5,0,1,TIER_2,0.719,1,1,21,0
ord_19137819,cust_382294,541.2,COD,0,0,0.0,1,1,TIER_1_METRO,0.769,1,1,10,0
ord_54359378,cust_239337,1489.91,COD,10,0,0.0,0,1,TIER_3_HIGH_RISK,0.734,1,2,9,0
ord_98883975,cust_272648,1192.18,NETBANKING,8,0,0.0,0,1,TIER_2,0.476,2,5,16,0
ord_30193880,cust_683984,1898.78,COD,16,0,0.0,0,1,TIER_1_METRO,0.637,0,1,14,0
ord_41981908,cust_798367,1463.28,UPI,11,0,0.0,0,2,TIER_2,0.763,0,1,7,0
ord_96905047,cust_861729,613.09,UPI,4,1,0.25,0,2,TIER_2,0.88,1,2,14,0
ord_16045001,cust_968042,1038.63,COD,7,0,0.0,0,1,TIER_3_HIGH_RISK,0.624,0,1,13,0
ord_84396477,cust_374353,249.0,UPI,3,0,0.0,0,1,TIER_2,0.826,3,3,22,0
ord_37804333,cust_793278,281.49,UPI,0,0,0.0,1,1,TIER_1_METRO,0.473,1,2,9,0
ord_15749593,cust_403032,492.1,COD,6,0,0.0,0,1,TIER_2,0.622,2,2,4,0
ord_74274067,cust_975308,1510.07,COD,0,0,0.0,1,1,TIER_2,0.574,2,1,11,0
ord_63953229,cust_805614,717.33,COD,0,0,0.0,1,1,TIER_1_METRO,0.966,1,1,12,0
ord_70321284,cust_847916,1393.11,UPI,5,0,0.0,0,1,TIER_1_METRO,0.76,0,1,2,0
ord_23245696,cust_560915,514.53,CARD,5,1,0.2,0,1,TIER_3_HIGH_RISK,0.279,0,1,7,1
ord_34895828,cust_909024,892.64,COD,3,0,0.0,0,5,TIER_2,0.526,0,1,17,1
ord_77577027,cust_860427,2829.5,COD,0,0,0.0,1,1,TIER_2,0.57,2,1,14,1
ord_67827935,cust_951155,1031.33,UPI,12,2,0.1667,0,3,TIER_1_METRO,0.777,0,2,6,0
ord_16442399,cust_936538,595.34,COD,0,0,0.0,1,1,TIER_1_METRO,0.861,2,1,11,0
ord_47043861,cust_448109,3566.03,UPI,13,0,0.0,0,2,TIER_1_METRO,0.901,1,1,15,0
ord_35177127,cust_887937,1026.57,COD,0,0,0.0,1,1,TIER_2,0.57,0,2,18,1
ord_55975556,cust_932210,1501.93,UPI,0,0,0.0,1,1,TIER_1_METRO,0.652,0,2,14,0
ord_23693090,cust_674281,1582.95,CARD,4,1,0.25,0,1,TIER_2,0.843,1,1,6,0
ord_54653349,cust_714998,1205.95,UPI,0,0,0.0,1,5,TIER_1_METRO,0.92,0,1,2,1
ord_32539942,cust_955333,712.92,COD,0,0,0.0,1,1,TIER_2,0.921,0,1,19,0
ord_41218896,cust_292077,3472.14,COD,8,0,0.0,0,1,TIER_1_METRO,0.791,0,1,21,0
ord_57657169,cust_279815,1994.19,COD,0,0,0.0,1,1,TIER_1_METRO,0.833,1,2,10,0
ord_74170362,cust_989572,1527.26,COD,5,0,0.0,0,1,TIER_1_METRO,0.891,0,1,19,0
ord_73793312,cust_662367,1112.25,UPI,0,0,0.0,1,1,TIER_3_HIGH_RISK,0.661,3,2,10,1
ord_79577529,cust_633239,411.85,UPI,17,0,0.0,0,1,TIER_2,0.692,1,1,7,0
ord_52224873,cust_355019,2089.67,CARD,0,0,0.0,1,1,TIER_3_HIGH_RISK,0.836,2,1,20,0
ord_70727594,cust_407977,683.73,COD,1,0,0.0,0,1,TIER_1_METRO,0.688,2,1,4,0
ord_75489314,cust_456423,988.34,COD,0,0,0.0,1,1,TIER_2,0.739,0,1,11,0
ord_64445288,cust_557357,3927.37,COD,6,0,0.0,0,2,TIER_1_METRO,0.835,2,1,12,1
ord_88908432,cust_249389,480.0,COD,5,1,0.2,0,2,TIER_1_METRO,0.948,1,1,16,1
ord_93050790,cust_526102,1369.87,UPI,8,0,0.0,0,3,TIER_3_HIGH_RISK,0.568,1,1,7,0
ord_71086560,cust_376838,1387.73,UPI,4,0,0.0,0,1,TIER_3_HIGH_RISK,0.662,0,1,3,1
ord_56290673,cust_931579,5051.53,UPI,0,0,0.0,1,1,TIER_2,0.723,2,2,17,1
ord_82087885,cust_659070,690.88,UPI,2,0,0.0,0,2,TIER_3_HIGH_RISK,0.441,2,8,15,0
ord_59970088,cust_718871,260.12,UPI,0,0,0.0,1,1,TIER_3_HIGH_RISK,0.871,0,1,11,0
ord_65229602,cust_252904,702.95,COD,0,0,0.0,1,1,TIER_1_METRO,0.833,1,1,10,0
ord_31821296,cust_481339,2240.25,COD,0,0,0.0,1,1,TIER_1_METRO,0.475,0,3,11,0
ord_54165849,cust_793210,1172.43,UPI,0,0,0.0,1,1,TIER_2,0.858,1,4,12,0
ord_58669254,cust_743392,1751.59,UPI,0,0,0.0,1,1,TIER_1_METRO,0.517,0,1,23,0
ord_96656822,cust_895365,1244.81,UPI,0,0,0.0,1,1,TIER_2,0.891,0,4,5,0
ord_35967642,cust_585357,2608.47,COD,0,0,0.0,1,1,TIER_3_HIGH_RISK,0.633,1,1,22,0
ord_98696357,cust_906532,1196.83,UPI,8,0,0.0,0,1,TIER_2,0.602,0,2,8,0
ord_92325440,cust_141430,963.42,UPI,9,0,0.0,0,1,TIER_1_METRO,0.65,0,1,21,0
ord_83888481,cust_110270,1146.38,COD,0,0,0.0,1,2,TIER_3_HIGH_RISK,0.558,1,1,19,1
ord_26414776,cust_976836,1706.21,UPI,4,0,0.0,0,3,TIER_2,0.761,0,2,3,0
ord_43843291,cust_265493,511.12,UPI,1,0,0.0,0,1,TIER_1_METRO,0.638,2,1,13,0
ord_92118710,cust_427717,2811.14,UPI,8,0,0.0,0,1,TIER_3_HIGH_RISK,0.5,1,1,1,0
ord_11989173,cust_304830,2743.89,NETBANKING,6,0,0.0,0,3,TIER_3_HIGH_RISK,0.759,1,1,2,0
ord_67947555,cust_268939,1642.34,COD,0,0,0.0,1,1,TIER_2,0.966,0,2,22,0
ord_49412278,cust_866809,1303.5,COD,0,0,0.0,1,1,TIER_3_HIGH_RISK,0.444,0,1,1,1
ord_25956333,cust_968850,2307.82,COD,0,0,0.0,1,1,TIER_2,0.927,0,1,22,1
ord_52443268,cust_335437,1045.0,NETBANKING,6,0,0.0,0,2,TIER_2,0.854,0,1,2,0
ord_44761183,cust_669677,2198.16,UPI,1,0,0.0,0,1,TIER_3_HIGH_RISK,0.281,2,1,2,0
ord_82876940,cust_103468,1083.0,UPI,17,1,0.0588,0,1,TIER_2,0.875,0,2,12,0
ord_17736085,cust_720971,2099.87,UPI,4,0,0.0,0,1,TIER_1_METRO,0.91,0,2,12,0
ord_33904686,cust_496496,693.33,COD,4,0,0.0,0,1,TIER_1_METRO,0.338,2,1,3,0
ord_40887799,cust_523500,714.81,COD,0,0,0.0,1,1,TIER_2,0.915,1,1,4,1
ord_16295425,cust_993643,741.51,COD,0,0,0.0,1,1,TIER_1_METRO,0.516,2,4,22,0
ord_37930327,cust_750369,1792.33,UPI,7,0,0.0,0,1,TIER_1_METRO,0.697,0,2,0,0
ord_83263376,cust_464494,1281.1,CARD,0,0,0.0,1,1,TIER_1_METRO,0.744,1,4,21,0
ord_64006163,cust_782358,418.82,UPI,0,0,0.0,1,4,TIER_1_METRO,0.737,2,1,4,1
ord_12825896,cust_729769,556.35,UPI,0,0,0.0,1,1,TIER_1_METRO,0.842,1,1,2,0
ord_58781478,cust_869937,580.92,COD,4,1,0.25,0,1,TIER_1_METRO,0.529,0,2,14,0
ord_91121538,cust_859981,781.48,COD,5,0,0.0,0,2,TIER_1_METRO,0.882,3,3,13,1
ord_58399880,cust_711383,1047.24,UPI,0,0,0.0,1,1,TIER_1_METRO,0.591,0,4,10,0
ord_13612914,cust_821561,2944.82,UPI,4,1,0.25,0,1,TIER_1_METRO,0.826,3,1,3,1
ord_11003171,cust_352196,3208.53,COD,0,0,0.0,1,3,TIER_2,0.941,2,1,17,1
ord_16017004,cust_585998,1289.46,UPI,4,0,0.0,0,1,TIER_1_METRO,0.804,0,2,10,0
ord_37780899,cust_782743,823.97,CARD,0,0,0.0,1,1,TIER_2,0.875,1,1,2,0
ord_14846936,cust_870833,1185.01,COD,3,1,0.3333,0,1,TIER_3_HIGH_RISK,0.354,1,2,14,1
ord_59437614,cust_893720,900.6,UPI,3,0,0.0,0,1,TIER_2,0.824,0,3,9,0
ord_58681267,cust_709342,1140.58,COD,0,0,0.0,1,4,TIER_2,0.876,0,5,13,1
ord_47177857,cust_647057,1692.08,COD,2,0,0.0,0,1,TIER_2,0.826,0,4,15,0
ord_25814828,cust_473539,2397.84,UPI,5,0,0.0,0,1,TIER_1_METRO,0.74,0,3,19,0
ord_31284383,cust_176497,1672.85,COD,0,0,0.0,1,3,TIER_3_HIGH_RISK,0.502,0,1,19,0
ord_33711279,cust_459225,4401.58,COD,25,2,0.08,0,1,TIER_1_METRO,0.822,3,1,3,1
ord_95218477,cust_191291,442.24,UPI,3,0,0.0,0,1,TIER_3_HIGH_RISK,0.397,0,2,20,0
ord_15872354,cust_192199,2229.15,COD,0,0,0.0,1,1,TIER_2,0.91,0,1,13,0
ord_37259197,cust_233407,1775.41,CARD,5,0,0.0,0,1,TIER_2,0.549,0,1,2,0
ord_97991593,cust_174783,1160.41,NETBANKING,3,0,0.0,0,1,TIER_1_METRO,0.741,0,1,4,0
ord_64079037,cust_136509,2362.35,COD,0,0,0.0,1,1,TIER_3_HIGH_RISK,0.661,0,2,2,1
ord_43857878,cust_984761,748.3,UPI,12,0,0.0,0,1,TIER_3_HIGH_RISK,0.624,1,1,15,0
ord_65771029,cust_884402,1767.59,NETBANKING,0,0,0.0,1,1,TIER_1_METRO,0.755,1,2,22,0
ord_76666592,cust_481047,765.51,COD,6,1,0.1667,0,1,TIER_2,0.811,1,2,16,1
ord_31672156,cust_635872,249.0,COD,9,0,0.0,0,1,TIER_2,0.752,0,1,14,0
ord_23224541,cust_738435,350.11,UPI,6,0,0.0,0,1,TIER_1_METRO,0.877,0,1,9,0
ord_57928611,cust_775053,249.0,COD,15,0,0.0,0,1,TIER_2,0.811,1,1,13,0
ord_27270712,cust_710357,2870.93,COD,0,0,0.0,1,1,TIER_3_HIGH_RISK,0.686,2,1,22,1
ord_70923719,cust_380866,470.78,COD,0,0,0.0,1,1,TIER_2,0.699,0,1,7,1
ord_32432851,cust_475926,1964.76,UPI,0,0,0.0,1,2,TIER_1_METRO,0.85,0,1,13,0
ord_42446436,cust_345741,3740.0,COD,3,0,0.0,0,1,TIER_2,0.71,1,2,10,1
ord_18371223,cust_747049,1087.87,COD,4,0,0.0,0,1,TIER_2,0.798,1,1,19,0
ord_35687139,cust_188560,1810.69,UPI,11,1,0.0909,0,1,TIER_3_HIGH_RISK,0.786,0,1,22,1
ord_64934254,cust_671719,249.0,UPI,0,0,0.0,1,1,TIER_1_METRO,0.872,1,2,14,0
ord_75969098,cust_105397,2295.74,UPI,14,4,0.2857,0,1,TIER_1_METRO,0.889,0,1,1,0
ord_23834629,cust_134307,507.69,COD,3,0,0.0,0,1,TIER_3_HIGH_RISK,0.737,1,1,15,1
ord_38797372,cust_767429,562.17,COD,0,0,0.0,1,1,TIER_2,0.917,2,2,7,0
ord_83622095,cust_166107,3811.54,COD,0,0,0.0,1,2,TIER_2,0.734,0,1,3,1
ord_77762681,cust_629848,965.51,COD,10,0,0.0,0,1,TIER_1_METRO,0.776,2,1,19,0
ord_60281422,cust_988908,390.01,COD,7,0,0.0,0,1,TIER_1_METRO,0.825,0,1,10,0
ord_38356738,cust_156790,2408.36,COD,0,0,0.0,1,1,TIER_3_HIGH_RISK,0.499,2,1,5,1
ord_71065507,cust_649634,1052.92,UPI,5,0,0.0,0,1,TIER_1_METRO,0.442,1,2,15,0
ord_12422952,cust_662980,1694.79,UPI,0,0,0.0,1,1,TIER_1_METRO,0.687,2,1,23,1
ord_92553680,cust_814968,745.84,CARD,1,1,1.0,0,1,TIER_1_METRO,0.718,1,3,8,0
ord_48733084,cust_996147,1627.27,COD,12,1,0.0833,0,1,TIER_1_METRO,0.944,0,1,3,0
ord_16060297,cust_622040,413.35,COD,0,0,0.0,1,1,TIER_1_METRO,0.895,2,5,15,1
ord_15926069,cust_763110,1612.72,UPI,23,0,0.0,0,1,TIER_1_METRO,0.86,0,2,13,0
ord_97963491,cust_700790,2425.25,COD,0,0,0.0,1,1,TIER_1_METRO,0.829,1,1,7,0
ord_27653254,cust_195368,1725.48,UPI,12,0,0.0,0,1,TIER_3_HIGH_RISK,0.784,0,2,1,0
ord_23343855,cust_418629,2195.55,COD,0,0,0.0,1,1,TIER_3_HIGH_RISK,0.661,0,1,13,1
ord_13792824,cust_827952,2049.64,UPI,0,0,0.0,1,2,TIER_1_METRO,0.822,0,1,13,0
ord_98215346,cust_737826,616.98,CARD,9,2,0.2222,0,2,TIER_1_METRO,0.944,1,3,5,0
ord_29535782,cust_847812,835.55,COD,6,0,0.0,0,1,TIER_3_HIGH_RISK,0.724,0,2,21,1
ord_60973110,cust_926164,4432.71,COD,0,0,0.0,1,1,TIER_1_METRO,0.716,3,1,17,1
ord_96808069,cust_659013,1174.31,UPI,6,0,0.0,0,1,TIER_3_HIGH_RISK,0.467,1,1,21,1
ord_92008891,cust_704065,632.68,UPI,2,0,0.0,0,1,TIER_1_METRO,0.6,0,1,7,0
ord_39370827,cust_528813,249.0,COD,0,0,0.0,1,1,TIER_3_HIGH_RISK,0.559,0,1,17,1
ord_22563926,cust_277452,814.71,UPI,3,0,0.0,0,1,TIER_3_HIGH_RISK,0.719,0,1,9,0
ord_77396419,cust_165896,275.12,COD,0,0,0.0,1,1,TIER_1_METRO,0.804,0,8,18,0
ord_70190273,cust_582793,3056.07,UPI,0,0,0.0,1,1,TIER_3_HIGH_RISK,0.791,0,2,22,0
ord_22350251,cust_523831,5721.22,UPI,10,0,0.0,0,1,TIER_2,0.817,1,4,2,0
ord_94007364,cust_227230,499.91,CARD,0,0,0.0,1,4,TIER_1_METRO,0.947,0,2,15,0
ord_85892270,cust_507460,3803.01,UPI,0,0,0.0,1,1,TIER_1_METRO,0.664,0,2,22,0
ord_83601786,cust_313630,1269.33,CARD,5,0,0.0,0,2,TIER_2,0.752,0,2,8,0
ord_34823750,cust_916678,851.53,NETBANKING,6,0,0.0,0,7,TIER_2,0.766,0,1,10,0
ord_66861493,cust_626406,740.24,COD,0,0,0.0,1,1,TIER_1_METRO,0.911,0,1,17,0
ord_55894422,cust_383878,2606.06,CARD,1,0,0.0,0,1,TIER_2,0.93,0,1,6,0
ord_96594748,cust_187630,12892.11,COD,10,0,0.0,0,1,TIER_2,0.735,1,1,16,0
ord_16775996,cust_428391,1152.99,UPI,12,1,0.0833,0,2,TIER_1_METRO,0.442,2,2,20,0
ord_33553648,cust_772661,1737.2,COD,8,0,0.0,0,1,TIER_1_METRO,0.629,1,1,21,0
ord_65478034,cust_236774,330.72,COD,0,0,0.0,1,1,TIER_3_HIGH_RISK,0.769,2,1,12,1
ord_48901821,cust_813962,696.69,COD,9,0,0.0,0,1,TIER_1_METRO,0.917,2,1,13,0
ord_64312696,cust_420687,635.8,UPI,0,0,0.0,1,2,TIER_2,0.921,0,2,9,0
ord_48294580,cust_352536,2092.51,UPI,7,0,0.0,0,1,TIER_1_METRO,0.716,1,2,14,0
ord_32468492,cust_345340,2456.14,CARD,4,1,0.25,0,1,TIER_2,0.728,0,4,19,0
ord_83108430,cust_534789,496.99,UPI,0,0,0.0,1,1,TIER_3_HIGH_RISK,0.756,1,1,2,0
ord_69276366,cust_534417,2535.96,COD,0,0,0.0,1,1,TIER_2,0.896,0,4,9,1
ord_58494716,cust_842441,2183.81,UPI,2,0,0.0,0,1,TIER_2,0.868,2,5,4,0
ord_45610155,cust_130982,629.41,UPI,10,0,0.0,0,1,TIER_3_HIGH_RISK,0.639,0,1,1,0
ord_29796900,cust_970691,1108.05,UPI,4,0,0.0,0,2,TIER_3_HIGH_RISK,0.726,0,1,5,0
ord_47720199,cust_427670,1383.07,CARD,0,0,0.0,1,1,TIER_2,0.826,3,2,2,0
ord_24354489,cust_853222,1689.15,COD,0,0,0.0,1,1,TIER_1_METRO,0.788,0,2,5,0
ord_78092995,cust_120180,709.66,UPI,8,0,0.0,0,1,TIER_1_METRO,0.96,1,4,20,0
ord_74919038,cust_991293,608.03,COD,0,0,0.0,1,1,TIER_2,0.862,1,2,11,1
ord_94330954,cust_295346,2412.94,UPI,1,0,0.0,0,1,TIER_2,0.96,0,1,11,0
ord_52155894,cust_392940,3064.03,UPI,0,0,0.0,1,4,TIER_1_METRO,0.703,2,1,15,0
ord_17666001,cust_901060,724.83,UPI,17,0,0.0,0,2,TIER_1_METRO,0.963,2,1,0,0
ord_84285049,cust_269091,2868.34,UPI,8,0,0.0,0,1,TIER_1_METRO,0.71,0,1,20,0
ord_28392836,cust_906070,494.69,UPI,0,0,0.0,1,1,TIER_1_METRO,0.872,3,1,12,0
ord_58705554,cust_832855,3559.94,UPI,3,0,0.0,0,1,TIER_2,0.865,2,1,23,0
ord_17667857,cust_763777,3404.88,CARD,2,0,0.0,0,1,TIER_3_HIGH_RISK,0.695,0,1,18,0
ord_87633091,cust_196917,715.79,CARD,0,0,0.0,1,1,TIER_3_HIGH_RISK,0.807,0,1,14,0
ord_26912586,cust_471735,967.86,UPI,5,0,0.0,0,1,TIER_1_METRO,0.835,1,3,13,0
ord_93379811,cust_596221,908.25,UPI,0,0,0.0,1,1,TIER_2,0.443,0,1,12,1
ord_35861356,cust_824945,1403.44,COD,0,0,0.0,1,2,TIER_1_METRO,0.906,3,1,23,0
ord_44206848,cust_688162,2091.84,CARD,11,0,0.0,0,1,TIER_1_METRO,0.855,1,2,16,0
ord_97814287,cust_836725,1947.1,CARD,5,0,0.0,0,3,TIER_2,0.804,0,1,6,0
ord_37205260,cust_644175,1611.79,UPI,2,0,0.0,0,2,TIER_3_HIGH_RISK,0.59,0,1,12,0
ord_12966422,cust_447455,1938.52,CARD,0,0,0.0,1,2,TIER_2,0.526,2,1,10,1
ord_53640858,cust_470425,1584.38,UPI,0,0,0.0,1,1,TIER_3_HIGH_RISK,0.739,0,1,16,0
ord_98286211,cust_115213,1209.35,COD,6,0,0.0,0,2,TIER_3_HIGH_RISK,0.522,1,1,14,1
ord_92235366,cust_796001,271.86,NETBANKING,10,2,0.2,0,1,TIER_2,0.88,1,1,9,0
ord_54054178,cust_206734,553.96,COD,6,2,0.3333,0,2,TIER_1_METRO,0.533,0,1,6,1
ord_25599691,cust_114425,888.46,UPI,5,3,0.6,0,2,TIER_1_METRO,0.703,1,1,15,0
ord_24444292,cust_909903,2580.06,COD,0,0,0.0,1,1,TIER_1_METRO,0.606,1,2,0,0
ord_46975535,cust_422547,2869.42,COD,3,0,0.0,0,1,TIER_1_METRO,0.969,1,2,7,0
ord_87809459,cust_567997,3418.78,COD,11,0,0.0,0,1,TIER_2,0.736,1,1,16,0
ord_53210443,cust_376570,1860.26,UPI,1,0,0.0,0,1,TIER_1_METRO,0.862,1,3,4,0
ord_71468641,cust_508540,249.0,COD,0,0,0.0,1,2,TIER_1_METRO,0.852,1,1,22,0
ord_53689237,cust_993359,2416.39,COD,15,1,0.0667,0,1,TIER_2,0.74,2,1,1,0
ord_48067502,cust_474684,1059.91,COD,2,1,0.5,0,2,TIER_2,0.752,0,1,16,0
ord_23027415,cust_264411,3122.4,UPI,0,0,0.0,1,2,TIER_1_METRO,0.809,0,2,11,0
ord_71108534,cust_130881,1784.93,UPI,6,0,0.0,0,1,TIER_3_HIGH_RISK,0.7,0,4,2,0
ord_74413145,cust_434796,786.22,COD,0,0,0.0,1,1,TIER_1_METRO,0.358,0,1,13,0
ord_77916264,cust_150093,1805.94,UPI,7,0,0.0,0,1,TIER_1_METRO,0.697,0,1,19,0
ord_87468612,cust_561003,6674.27,CARD,0,0,0.0,1,1,TIER_2,0.865,0,1,10,0
ord_59028538,cust_957017,275.04,COD,0,0,0.0,1,1,TIER_2,0.977,2,4,10,0
ord_88879051,cust_196666,778.33,COD,0,0,0.0,1,1,TIER_1_METRO,0.633,0,1,23,1
ord_82319630,cust_755483,2219.63,COD,0,0,0.0,1,2,TIER_2,0.75,0,1,13,1
ord_49787171,cust_389943,355.37,COD,0,0,0.0,1,1,TIER_1_METRO,0.796,0,1,12,0
ord_21186361,cust_574329,4000.86,UPI,13,1,0.0769,0,2,TIER_2,0.755,0,1,12,0
ord_24512253,cust_433175,1198.9,COD,0,0,0.0,1,1,TIER_2,0.818,0,3,21,0
ord_73635635,cust_231086,5123.99,CARD,2,0,0.0,0,1,TIER_1_METRO,0.754,1,1,15,0
ord_29544473,cust_739695,851.87,UPI,3,0,0.0,0,1,TIER_1_METRO,0.902,0,1,17,0
ord_93665691,cust_952902,1153.93,COD,2,0,0.0,0,1,TIER_1_METRO,0.426,2,1,23,1
ord_87752208,cust_311177,2471.72,COD,4,0,0.0,0,1,TIER_1_METRO,0.608,0,1,12,0
ord_63815626,cust_263935,1624.17,CARD,0,0,0.0,1,1,TIER_1_METRO,0.768,0,1,7,0
ord_28892008,cust_326845,249.0,COD,0,0,0.0,1,3,TIER_3_HIGH_RISK,0.483,0,1,10,1
ord_86350218,cust_751336,968.68,UPI,6,0,0.0,0,1,TIER_1_METRO,0.818,1,1,21,0
ord_71218834,cust_457970,707.61,UPI,0,0,0.0,1,2,TIER_2,0.831,0,8,3,1
ord_10987938,cust_454943,1848.53,UPI,19,0,0.0,0,1,TIER_1_METRO,0.954,2,1,1,0
ord_21021186,cust_725070,1181.5,CARD,9,0,0.0,0,1,TIER_2,0.886,2,3,5,0
ord_45641433,cust_405262,1561.08,COD,18,0,0.0,0,2,TIER_2,0.803,0,2,5,0
ord_25534442,cust_357391,554.75,COD,5,0,0.0,0,1,TIER_3_HIGH_RISK,0.44,1,1,17,0
ord_22044455,cust_928460,482.59,COD,6,0,0.0,0,1,TIER_1_METRO,0.665,0,1,15,0
ord_93377781,cust_312465,1917.19,UPI,2,0,0.0,0,1,TIER_1_METRO,0.711,0,2,4,0
ord_16557734,cust_422233,1849.23,COD,4,0,0.0,0,1,TIER_2,0.647,0,1,0,0
ord_75147544,cust_598905,541.83,UPI,3,1,0.3333,0,2,TIER_3_HIGH_RISK,0.466,0,5,22,0
ord_89721839,cust_569311,481.62,COD,0,0,0.0,1,1,TIER_2,0.696,0,1,13,0
ord_14981505,cust_599264,3099.48,COD,7,0,0.0,0,1,TIER_2,0.873,1,2,16,0
ord_35350039,cust_553928,1242.07,COD,14,3,0.2143,0,1,TIER_1_METRO,0.951,0,1,17,0
ord_45502493,cust_979947,3758.56,CARD,9,1,0.1111,0,1,TIER_3_HIGH_RISK,0.589,0,1,9,1
ord_52812443,cust_540566,698.25,COD,14,0,0.0,0,1,TIER_1_METRO,0.973,1,1,11,1
ord_24063918,cust_829714,1451.59,COD,0,0,0.0,1,1,TIER_1_METRO,0.72,2,1,19,0
ord_26202721,cust_717945,740.87,COD,5,0,0.0,0,1,TIER_1_METRO,0.928,2,2,19,0
ord_88352363,cust_999997,1564.94,UPI,0,0,0.0,1,1,TIER_1_METRO,0.871,0,1,14,0
ord_87880464,cust_817653,2812.74,UPI,2,0,0.0,0,1,TIER_1_METRO,0.737,2,1,9,0
ord_25005563,cust_409065,772.25,COD,0,0,0.0,1,1,TIER_1_METRO,0.937,0,1,21,0
ord_21233080,cust_676618,1159.49,UPI,7,2,0.2857,0,1,TIER_1_METRO,0.467,1,2,16,0
ord_67209134,cust_837563,859.15,COD,0,0,0.0,1,1,TIER_1_METRO,0.745,0,1,3,0
ord_11132658,cust_384839,2007.19,COD,2,0,0.0,0,1,TIER_2,0.925,1,2,3,0
ord_50870096,cust_984248,1198.02,COD,7,0,0.0,0,2,TIER_3_HIGH_RISK,0.838,0,1,10,1
ord_43523310,cust_918838,817.25,COD,0,0,0.0,1,1,TIER_1_METRO,0.676,1,1,0,0
ord_65280248,cust_411095,2006.29,COD,0,0,0.0,1,1,TIER_2,0.614,0,1,6,1
ord_51819037,cust_995554,1833.4,UPI,0,0,0.0,1,1,TIER_1_METRO,0.894,3,2,21,0
ord_71452057,cust_151150,472.11,UPI,0,0,0.0,1,1,TIER_1_METRO,0.951,0,1,9,0
ord_42843745,cust_623136,1329.46,COD,7,0,0.0,0,1,TIER_2,0.583,0,3,14,0
ord_61954211,cust_891709,717.75,UPI,1,0,0.0,0,2,TIER_1_METRO,0.933,0,1,22,0
ord_65608376,cust_202420,1398.68,COD,0,0,0.0,1,1,TIER_1_METRO,0.384,0,1,21,0
ord_83525979,cust_270110,1856.97,COD,4,0,0.0,0,1,TIER_1_METRO,0.93,0,1,6,0
ord_62295219,cust_541719,1346.04,COD,11,0,0.0,0,1,TIER_1_METRO,0.888,0,2,10,0
ord_12821105,cust_781066,689.47,UPI,16,0,0.0,0,1,TIER_2,0.814,0,2,21,0
ord_60171169,cust_994387,547.1,COD,0,0,0.0,1,1,TIER_2,0.925,1,1,18,0
ord_41168629,cust_966938,588.59,COD,0,0,0.0,1,1,TIER_3_HIGH_RISK,0.239,0,2,5,1
ord_43417989,cust_883238,1024.92,UPI,1,0,0.0,0,1,TIER_1_METRO,0.816,2,1,2,0
ord_21082322,cust_971887,1868.14,COD,4,0,0.0,0,1,TIER_2,0.641,0,1,10,0
ord_47697835,cust_458278,277.7,UPI,6,2,0.3333,0,1,TIER_2,0.781,1,3,3,1
ord_69040354,cust_247511,2784.43,CARD,2,0,0.0,0,1,TIER_3_HIGH_RISK,0.663,1,1,12,1
ord_31725224,cust_988465,1405.61,UPI,4,0,0.0,0,3,TIER_1_METRO,0.835,1,1,21,0
ord_74694370,cust_939052,3407.16,COD,9,0,0.0,0,1,TIER_3_HIGH_RISK,0.668,2,5,18,0
ord_28757506,cust_315547,681.41,CARD,4,0,0.0,0,1,TIER_1_METRO,0.699,0,1,3,0
ord_49367797,cust_506497,955.1,COD,0,0,0.0,1,1,TIER_1_METRO,0.797,0,1,11,0
ord_95719690,cust_657258,1360.46,CARD,3,0,0.0,0,1,TIER_1_METRO,0.935,2,1,4,0
ord_82079673,cust_689911,698.36,UPI,0,0,0.0,1,2,TIER_2,0.713,1,1,15,0
ord_28722753,cust_183557,1805.74,COD,10,0,0.0,0,1,TIER_2,0.745,0,3,9,0
ord_54079273,cust_689840,10286.32,UPI,15,0,0.0,0,1,TIER_1_METRO,0.69,0,2,18,0
ord_10628373,cust_940141,5117.85,UPI,0,0,0.0,1,1,TIER_1_METRO,0.671,0,1,13,0
ord_30660640,cust_148500,2011.1,CARD,2,0,0.0,0,1,TIER_1_METRO,0.778,2,4,2,0
ord_24932920,cust_355665,1379.46,UPI,13,0,0.0,0,1,TIER_3_HIGH_RISK,0.793,2,1,19,0
ord_49078064,cust_766079,771.07,COD,0,0,0.0,1,1,TIER_2,0.788,2,1,4,1
ord_50869327,cust_435335,592.88,CARD,0,0,0.0,1,2,TIER_1_METRO,0.829,0,3,12,0
ord_33556913,cust_204319,618.22,COD,11,0,0.0,0,1,TIER_2,0.898,1,4,14,0
ord_96717649,cust_378137,1139.4,CARD,0,0,0.0,1,1,TIER_3_HIGH_RISK,0.605,1,1,12,1
ord_27729610,cust_134533,1183.57,UPI,0,0,0.0,1,1,TIER_2,0.955,0,1,7,1
ord_81769893,cust_809697,2218.52,CARD,0,0,0.0,1,1,TIER_1_METRO,0.781,2,3,4,0
ord_77626790,cust_694802,1700.94,COD,13,0,0.0,0,1,TIER_2,0.365,0,3,7,0
ord_98235105,cust_346921,2302.73,CARD,0,0,0.0,1,1,TIER_1_METRO,0.867,0,2,21,0
ord_38726098,cust_391663,568.94,UPI,0,0,0.0,1,3,TIER_2,0.95,0,1,17,0
ord_26072326,cust_771813,1245.44,COD,0,0,0.0,1,1,TIER_2,0.629,1,8,4,1
ord_93693046,cust_768859,5597.4,UPI,3,0,0.0,0,1,TIER_1_METRO,0.626,0,1,4,0
ord_60059594,cust_543838,4058.34,CARD,19,3,0.1579,0,1,TIER_3_HIGH_RISK,0.718,1,3,4,1
ord_21055361,cust_495799,2320.45,COD,0,0,0.0,1,1,TIER_1_METRO,0.697,3,1,12,1
ord_21654304,cust_148720,2150.28,UPI,10,0,0.0,0,1,TIER_1_METRO,0.813,0,1,4,0
ord_54564078,cust_688826,1600.69,COD,0,0,0.0,1,1,TIER_1_METRO,0.551,0,1,12,0
ord_69387253,cust_132646,627.57,COD,1,0,0.0,0,1,TIER_3_HIGH_RISK,0.754,0,1,7,1
ord_19455545,cust_907361,1180.59,UPI,4,0,0.0,0,2,TIER_1_METRO,0.687,0,4,16,0
ord_62764241,cust_556435,826.58,COD,5,0,0.0,0,4,TIER_1_METRO,0.837,0,1,9,0
ord_29397125,cust_868748,462.84,COD,0,0,0.0,1,1,TIER_2,0.932,0,5,6,1
ord_13568125,cust_626708,4621.17,COD,3,0,0.0,0,1,TIER_2,0.626,0,1,7,1
ord_96835361,cust_705731,3444.67,UPI,0,0,0.0,1,1,TIER_1_METRO,0.903,0,1,17,0
ord_99071055,cust_662270,468.89,UPI,13,0,0.0,0,1,TIER_1_METRO,0.841,0,2,3,0
ord_33767091,cust_751006,4640.58,CARD,3,0,0.0,0,1,TIER_1_METRO,0.813,0,3,15,0
ord_15088539,cust_787477,2247.09,UPI,13,0,0.0,0,1,TIER_2,0.38,2,1,21,1
ord_73813565,cust_622349,1069.26,COD,0,0,0.0,1,1,TIER_1_METRO,0.605,1,2,9,0
ord_10285711,cust_190388,3919.54,UPI,0,0,0.0,1,1,TIER_2,0.717,1,2,3,0
ord_98502247,cust_859592,3807.76,COD,2,0,0.0,0,1,TIER_2,0.872,1,1,3,0
ord_26796693,cust_618567,956.56,CARD,3,0,0.0,0,1,TIER_2,0.978,1,1,11,0
ord_81698233,cust_271003,513.98,COD,8,4,0.5,0,1,TIER_2,0.737,2,8,2,1
ord_78843305,cust_898449,886.38,UPI,0,0,0.0,1,1,TIER_3_HIGH_RISK,0.663,0,2,6,0
ord_10797968,cust_627109,821.44,COD,0,0,0.0,1,1,TIER_1_METRO,0.583,0,1,1,0
ord_88376670,cust_537599,3263.67,COD,0,0,0.0,1,1,TIER_2,0.665,0,4,16,1
ord_43384116,cust_327818,592.07,COD,0,0,0.0,1,1,TIER_2,0.919,0,1,9,1
ord_67658082,cust_838006,1201.06,UPI,15,5,0.3333,0,1,TIER_3_HIGH_RISK,0.751,0,3,22,1
ord_46269092,cust_808636,2874.2,UPI,0,0,0.0,1,1,TIER_3_HIGH_RISK,0.7,0,1,0,0
ord_51330304,cust_624814,1139.17,NETBANKING,0,0,0.0,1,1,TIER_1_METRO,0.744,0,2,15,0
ord_65723671,cust_405480,436.79,CARD,0,0,0.0,1,1,TIER_1_METRO,0.917,0,1,6,0
ord_23679946,cust_959366,364.97,COD,0,0,0.0,1,1,TIER_1_METRO,0.88,1,3,5,0
ord_87139897,cust_231241,768.28,UPI,0,0,0.0,1,1,TIER_2,0.813,1,2,7,1
ord_85082019,cust_825705,1686.83,COD,0,0,0.0,1,3,TIER_1_METRO,0.851,0,5,3,1
ord_34192961,cust_690282,1417.78,UPI,9,0,0.0,0,1,TIER_1_METRO,0.789,0,1,13,0
ord_97044626,cust_187367,446.68,UPI,0,0,0.0,1,1,TIER_2,0.833,1,1,16,0
ord_62498002,cust_131854,863.86,COD,4,0,0.0,0,1,TIER_1_METRO,0.727,0,1,14,0
ord_30080580,cust_529586,927.64,COD,0,0,0.0,1,1,TIER_1_METRO,0.825,0,1,10,0
ord_47629773,cust_142044,865.02,NETBANKING,4,0,0.0,0,1,TIER_1_METRO,0.55,2,4,12,0
ord_15121632,cust_756504,2853.5,UPI,0,0,0.0,1,1,TIER_2,0.774,0,2,13,0
ord_78394024,cust_403374,6157.81,NETBANKING,0,0,0.0,1,1,TIER_1_METRO,0.724,1,1,1,0
ord_63428398,cust_103654,1206.67,COD,10,0,0.0,0,2,TIER_1_METRO,0.569,2,1,4,0
ord_75438362,cust_692947,807.67,COD,0,0,0.0,1,2,TIER_2,0.927,1,2,8,0
ord_96708216,cust_112442,3522.06,UPI,7,0,0.0,0,1,TIER_3_HIGH_RISK,0.765,0,2,14,0
ord_35787355,cust_524446,858.54,UPI,0,0,0.0,1,1,TIER_1_METRO,0.752,0,1,8,0
ord_67245800,cust_345170,962.5,NETBANKING,2,1,0.5,0,2,TIER_2,0.68,0,2,9,0
ord_58845407,cust_652845,3830.49,COD,0,0,0.0,1,1,TIER_1_METRO,0.898,0,2,19,0
ord_33020885,cust_607099,2987.75,COD,0,0,0.0,1,1,TIER_1_METRO,0.772,1,1,19,1
ord_11380188,cust_561696,4363.81,NETBANKING,1,0,0.0,0,1,TIER_2,0.759,1,1,2,0
ord_11839968,cust_456064,5127.84,CARD,9,0,0.0,0,1,TIER_2,0.845,0,4,2,0
ord_68459326,cust_351585,3512.77,COD,9,3,0.3333,0,1,TIER_2,0.945,0,1,7,1
ord_49623167,cust_725671,1723.65,CARD,0,0,0.0,1,1,TIER_2,0.811,0,5,16,0
ord_15845447,cust_707612,2219.32,COD,0,0,0.0,1,1,TIER_3_HIGH_RISK,0.486,1,1,9,1
ord_32961593,cust_814095,267.56,CARD,16,7,0.4375,0,1,TIER_1_METRO,0.889,0,1,15,0
ord_13352214,cust_876691,485.29,COD,3,0,0.0,0,1,TIER_1_METRO,0.897,3,2,21,0
ord_61492716,cust_754433,1582.14,UPI,0,0,0.0,1,1,TIER_2,0.671,0,2,22,1
ord_11977247,cust_983372,1325.04,UPI,0,0,0.0,1,5,TIER_1_METRO,0.848,1,1,15,1
ord_24716532,cust_665892,1612.65,COD,0,0,0.0,1,1,TIER_2,0.853,0,2,9,0
ord_10994199,cust_996681,412.43,COD,4,0,0.0,0,1,TIER_2,0.914,0,2,23,1
ord_55545724,cust_533632,2042.35,UPI,0,0,0.0,1,1,TIER_1_METRO,0.77,0,1,22,0
ord_88454607,cust_692050,3016.81,COD,9,2,0.2222,0,1,TIER_2,0.444,2,1,0,1
ord_52864503,cust_660375,377.6,COD,13,1,0.0769,0,1,TIER_1_METRO,0.787,1,3,16,0
ord_86893497,cust_104521,923.61,UPI,0,0,0.0,1,3,TIER_1_METRO,0.777,0,1,16,1
ord_85902244,cust_534448,2221.23,UPI,8,0,0.0,0,1,TIER_2,0.911,0,1,9,0
ord_75098467,cust_680356,1198.6,NETBANKING,2,0,0.0,0,1,TIER_1_METRO,0.792,0,1,2,0
ord_21509800,cust_375894,1821.11,CARD,7,1,0.1429,0,1,TIER_1_METRO,0.825,1,2,12,0
ord_20680555,cust_692239,1968.26,COD,18,0,0.0,0,1,TIER_1_METRO,0.606,0,1,11,0
ord_29801087,cust_418149,1258.77,COD,21,1,0.0476,0,2,TIER_2,0.832,1,1,8,0
ord_38576855,cust_214433,1073.73,COD,2,0,0.0,0,1,TIER_1_METRO,0.802,2,2,13,0
ord_24693325,cust_385701,271.46,COD,2,1,0.5,0,1,TIER_1_METRO,0.794,0,2,23,1
ord_99902368,cust_740143,861.64,CARD,2,0,0.0,0,1,TIER_2,0.591,2,1,18,0
ord_34115111,cust_634022,4557.3,UPI,0,0,0.0,1,1,TIER_3_HIGH_RISK,0.391,0,4,18,0
ord_89090817,cust_909423,1189.4,COD,0,0,0.0,1,1,TIER_1_METRO,0.441,0,1,21,1
ord_98934079,cust_354295,971.74,UPI,1,0,0.0,0,1,TIER_2,0.854,0,1,5,0
ord_79510974,cust_814588,4088.29,NETBANKING,0,0,0.0,1,2,TIER_1_METRO,0.535,0,1,23,0
ord_42576169,cust_916831,902.67,CARD,0,0,0.0,1,1,TIER_1_METRO,0.61,0,1,9,0
ord_50170352,cust_859106,1194.33,UPI,6,0,0.0,0,3,TIER_2,0.835,0,1,0,0
ord_52704694,cust_364966,1159.15,COD,19,0,0.0,0,1,TIER_2,0.643,1,2,18,0
ord_38707964,cust_241043,433.38,COD,0,0,0.0,1,1,TIER_1_METRO,0.728,1,4,3,0
ord_60829267,cust_339066,1224.32,UPI,7,2,0.2857,0,1,TIER_3_HIGH_RISK,0.873,3,1,15,1
ord_68308776,cust_778822,2400.71,COD,6,0,0.0,0,2,TIER_3_HIGH_RISK,0.64,1,2,21,1
ord_25251348,cust_904491,1924.36,UPI,0,0,0.0,1,1,TIER_1_METRO,0.886,1,1,16,0
ord_39124900,cust_143794,865.54,COD,0,0,0.0,1,1,TIER_1_METRO,0.8,0,3,15,0
ord_71983306,cust_964144,1357.5,COD,28,0,0.0,0,1,TIER_3_HIGH_RISK,0.675,0,1,23,0
ord_26585982,cust_335430,898.23,UPI,0,0,0.0,1,1,TIER_1_METRO,0.637,0,1,14,0
ord_62496899,cust_371767,818.17,CARD,5,0,0.0,0,1,TIER_2,0.6,2,2,9,0
ord_51542436,cust_935669,4525.39,COD,4,0,0.0,0,1,TIER_2,0.782,1,2,10,0
ord_37664038,cust_693571,1109.67,UPI,7,0,0.0,0,1,TIER_3_HIGH_RISK,0.615,0,4,19,1
ord_74429915,cust_748333,4359.35,CARD,3,0,0.0,0,2,TIER_3_HIGH_RISK,0.684,0,1,17,1
ord_96889305,cust_508107,2688.23,COD,0,0,0.0,1,1,TIER_1_METRO,0.776,0,2,19,0
ord_44612312,cust_322261,3588.1,COD,0,0,0.0,1,1,TIER_3_HIGH_RISK,0.627,1,1,5,1
ord_24058702,cust_764703,861.41,COD,13,1,0.0769,0,1,TIER_1_METRO,0.776,1,1,12,1
ord_97833141,cust_880882,1018.83,COD,4,0,0.0,0,1,TIER_3_HIGH_RISK,0.583,0,2,4,0
ord_78802303,cust_493345,1585.81,UPI,8,1,0.125,0,1,TIER_1_METRO,0.702,0,3,21,0
ord_18796015,cust_696575,610.88,UPI,2,0,0.0,0,2,TIER_1_METRO,0.623,1,3,7,0
ord_87575510,cust_815597,1734.2,COD,6,0,0.0,0,2,TIER_1_METRO,0.8,0,1,7,0
ord_21579149,cust_256308,1403.2,COD,1,0,0.0,0,1,TIER_3_HIGH_RISK,0.489,2,1,12,1
ord_16914996,cust_248010,2712.24,COD,9,0,0.0,0,2,TIER_2,0.944,0,1,13,0
ord_65495163,cust_391168,1282.72,UPI,0,0,0.0,1,1,TIER_3_HIGH_RISK,0.803,0,1,5,0
ord_94806839,cust_158791,1365.15,COD,9,0,0.0,0,1,TIER_2,0.849,2,1,5,0
ord_72697275,cust_585940,3639.49,UPI,0,0,0.0,1,1,TIER_1_METRO,0.754,0,1,19,0
ord_56510960,cust_853702,1647.7,NETBANKING,0,0,0.0,1,1,TIER_2,0.955,0,1,19,0
ord_10734275,cust_677907,1466.81,UPI,0,0,0.0,1,1,TIER_1_METRO,0.825,1,5,17,0
ord_95497001,cust_308974,1029.66,CARD,0,0,0.0,1,1,TIER_2,0.613,2,1,9,0
ord_47362714,cust_396695,642.66,COD,0,0,0.0,1,3,TIER_2,0.697,0,1,13,1
ord_67868029,cust_837897,2111.22,COD,10,0,0.0,0,1,TIER_2,0.821,0,1,15,1
ord_16739013,cust_142771,388.92,CARD,16,1,0.0625,0,2,TIER_3_HIGH_RISK,0.552,0,1,7,0
ord_56585219,cust_357471,3838.96,COD,2,1,0.5,0,1,TIER_2,0.738,2,3,13,1
ord_55447478,cust_827245,6265.39,COD,2,0,0.0,0,1,TIER_1_METRO,0.943,0,1,6,0
ord_18593059,cust_325683,2081.31,COD,5,0,0.0,0,1,TIER_1_METRO,0.717,1,2,18,0
ord_89821627,cust_851266,1538.55,COD,12,0,0.0,0,4,TIER_1_METRO,0.933,0,1,18,1
ord_55656224,cust_313440,1492.81,CARD,0,0,0.0,1,7,TIER_1_METRO,0.631,0,1,12,0
ord_87804671,cust_948207,665.05,UPI,9,0,0.0,0,1,TIER_2,0.735,0,1,14,0
ord_55940621,cust_912081,1800.99,UPI,0,0,0.0,1,1,TIER_2,0.713,1,1,18,0
ord_82553408,cust_848470,2493.87,COD,7,0,0.0,0,1,TIER_3_HIGH_RISK,0.65,0,5,8,1
ord_84948994,cust_264818,838.12,COD,0,0,0.0,1,1,TIER_2,0.816,1,3,3,1
ord_61900771,cust_841119,1150.13,UPI,0,0,0.0,1,1,TIER_1_METRO,0.836,1,2,11,0
ord_35568906,cust_801773,430.17,COD,1,0,0.0,0,2,TIER_2,0.785,0,1,0,0
ord_69195534,cust_208924,2386.75,COD,5,0,0.0,0,2,TIER_3_HIGH_RISK,0.488,2,3,0,1
ord_77026839,cust_624645,1115.75,CARD,8,0,0.0,0,1,TIER_1_METRO,0.56,1,1,15,0
ord_92594783,cust_681890,286.75,COD,1,0,0.0,0,1,TIER_2,0.802,0,1,22,1
ord_12631550,cust_226731,4848.08,COD,4,0,0.0,0,1,TIER_2,0.831,0,1,3,0
ord_57574147,cust_892332,2278.13,COD,3,0,0.0,0,1,TIER_2,0.706,0,2,17,1
ord_71152921,cust_463211,249.0,UPI,1,0,0.0,0,4,TIER_1_METRO,0.936,0,1,13,0
ord_97879691,cust_377833,1431.03,UPI,7,0,0.0,0,3,TIER_1_METRO,0.77,0,1,13,0
ord_82073914,cust_587295,1470.0,COD,13,1,0.0769,0,1,TIER_3_HIGH_RISK,0.713,1,2,9,1
ord_33265617,cust_449942,1604.22,COD,0,0,0.0,1,1,TIER_1_METRO,0.67,0,1,2,0
ord_37217933,cust_975104,683.0,UPI,0,0,0.0,1,1,TIER_3_HIGH_RISK,0.846,1,1,6,1
ord_12364840,cust_864323,3380.2,COD,0,0,0.0,1,1,TIER_3_HIGH_RISK,0.809,2,1,19,0
ord_62768549,cust_160428,3171.25,COD,14,2,0.1429,0,4,TIER_2,0.887,0,1,20,1
ord_47967791,cust_204755,2236.24,NETBANKING,8,1,0.125,0,1,TIER_1_METRO,0.782,0,1,11,1
ord_72434790,cust_635425,3270.95,UPI,0,0,0.0,1,1,TIER_1_METRO,0.79,0,3,19,0
ord_95438231,cust_476334,496.98,COD,8,0,0.0,0,1,TIER_1_METRO,0.858,1,1,23,0
ord_16818922,cust_724351,1550.16,UPI,11,1,0.0909,0,1,TIER_2,0.951,0,1,19,0
ord_34003801,cust_220424,523.29,CARD,0,0,0.0,1,1,TIER_3_HIGH_RISK,0.76,2,4,14,0
ord_13059867,cust_831187,1957.82,UPI,4,0,0.0,0,1,TIER_1_METRO,0.756,0,1,14,0
ord_47706383,cust_458565,779.54,CARD,4,0,0.0,0,1,TIER_1_METRO,0.696,1,1,6,0
ord_95661847,cust_410609,707.52,COD,0,0,0.0,1,1,TIER_3_HIGH_RISK,0.658,0,1,11,0
ord_30112921,cust_967493,5290.43,COD,7,1,0.1429,0,1,TIER_3_HIGH_RISK,0.332,0,1,13,1
ord_97649202,cust_756921,249.0,UPI,9,0,0.0,0,1,TIER_1_METRO,0.828,0,2,0,0
ord_26037478,cust_610452,837.47,COD,0,0,0.0,1,3,TIER_3_HIGH_RISK,0.818,0,1,22,1
ord_43400086,cust_685072,2494.96,UPI,5,0,0.0,0,1,TIER_2,0.922,0,1,11,0
ord_19397333,cust_777776,702.99,COD,0,0,0.0,1,1,TIER_2,0.91,1,1,14,1
ord_48177319,cust_121169,1862.69,UPI,0,0,0.0,1,1,TIER_2,0.897,2,1,7,0
ord_43850844,cust_506478,420.28,COD,4,0,0.0,0,1,TIER_3_HIGH_RISK,0.936,0,2,22,0
ord_67033458,cust_656459,2456.47,COD,0,0,0.0,1,1,TIER_1_METRO,0.47,0,1,5,0
ord_20019518,cust_553251,2247.19,UPI,0,0,0.0,1,1,TIER_2,0.879,2,1,14,0
ord_29433060,cust_331224,2021.99,UPI,0,0,0.0,1,3,TIER_1_METRO,0.807,0,2,17,1
ord_63989567,cust_664109,2271.98,UPI,6,0,0.0,0,1,TIER_1_METRO,0.905,0,1,13,0
ord_77696290,cust_379729,1065.84,COD,0,0,0.0,1,3,TIER_2,0.817,0,1,21,1
ord_76689168,cust_916593,4792.28,COD,8,1,0.125,0,1,TIER_3_HIGH_RISK,0.735,0,2,13,1
ord_10916094,cust_504220,1133.02,COD,4,0,0.0,0,1,TIER_1_METRO,0.817,0,1,19,0
ord_84976727,cust_484762,459.64,COD,6,1,0.1667,0,1,TIER_1_METRO,0.623,1,1,12,1
ord_53447859,cust_179606,1059.49,UPI,6,0,0.0,0,2,TIER_3_HIGH_RISK,0.41,1,3,16,0
ord_65122774,cust_608961,5311.9,COD,0,0,0.0,1,1,TIER_2,0.504,1,1,19,1
ord_61569363,cust_481150,525.62,UPI,6,0,0.0,0,1,TIER_2,0.945,2,4,16,0
ord_61643062,cust_950131,901.33,COD,3,0,0.0,0,2,TIER_2,0.799,1,1,10,0
ord_59729314,cust_506433,4930.17,COD,0,0,0.0,1,1,TIER_2,0.663,0,1,10,1
ord_19860685,cust_304818,2453.49,NETBANKING,3,2,0.6667,0,1,TIER_1_METRO,0.972,0,2,13,0
ord_82727599,cust_946299,1670.29,COD,8,0,0.0,0,1,TIER_1_METRO,0.619,0,1,6,0
ord_12675059,cust_757574,2387.35,COD,6,0,0.0,0,3,TIER_1_METRO,0.583,0,2,17,0
ord_30080139,cust_599584,1083.61,UPI,9,0,0.0,0,1,TIER_1_METRO,0.804,2,1,1,0
ord_78196105,cust_384009,2801.5,UPI,1,0,0.0,0,1,TIER_1_METRO,0.575,0,1,4,0
ord_52021153,cust_438837,814.51,UPI,6,0,0.0,0,3,TIER_1_METRO,0.612,1,1,21,0
ord_64594159,cust_723031,1091.66,UPI,4,0,0.0,0,1,TIER_2,0.461,0,2,10,0
ord_85785378,cust_990497,2500.68,COD,0,0,0.0,1,1,TIER_1_METRO,0.794,1,8,21,1
ord_54481116,cust_790690,701.31,UPI,20,0,0.0,0,1,TIER_2,0.825,1,1,19,0
ord_49788840,cust_913758,883.15,COD,10,0,0.0,0,2,TIER_3_HIGH_RISK,0.563,0,1,13,1
ord_49301804,cust_522109,2088.87,UPI,0,0,0.0,1,3,TIER_2,0.535,1,2,19,1
ord_42146888,cust_422683,5058.78,UPI,8,0,0.0,0,1,TIER_1_METRO,0.501,0,2,13,0
ord_36658609,cust_995643,1487.42,COD,16,1,0.0625,0,3,TIER_2,0.759,2,3,4,1
ord_59035647,cust_554933,685.49,UPI,0,0,0.0,1,1,TIER_3_HIGH_RISK,0.648,2,1,19,1
ord_58096263,cust_928426,1568.08,COD,6,1,0.1667,0,2,TIER_1_METRO,0.915,2,1,16,0
ord_15846866,cust_125223,411.79,UPI,5,0,0.0,0,1,TIER_1_METRO,0.774,0,1,15,0
ord_95818999,cust_170422,546.29,UPI,12,0,0.0,0,1,TIER_2,0.851,0,2,9,0
ord_46426144,cust_956306,482.75,COD,0,0,0.0,1,2,TIER_1_METRO,0.895,0,1,17,0
ord_12250477,cust_669890,2420.47,UPI,0,0,0.0,1,1,TIER_1_METRO,0.651,2,2,16,0
ord_48808656,cust_752739,1692.8,COD,0,0,0.0,1,3,TIER_1_METRO,0.816,1,2,5,1
ord_34567790,cust_827729,577.15,COD,2,0,0.0,0,1,TIER_2,0.816,1,1,13,0
ord_56433264,cust_682289,788.79,NETBANKING,0,0,0.0,1,1,TIER_1_METRO,0.852,0,1,15,0
ord_47387970,cust_650288,2500.43,UPI,0,0,0.0,1,1,TIER_1_METRO,0.837,0,3,19,0
ord_55718843,cust_785305,2943.32,COD,0,0,0.0,1,1,TIER_1_METRO,0.602,0,2,10,0
ord_66229779,cust_305377,2258.8,COD,8,0,0.0,0,1,TIER_3_HIGH_RISK,0.601,0,1,8,0
ord_12929795,cust_865647,356.93,COD,0,0,0.0,1,1,TIER_1_METRO,0.746,0,1,22,0
ord_38899148,cust_813182,590.86,UPI,0,0,0.0,1,1,TIER_3_HIGH_RISK,0.777,0,3,18,0
ord_11057980,cust_794873,2459.09,COD,8,0,0.0,0,1,TIER_1_METRO,0.852,0,1,17,0
ord_51385470,cust_551286,868.78,NETBANKING,0,0,0.0,1,1,TIER_3_HIGH_RISK,0.802,0,2,17,0
ord_95561923,cust_215158,1377.7,UPI,0,0,0.0,1,2,TIER_1_METRO,0.806,0,1,6,0
ord_89863165,cust_982980,581.21,CARD,0,0,0.0,1,1,TIER_1_METRO,0.757,2,2,1,0
ord_82017911,cust_594361,328.05,UPI,8,0,0.0,0,2,TIER_2,0.929,3,1,18,0
ord_74812392,cust_500077,2315.82,COD,0,0,0.0,1,5,TIER_1_METRO,0.538,0,1,19,1
ord_73565220,cust_911073,723.68,CARD,0,0,0.0,1,2,TIER_1_METRO,0.696,2,2,3,1
ord_41530062,cust_552655,2791.45,COD,7,0,0.0,0,1,TIER_2,0.585,0,2,23,0
ord_37298766,cust_812717,1484.4,CARD,4,0,0.0,0,1,TIER_3_HIGH_RISK,0.763,0,5,18,0
ord_62327105,cust_458316,2143.77,COD,0,0,0.0,1,1,TIER_3_HIGH_RISK,0.823,1,1,0,0
ord_28664179,cust_627527,3830.8,UPI,0,0,0.0,1,1,TIER_3_HIGH_RISK,0.537,0,1,5,0
ord_81247150,cust_449352,1551.73,COD,10,0,0.0,0,2,TIER_2,0.602,1,1,17,0
ord_87141378,cust_973889,1197.2,COD,0,0,0.0,1,1,TIER_3_HIGH_RISK,0.756,0,3,9,1
ord_61232442,cust_337648,1220.42,CARD,0,0,0.0,1,1,TIER_1_METRO,0.825,0,1,7,0
ord_92187043,cust_103846,982.36,CARD,10,0,0.0,0,1,TIER_1_METRO,0.879,2,1,0,0
ord_91597126,cust_938628,696.79,COD,0,0,0.0,1,2,TIER_2,0.887,1,1,12,0
ord_21952314,cust_500662,523.75,CARD,20,1,0.05,0,1,TIER_2,0.779,3,4,14,0
ord_27456057,cust_674605,2245.47,COD,0,0,0.0,1,1,TIER_1_METRO,0.834,0,1,9,0
ord_86294551,cust_719185,1055.96,COD,6,0,0.0,0,1,TIER_1_METRO,0.826,1,1,3,0
ord_21511503,cust_831013,1008.55,CARD,15,0,0.0,0,1,TIER_3_HIGH_RISK,0.696,3,1,3,0
ord_23315702,cust_392381,1300.82,COD,0,0,0.0,1,2,TIER_2,0.923,2,1,13,1
ord_69009476,cust_795089,4223.52,CARD,3,0,0.0,0,1,TIER_3_HIGH_RISK,0.672,0,2,7,0
ord_85810388,cust_276950,411.82,CARD,0,0,0.0,1,1,TIER_2,0.935,0,1,19,0
ord_70521086,cust_865573,1146.74,UPI,18,0,0.0,0,5,TIER_2,0.781,1,2,20,0
ord_95313277,cust_270632,3226.59,COD,4,0,0.0,0,1,TIER_1_METRO,0.68,1,2,12,0
ord_44496583,cust_981601,3578.19,UPI,2,0,0.0,0,5,TIER_1_METRO,0.839,0,2,10,1
ord_20488951,cust_349240,1942.28,COD,25,2,0.08,0,1,TIER_1_METRO,0.848,0,2,17,1
ord_95337549,cust_840703,783.69,CARD,0,0,0.0,1,1,TIER_2,0.669,0,4,0,0
ord_30468532,cust_117882,1366.53,UPI,0,0,0.0,1,1,TIER_2,0.845,0,1,19,0
ord_18552442,cust_643863,527.41,COD,10,0,0.0,0,3,TIER_2,0.613,1,3,10,0
ord_60850138,cust_903111,1603.29,UPI,0,0,0.0,1,1,TIER_3_HIGH_RISK,0.682,0,2,11,0
ord_31079044,cust_990766,815.3,CARD,3,0,0.0,0,1,TIER_2,0.705,0,3,5,0
ord_13463227,cust_446415,1031.48,UPI,0,0,0.0,1,1,TIER_1_METRO,0.692,0,1,5,0
ord_42679646,cust_785443,1481.75,UPI,0,0,0.0,1,1,TIER_1_METRO,0.644,0,2,6,0
ord_60141479,cust_446758,3439.07,COD,10,1,0.1,0,1,TIER_1_METRO,0.803,1,3,13,0
ord_47562578,cust_109756,1185.27,COD,3,0,0.0,0,1,TIER_1_METRO,0.601,0,1,1,0
ord_64111052,cust_753570,2024.12,COD,6,0,0.0,0,1,TIER_2,0.684,0,1,10,0
ord_35086627,cust_979712,2134.72,UPI,6,0,0.0,0,1,TIER_3_HIGH_RISK,0.634,2,2,1,0
ord_40245035,cust_725533,293.67,CARD,0,0,0.0,1,1,TIER_3_HIGH_RISK,0.464,0,1,7,0
ord_90733258,cust_371586,869.03,COD,0,0,0.0,1,2,TIER_1_METRO,0.618,0,1,4,1
ord_61997066,cust_299387,5192.15,COD,0,0,0.0,1,1,TIER_3_HIGH_RISK,0.428,0,3,6,1
ord_73850111,cust_201243,303.4,COD,2,0,0.0,0,1,TIER_2,0.882,1,3,21,0
ord_17355554,cust_535293,534.61,UPI,0,0,0.0,1,7,TIER_2,0.863,1,1,3,1
ord_41478135,cust_786345,2444.26,COD,6,0,0.0,0,1,TIER_2,0.885,2,1,21,0
ord_56739632,cust_894755,429.75,COD,0,0,0.0,1,1,TIER_1_METRO,0.772,0,2,20,0
ord_58840480,cust_907977,3031.06,CARD,0,0,0.0,1,1,TIER_3_HIGH_RISK,0.828,0,1,6,0
ord_55330881,cust_381719,326.64,COD,0,0,0.0,1,2,TIER_1_METRO,0.81,0,1,23,0
ord_13693305,cust_428231,1322.54,COD,4,0,0.0,0,1,TIER_3_HIGH_RISK,0.83,0,1,19,0
ord_37540987,cust_734153,1073.24,COD,2,0,0.0,0,4,TIER_1_METRO,0.705,1,1,6,0
ord_69012055,cust_717169,772.21,COD,0,0,0.0,1,1,TIER_3_HIGH_RISK,0.729,2,1,15,1
ord_81556185,cust_378409,1150.37,COD,8,1,0.125,0,1,TIER_3_HIGH_RISK,0.623,1,1,15,1
ord_23952821,cust_718773,1084.17,COD,1,0,0.0,0,1,TIER_1_METRO,0.837,0,1,13,1
ord_97558294,cust_320079,793.92,COD,0,0,0.0,1,1,TIER_1_METRO,0.729,0,1,0,0
ord_68743503,cust_596464,1227.14,COD,3,0,0.0,0,1,TIER_1_METRO,0.926,0,2,18,0
ord_30888209,cust_458237,359.77,UPI,0,0,0.0,1,1,TIER_2,0.618,1,1,22,0
ord_74262087,cust_909523,249.0,COD,1,1,1.0,0,2,TIER_1_METRO,0.844,2,3,9,1
ord_73989529,cust_835588,694.17,COD,10,3,0.3,0,1,TIER_2,0.836,0,1,7,0
ord_27984955,cust_133645,2180.43,COD,0,0,0.0,1,1,TIER_2,0.821,0,2,21,1
ord_64631024,cust_590395,534.31,NETBANKING,6,2,0.3333,0,1,TIER_1_METRO,0.87,0,2,21,0
ord_69431438,cust_910487,1493.41,COD,0,0,0.0,1,1,TIER_2,0.753,0,1,7,0
ord_77007551,cust_336579,537.93,COD,0,0,0.0,1,2,TIER_1_METRO,0.477,0,1,15,0
ord_28235532,cust_699278,885.16,COD,4,1,0.25,0,1,TIER_3_HIGH_RISK,0.436,0,3,10,1
ord_69576882,cust_572671,814.48,NETBANKING,9,3,0.3333,0,1,TIER_1_METRO,0.876,3,1,8,0
ord_26845364,cust_392338,1316.77,CARD,3,0,0.0,0,1,TIER_2,0.691,0,2,9,0
ord_68301691,cust_175427,1346.83,COD,8,0,0.0,0,1,TIER_1_METRO,0.729,0,5,23,1
ord_25458874,cust_688654,2260.76,UPI,2,0,0.0,0,1,TIER_2,0.967,1,1,8,0
ord_78812592,cust_175348,2903.23,COD,0,0,0.0,1,2,TIER_1_METRO,0.534,0,1,3,0
ord_47425981,cust_958463,1532.76,UPI,0,0,0.0,1,1,TIER_3_HIGH_RISK,0.554,0,1,7,0
ord_38082991,cust_974580,431.34,COD,2,0,0.0,0,2,TIER_1_METRO,0.614,2,1,18,1
ord_27687991,cust_908534,1436.42,UPI,0,0,0.0,1,2,TIER_3_HIGH_RISK,0.658,2,2,13,0
ord_65454617,cust_121283,661.72,COD,4,0,0.0,0,1,TIER_1_METRO,0.926,2,2,22,0
ord_68847385,cust_146642,1488.47,COD,5,0,0.0,0,1,TIER_3_HIGH_RISK,0.753,0,4,13,0
ord_70592460,cust_310926,947.86,COD,9,0,0.0,0,2,TIER_3_HIGH_RISK,0.766,2,2,15,0
ord_32783388,cust_714873,1998.18,COD,5,0,0.0,0,1,TIER_2,0.96,2,1,2,0
ord_63789198,cust_999273,6938.17,COD,0,0,0.0,1,1,TIER_2,0.774,0,1,7,1
ord_79579814,cust_705632,966.61,COD,7,0,0.0,0,1,TIER_1_METRO,0.641,0,1,14,0
ord_38830701,cust_304278,1377.86,COD,0,0,0.0,1,2,TIER_3_HIGH_RISK,0.718,0,1,16,1
ord_92556904,cust_313161,442.98,COD,5,0,0.0,0,1,TIER_2,0.871,0,1,22,0
ord_57240145,cust_287401,1072.9,NETBANKING,2,0,0.0,0,1,TIER_1_METRO,0.833,2,3,19,0
ord_63543822,cust_354559,6310.94,UPI,4,1,0.25,0,1,TIER_1_METRO,0.88,0,2,3,0
ord_43935757,cust_556418,1185.21,UPI,0,0,0.0,1,2,TIER_2,0.583,0,1,10,1
ord_58302865,cust_977000,1409.65,CARD,5,0,0.0,0,1,TIER_1_METRO,0.552,2,4,18,0
ord_73446855,cust_108724,814.72,UPI,0,0,0.0,1,1,TIER_1_METRO,0.95,0,1,8,0
ord_63225361,cust_352669,634.87,COD,4,1,0.25,0,1,TIER_1_METRO,0.804,0,1,0,0
ord_10460796,cust_415792,661.73,COD,7,2,0.2857,0,2,TIER_1_METRO,0.979,2,1,13,1
ord_91132210,cust_625598,1057.35,UPI,4,0,0.0,0,1,TIER_3_HIGH_RISK,0.363,0,1,0,0
ord_31077014,cust_536330,1401.33,COD,0,0,0.0,1,1,TIER_2,0.852,1,4,11,0
ord_50471382,cust_568077,1693.87,COD,8,0,0.0,0,1,TIER_1_METRO,0.841,0,1,14,0
ord_36372008,cust_287660,1161.56,COD,17,0,0.0,0,2,TIER_1_METRO,0.938,0,2,7,0
ord_57001629,cust_608653,933.16,UPI,0,0,0.0,1,1,TIER_2,0.796,1,3,18,1
ord_84209747,cust_493588,429.1,NETBANKING,8,1,0.125,0,2,TIER_1_METRO,0.615,1,1,4,0
ord_39537369,cust_291269,787.93,UPI,2,0,0.0,0,1,TIER_2,0.649,1,2,17,0
ord_82049816,cust_127005,1941.77,UPI,7,0,0.0,0,5,TIER_1_METRO,0.951,2,1,22,0
ord_96217428,cust_191411,3762.54,COD,0,0,0.0,1,3,TIER_2,0.851,1,2,6,1
ord_38869116,cust_257044,884.53,COD,12,1,0.0833,0,1,TIER_3_HIGH_RISK,0.624,0,1,15,1
ord_23970740,cust_182445,1032.04,UPI,0,0,0.0,1,2,TIER_3_HIGH_RISK,0.771,0,1,3,0
ord_30947771,cust_115330,629.38,UPI,3,0,0.0,0,1,TIER_1_METRO,0.716,0,1,7,0
ord_76819360,cust_401829,3984.18,CARD,4,0,0.0,0,2,TIER_1_METRO,0.586,0,1,5,0
ord_70996888,cust_811658,1472.19,UPI,18,3,0.1667,0,7,TIER_3_HIGH_RISK,0.682,0,1,2,1
ord_24650271,cust_642606,3134.7,UPI,0,0,0.0,1,1,TIER_1_METRO,0.601,0,4,7,0
ord_60746642,cust_195698,1140.3,UPI,6,0,0.0,0,1,TIER_3_HIGH_RISK,0.439,1,2,9,0
ord_62237687,cust_544246,3966.41,COD,1,0,0.0,0,1,TIER_3_HIGH_RISK,0.639,3,1,23,1
ord_42685284,cust_642089,1817.93,COD,0,0,0.0,1,1,TIER_3_HIGH_RISK,0.658,0,2,18,1
ord_87936233,cust_989327,1496.55,COD,0,0,0.0,1,1,TIER_2,0.436,1,4,22,1
ord_45905148,cust_273753,673.47,UPI,0,0,0.0,1,3,TIER_2,0.675,0,1,20,1
ord_31691366,cust_539378,1539.09,CARD,3,0,0.0,0,1,TIER_3_HIGH_RISK,0.635,1,1,8,0
ord_62173294,cust_792859,937.58,COD,5,0,0.0,0,3,TIER_2,0.777,0,1,19,0
ord_68983612,cust_559722,480.22,UPI,8,1,0.125,0,1,TIER_1_METRO,0.925,0,1,17,0
ord_96990712,cust_667694,1846.2,UPI,0,0,0.0,1,1,TIER_3_HIGH_RISK,0.671,1,2,18,0
ord_47877058,cust_273806,2030.54,COD,0,0,0.0,1,1,TIER_2,0.56,2,1,11,0
ord_15408520,cust_838322,249.0,COD,0,0,0.0,1,1,TIER_2,0.938,0,3,10,0
ord_95659135,cust_588963,940.79,COD,9,4,0.4444,0,1,TIER_3_HIGH_RISK,0.731,0,1,7,1
ord_38588402,cust_107771,894.74,UPI,0,0,0.0,1,2,TIER_2,0.463,0,1,15,0
ord_67975251,cust_684550,1670.42,CARD,24,2,0.0833,0,2,TIER_2,0.902,1,3,5,0
ord_28740105,cust_765228,935.8,COD,3,0,0.0,0,1,TIER_3_HIGH_RISK,0.819,2,1,11,1
ord_35560098,cust_719902,2697.56,COD,1,0,0.0,0,2,TIER_2,0.796,0,1,3,0
ord_10996161,cust_905504,2247.84,COD,3,0,0.0,0,1,TIER_1_METRO,0.607,0,1,0,1
ord_34151842,cust_503439,1711.24,UPI,0,0,0.0,1,1,TIER_2,0.847,0,1,4,1
ord_91506061,cust_337497,688.75,UPI,0,0,0.0,1,1,TIER_1_METRO,0.759,0,3,21,0
ord_24931115,cust_672239,2407.02,COD,13,0,0.0,0,5,TIER_2,0.79,0,4,3,1
ord_10810713,cust_697486,767.56,CARD,0,0,0.0,1,1,TIER_2,0.756,3,2,19,0
ord_30603778,cust_964685,2154.95,CARD,3,1,0.3333,0,1,TIER_2,0.618,1,1,10,1
ord_60189143,cust_646440,1060.64,UPI,9,0,0.0,0,1,TIER_2,0.62,1,1,17,0
ord_44831079,cust_639871,621.43,COD,6,0,0.0,0,3,TIER_1_METRO,0.832,1,2,11,0
ord_38923202,cust_349380,462.54,COD,6,1,0.1667,0,1,TIER_1_METRO,0.866,0,5,22,0
ord_30814992,cust_296339,7099.09,NETBANKING,7,0,0.0,0,4,TIER_2,0.8,1,1,6,0
ord_76134855,cust_354905,494.61,COD,4,0,0.0,0,1,TIER_1_METRO,0.608,0,1,10,0
ord_95206135,cust_909814,4493.01,COD,0,0,0.0,1,3,TIER_3_HIGH_RISK,0.69,0,2,19,1
ord_23657005,cust_598493,1043.07,COD,0,0,0.0,1,1,TIER_3_HIGH_RISK,0.799,2,2,13,0
ord_27562548,cust_935489,3778.27,UPI,0,0,0.0,1,1,TIER_2,0.972,0,3,19,0
ord_28283361,cust_833771,1826.73,UPI,10,0,0.0,0,7,TIER_1_METRO,0.832,1,1,18,0
ord_96938991,cust_909977,3137.48,UPI,0,0,0.0,1,1,TIER_2,0.515,0,1,11,1
ord_78869263,cust_349720,1748.02,COD,0,0,0.0,1,1,TIER_1_METRO,0.516,1,1,2,0
ord_25255164,cust_740072,2174.38,COD,5,0,0.0,0,1,TIER_3_HIGH_RISK,0.539,0,2,0,0
ord_38175911,cust_383527,461.1,COD,16,2,0.125,0,1,TIER_1_METRO,0.725,0,2,19,0
ord_79901401,cust_839980,1132.15,CARD,0,0,0.0,1,1,TIER_2,0.877,0,1,19,0
ord_45940920,cust_451771,3308.81,UPI,3,0,0.0,0,1,TIER_2,0.831,1,2,10,0
ord_67628639,cust_230078,1621.08,NETBANKING,1,0,0.0,0,1,TIER_1_METRO,0.86,1,1,19,0
ord_30659035,cust_737288,493.32,COD,2,0,0.0,0,1,TIER_2,0.957,0,1,13,0
ord_58155151,cust_551355,1382.31,COD,4,1,0.25,0,1,TIER_2,0.86,1,2,5,0
ord_90218637,cust_516749,2925.53,COD,0,0,0.0,1,1,TIER_3_HIGH_RISK,0.689,0,1,3,0
ord_90327555,cust_843417,2517.43,UPI,5,0,0.0,0,1,TIER_2,0.774,0,1,6,0
ord_60433542,cust_909286,1714.22,UPI,2,0,0.0,0,1,TIER_1_METRO,0.954,0,1,20,1
ord_72189583,cust_292848,2054.34,NETBANKING,0,0,0.0,1,1,TIER_1_METRO,0.982,0,1,20,0
ord_25488221,cust_574514,251.6,COD,6,1,0.1667,0,2,TIER_2,0.766,2,1,2,1
ord_60098029,cust_680483,577.01,UPI,0,0,0.0,1,5,TIER_1_METRO,0.824,0,2,22,1
ord_76360860,cust_947737,3243.07,COD,5,0,0.0,0,3,TIER_3_HIGH_RISK,0.827,2,1,1,1
ord_26037706,cust_980369,1850.6,COD,2,0,0.0,0,1,TIER_1_METRO,0.721,1,4,8,0
ord_53440658,cust_559099,1368.01,CARD,0,0,0.0,1,1,TIER_1_METRO,0.691,0,2,2,0
ord_31226329,cust_405167,3333.22,COD,0,0,0.0,1,1,TIER_2,0.927,0,1,14,1
ord_77658103,cust_630901,2423.64,COD,0,0,0.0,1,1,TIER_3_HIGH_RISK,0.247,0,1,6,1
ord_33773962,cust_797600,768.61,COD,1,0,0.0,0,1,TIER_3_HIGH_RISK,0.785,0,1,21,1
ord_34950408,cust_282730,1211.56,COD,18,0,0.0,0,1,TIER_2,0.865,0,1,20,0
ord_15752810,cust_953933,2231.97,COD,16,0,0.0,0,1,TIER_3_HIGH_RISK,0.433,0,1,5,1
ord_31057640,cust_540998,4969.92,COD,0,0,0.0,1,2,TIER_2,0.66,0,2,8,0
ord_72634238,cust_190930,1678.96,COD,0,0,0.0,1,4,TIER_2,0.616,0,1,16,1
ord_53109628,cust_413456,1264.27,COD,6,0,0.0,0,3,TIER_2,0.997,1,2,8,0
ord_40590606,cust_967414,314.47,COD,4,0,0.0,0,1,TIER_1_METRO,0.561,0,1,13,0
ord_95012885,cust_545800,2436.36,COD,0,0,0.0,1,1,TIER_1_METRO,0.799,2,1,23,1
ord_53199013,cust_561107,979.65,CARD,4,0,0.0,0,1,TIER_2,0.925,0,1,3,0
ord_71891478,cust_528297,778.28,COD,0,0,0.0,1,1,TIER_2,0.563,0,1,17,1
ord_30064239,cust_677218,1571.71,UPI,4,0,0.0,0,1,TIER_2,0.308,1,5,14,1
ord_93521046,cust_749511,354.76,CARD,0,0,0.0,1,1,TIER_3_HIGH_RISK,0.787,0,2,0,0
ord_97350522,cust_116829,1409.1,COD,3,0,0.0,0,2,TIER_2,0.608,0,4,3,1
ord_34299863,cust_234730,2102.93,COD,0,0,0.0,1,1,TIER_3_HIGH_RISK,0.624,0,4,4,1
ord_38196679,cust_375083,704.33,CARD,5,0,0.0,0,1,TIER_2,0.736,0,1,11,0
ord_97594281,cust_326941,1151.78,UPI,4,0,0.0,0,1,TIER_2,0.835,1,1,19,0
ord_93175044,cust_980111,2159.5,COD,17,3,0.1765,0,1,TIER_1_METRO,0.669,0,3,7,0
ord_93817256,cust_348093,709.71,COD,13,2,0.1538,0,1,TIER_3_HIGH_RISK,0.793,2,1,3,1
ord_17102173,cust_141598,920.19,COD,0,0,0.0,1,1,TIER_3_HIGH_RISK,0.767,3,1,19,1
ord_26921670,cust_809002,710.57,COD,3,0,0.0,0,1,TIER_1_METRO,0.82,1,1,0,0
ord_94742716,cust_324215,1692.83,UPI,6,0,0.0,0,4,TIER_1_METRO,0.769,0,2,14,0
ord_93849789,cust_546694,1294.01,COD,5,0,0.0,0,1,TIER_3_HIGH_RISK,0.775,1,1,7,0
ord_10908521,cust_155421,1595.03,COD,13,0,0.0,0,3,TIER_2,0.619,2,1,15,1
ord_96616769,cust_760951,1670.46,COD,7,0,0.0,0,1,TIER_1_METRO,0.442,1,1,0,0
ord_46860174,cust_768130,1913.75,COD,2,0,0.0,0,1,TIER_2,0.362,0,3,17,0
ord_58127034,cust_183748,1735.16,UPI,5,0,0.0,0,1,TIER_3_HIGH_RISK,0.674,1,1,1,0
ord_13484840,cust_289310,736.51,UPI,4,0,0.0,0,1,TIER_1_METRO,0.605,0,1,15,0
ord_66235862,cust_992987,1459.54,COD,3,0,0.0,0,1,TIER_1_METRO,0.6,1,1,2,0
ord_86630655,cust_452646,12379.2,COD,0,0,0.0,1,1,TIER_1_METRO,0.621,1,1,13,0
ord_96247296,cust_347888,2191.48,CARD,0,0,0.0,1,2,TIER_1_METRO,0.759,0,1,11,0
ord_44603398,cust_609652,756.06,UPI,14,0,0.0,0,1,TIER_1_METRO,0.883,1,2,2,0
ord_61612906,cust_949039,1416.65,COD,0,0,0.0,1,4,TIER_1_METRO,0.953,2,4,14,1
ord_27644180,cust_691058,2116.87,COD,1,0,0.0,0,1,TIER_1_METRO,0.848,0,2,4,0
ord_62995767,cust_190638,1014.28,CARD,5,0,0.0,0,1,TIER_2,0.776,0,1,21,0
ord_77767425,cust_161800,3066.16,UPI,6,0,0.0,0,1,TIER_1_METRO,0.463,1,2,18,0
ord_36668885,cust_937160,1143.77,COD,0,0,0.0,1,1,TIER_1_METRO,0.669,1,1,22,0
ord_34416430,cust_625007,1035.22,COD,3,0,0.0,0,1,TIER_1_METRO,0.816,0,2,22,1
ord_51781921,cust_459282,447.3,COD,0,0,0.0,1,1,TIER_1_METRO,0.907,0,1,0,1
ord_79071029,cust_745026,986.92,COD,0,0,0.0,1,1,TIER_1_METRO,0.751,0,1,13,0
ord_61465590,cust_385954,3827.88,COD,5,0,0.0,0,1,TIER_2,0.958,0,8,3,1
ord_18626686,cust_450412,3304.83,UPI,0,0,0.0,1,1,TIER_1_METRO,0.605,1,1,21,0
ord_36584138,cust_778101,1742.26,COD,3,0,0.0,0,3,TIER_2,0.762,0,1,18,0
ord_78446632,cust_232720,799.44,CARD,2,0,0.0,0,1,TIER_1_METRO,0.96,0,1,0,0
ord_93685837,cust_200513,2443.89,COD,9,2,0.2222,0,1,TIER_3_HIGH_RISK,0.668,0,2,20,1
ord_72929193,cust_277284,1667.73,UPI,3,0,0.0,0,1,TIER_1_METRO,0.971,0,1,6,1
ord_39867537,cust_536077,2123.44,COD,8,0,0.0,0,1,TIER_1_METRO,0.884,0,3,22,0
ord_30306500,cust_307759,2806.27,UPI,2,0,0.0,0,1,TIER_1_METRO,0.689,0,2,4,0
ord_69509024,cust_230843,834.57,CARD,16,0,0.0,0,1,TIER_2,0.743,3,1,13,0
ord_16150158,cust_112521,1397.56,UPI,17,0,0.0,0,4,TIER_2,0.809,2,1,6,0
ord_87385459,cust_572234,1529.19,COD,1,0,0.0,0,1,TIER_1_METRO,0.746,1,1,4,0
ord_81281839,cust_255673,2328.09,UPI,3,0,0.0,0,1,TIER_3_HIGH_RISK,0.562,0,1,21,1
ord_12763779,cust_115628,1838.56,COD,0,0,0.0,1,1,TIER_3_HIGH_RISK,0.671,0,1,21,1
ord_78830705,cust_946942,1196.27,COD,7,0,0.0,0,1,TIER_1_METRO,0.88,0,1,21,0
ord_83416381,cust_147565,339.41,UPI,2,0,0.0,0,1,TIER_2,0.886,1,1,9,0
ord_97430530,cust_282097,1084.76,COD,5,0,0.0,0,1,TIER_2,0.86,3,1,2,1
ord_76269208,cust_874821,685.15,UPI,7,1,0.1429,0,1,TIER_2,0.592,2,8,13,0
ord_88911293,cust_642671,558.58,UPI,0,0,0.0,1,1,TIER_1_METRO,0.86,1,1,17,0
ord_10349760,cust_813695,2326.23,UPI,0,0,0.0,1,1,TIER_1_METRO,0.83,0,1,20,0
ord_22155092,cust_910068,1222.29,COD,0,0,0.0,1,1,TIER_1_METRO,0.557,0,1,15,1
ord_94902567,cust_858861,3154.11,UPI,10,1,0.1,0,1,TIER_1_METRO,0.962,0,1,5,0
ord_45580614,cust_275477,2389.73,UPI,0,0,0.0,1,1,TIER_1_METRO,0.845,2,2,18,0
ord_12552387,cust_169551,1288.31,COD,0,0,0.0,1,1,TIER_3_HIGH_RISK,0.38,0,5,21,0
ord_39278276,cust_964420,844.75,COD,10,0,0.0,0,1,TIER_3_HIGH_RISK,0.533,0,1,9,0
ord_87993462,cust_827444,1454.86,COD,0,0,0.0,1,1,TIER_1_METRO,0.398,0,1,21,0
ord_29432053,cust_852644,1595.42,UPI,2,0,0.0,0,1,TIER_3_HIGH_RISK,0.241,2,1,7,0
ord_58124750,cust_785058,344.48,COD,0,0,0.0,1,1,TIER_2,0.814,0,3,16,0
ord_68557684,cust_810557,1333.61,UPI,7,0,0.0,0,2,TIER_3_HIGH_RISK,0.684,1,1,10,0
ord_34694812,cust_870497,299.05,UPI,6,0,0.0,0,1,TIER_2,0.72,0,2,20,0
ord_59352346,cust_459830,1146.56,CARD,4,0,0.0,0,1,TIER_3_HIGH_RISK,0.692,1,1,18,0
ord_78599551,cust_935488,1033.71,COD,0,0,0.0,1,3,TIER_1_METRO,0.659,0,1,10,1
ord_86241446,cust_980914,1393.91,CARD,9,1,0.1111,0,1,TIER_1_METRO,0.874,1,1,18,0
ord_61877884,cust_387744,3495.1,COD,3,0,0.0,0,1,TIER_1_METRO,0.657,2,4,17,0
ord_52647864,cust_928786,631.79,UPI,1,0,0.0,0,2,TIER_2,0.814,0,4,16,0
ord_18209517,cust_581072,1048.76,UPI,0,0,0.0,1,2,TIER_1_METRO,0.646,0,2,19,0
ord_13708654,cust_677437,2214.83,NETBANKING,2,0,0.0,0,1,TIER_1_METRO,0.731,0,4,9,0
ord_25985249,cust_999145,12323.69,CARD,0,0,0.0,1,1,TIER_1_METRO,0.506,0,1,19,0
ord_94903513,cust_763726,1177.87,UPI,12,0,0.0,0,2,TIER_1_METRO,0.424,0,1,4,0
ord_95272769,cust_235673,5671.44,UPI,5,0,0.0,0,3,TIER_1_METRO,0.838,0,2,0,0
ord_27429040,cust_949950,460.39,CARD,1,0,0.0,0,1,TIER_2,0.788,0,3,2,1
ord_88414095,cust_755860,1000.3,COD,8,1,0.125,0,1,TIER_1_METRO,0.833,0,1,9,0
ord_49786670,cust_618726,1454.55,COD,3,0,0.0,0,1,TIER_1_METRO,0.682,3,1,0,0
ord_10932280,cust_204262,368.62,UPI,7,0,0.0,0,4,TIER_2,0.732,0,1,3,0
ord_28877237,cust_251601,822.93,UPI,1,0,0.0,0,1,TIER_2,0.86,0,1,13,0
ord_69513211,cust_670833,788.1,COD,0,0,0.0,1,1,TIER_1_METRO,0.925,0,1,4,1
ord_42023414,cust_143856,249.0,COD,9,0,0.0,0,2,TIER_3_HIGH_RISK,0.728,0,1,5,1
ord_61939266,cust_227192,637.44,UPI,14,0,0.0,0,2,TIER_1_METRO,0.674,1,1,21,0
ord_86486741,cust_825783,731.02,UPI,13,1,0.0769,0,1,TIER_2,0.816,0,1,11,0
ord_52890759,cust_886228,1039.11,UPI,18,0,0.0,0,1,TIER_2,0.915,0,4,16,0
ord_83297207,cust_429132,1107.22,UPI,5,0,0.0,0,1,TIER_1_METRO,0.743,0,1,3,0
ord_13933817,cust_739395,1175.85,UPI,0,0,0.0,1,2,TIER_3_HIGH_RISK,0.705,1,1,0,0
ord_40506086,cust_529613,1281.63,UPI,1,0,0.0,0,2,TIER_2,0.754,0,4,3,0
ord_69435595,cust_383805,3308.17,COD,6,0,0.0,0,1,TIER_3_HIGH_RISK,0.637,0,1,21,0
ord_58259953,cust_378477,874.05,COD,0,0,0.0,1,1,TIER_2,0.752,0,3,19,1
ord_43953257,cust_801485,2844.96,CARD,10,0,0.0,0,1,TIER_2,0.641,0,1,3,0
ord_67416012,cust_936910,355.75,COD,0,0,0.0,1,2,TIER_1_METRO,0.934,0,2,19,0
ord_11595428,cust_744167,249.0,UPI,16,0,0.0,0,1,TIER_2,0.611,0,1,14,0
ord_15330605,cust_786423,1164.1,UPI,0,0,0.0,1,1,TIER_1_METRO,0.602,0,1,7,0
ord_95501350,cust_704229,4157.91,COD,4,0,0.0,0,1,TIER_2,0.757,0,1,21,0
ord_10600338,cust_470652,6373.97,COD,4,0,0.0,0,1,TIER_2,0.821,3,3,20,0
ord_58515114,cust_227878,716.65,UPI,2,0,0.0,0,1,TIER_1_METRO,0.812,0,1,3,0
ord_38437165,cust_639141,488.19,COD,7,1,0.1429,0,1,TIER_1_METRO,0.729,3,1,16,0
ord_10483791,cust_417685,3802.83,UPI,6,1,0.1667,0,1,TIER_1_METRO,0.709,1,2,2,0
ord_27310852,cust_810732,2585.37,COD,7,0,0.0,0,1,TIER_1_METRO,0.794,0,2,17,0
ord_32867223,cust_415795,611.33,UPI,4,0,0.0,0,1,TIER_2,0.644,0,1,4,1
ord_53586949,cust_267011,1311.5,UPI,0,0,0.0,1,1,TIER_1_METRO,0.532,0,1,12,0
ord_57177360,cust_689487,589.52,COD,0,0,0.0,1,1,TIER_3_HIGH_RISK,0.704,0,1,7,1
ord_92058636,cust_500375,846.22,COD,1,0,0.0,0,1,TIER_2,0.818,0,1,4,0
ord_99688279,cust_450857,405.01,UPI,0,0,0.0,1,4,TIER_2,0.891,3,1,16,1
ord_90431636,cust_303379,1076.61,COD,0,0,0.0,1,1,TIER_2,0.692,1,1,15,0
ord_52161441,cust_988418,950.59,COD,0,0,0.0,1,1,TIER_2,0.811,1,1,6,0
ord_96743361,cust_508883,3436.59,COD,2,1,0.5,0,1,TIER_1_METRO,0.575,2,1,22,1
ord_15443961,cust_462114,1416.76,UPI,8,0,0.0,0,1,TIER_1_METRO,0.724,3,1,23,0
ord_57550906,cust_306123,565.39,UPI,0,0,0.0,1,4,TIER_2,0.516,2,1,11,1
ord_23655842,cust_776560,870.11,COD,3,0,0.0,0,1,TIER_2,0.764,1,1,1,0
ord_51208934,cust_306946,495.81,COD,12,1,0.0833,0,1,TIER_2,0.848,0,1,23,0
ord_53316408,cust_920015,449.9,UPI,0,0,0.0,1,2,TIER_1_METRO,0.946,1,2,3,0
ord_51543029,cust_865823,6823.52,COD,2,0,0.0,0,2,TIER_2,0.852,0,1,17,0
ord_14109404,cust_892922,2981.43,COD,7,1,0.1429,0,1,TIER_2,0.799,0,3,4,0
ord_82495923,cust_593622,946.64,UPI,19,8,0.4211,0,1,TIER_2,0.784,1,1,13,0
ord_41970599,cust_682816,2095.13,COD,5,0,0.0,0,1,TIER_1_METRO,0.692,1,1,11,0
ord_57980339,cust_219097,456.63,CARD,0,0,0.0,1,1,TIER_2,0.748,0,2,16,0
ord_46900577,cust_974580,429.95,COD,2,0,0.0,0,1,TIER_3_HIGH_RISK,0.859,0,1,13,0
ord_20318435,cust_704288,1320.06,UPI,7,0,0.0,0,2,TIER_2,0.971,0,1,17,0
ord_77364795,cust_468084,2929.86,UPI,0,0,0.0,1,1,TIER_3_HIGH_RISK,0.719,0,4,22,1
ord_29754093,cust_186184,2389.02,COD,0,0,0.0,1,1,TIER_2,0.614,1,1,2,1
ord_78571402,cust_129295,2560.5,UPI,0,0,0.0,1,3,TIER_2,0.394,1,1,8,1
ord_31588887,cust_569092,761.3,COD,0,0,0.0,1,2,TIER_2,0.907,2,2,14,0
ord_20304803,cust_146371,1300.02,UPI,7,0,0.0,0,1,TIER_3_HIGH_RISK,0.554,0,2,2,0
ord_72624669,cust_399615,1361.97,CARD,0,0,0.0,1,1,TIER_1_METRO,0.81,0,1,13,0
ord_37866664,cust_976902,2183.63,COD,0,0,0.0,1,1,TIER_2,0.871,1,1,3,0
ord_87513779,cust_943784,874.57,COD,2,0,0.0,0,1,TIER_1_METRO,0.739,0,1,18,1
ord_42185790,cust_115050,4304.13,COD,7,2,0.2857,0,1,TIER_2,0.524,0,1,0,1
ord_15343926,cust_766228,646.87,COD,0,0,0.0,1,1,TIER_1_METRO,0.742,0,3,23,1
ord_88037948,cust_609272,444.29,UPI,0,0,0.0,1,2,TIER_1_METRO,0.862,2,1,2,0
ord_32226820,cust_888359,1183.72,UPI,6,0,0.0,0,2,TIER_2,0.983,1,1,17,0
ord_43942384,cust_506906,436.6,COD,5,0,0.0,0,1,TIER_1_METRO,0.907,0,1,18,0
ord_62138902,cust_334823,1809.13,COD,0,0,0.0,1,1,TIER_2,0.524,1,1,7,1
ord_67730160,cust_509189,838.62,COD,1,0,0.0,0,2,TIER_3_HIGH_RISK,0.719,0,3,4,1
ord_79572365,cust_653336,646.43,COD,0,0,0.0,1,1,TIER_2,0.852,1,1,1,1
ord_73812046,cust_378232,2735.04,UPI,4,0,0.0,0,1,TIER_1_METRO,0.865,0,1,6,0
ord_61629424,cust_527463,249.0,COD,4,1,0.25,0,1,TIER_3_HIGH_RISK,0.865,0,1,22,0
ord_52106078,cust_892736,734.78,CARD,0,0,0.0,1,1,TIER_3_HIGH_RISK,0.864,0,1,9,1
ord_96966281,cust_416096,2108.24,COD,7,0,0.0,0,1,TIER_3_HIGH_RISK,0.743,0,1,10,0
ord_92028383,cust_719354,660.6,UPI,5,1,0.2,0,1,TIER_2,0.81,2,1,10,0
ord_65534401,cust_257333,800.89,UPI,8,0,0.0,0,1,TIER_1_METRO,0.69,0,2,6,0
ord_99020709,cust_394306,990.96,COD,0,0,0.0,1,1,TIER_1_METRO,0.658,2,1,13,1
ord_48298785,cust_199345,527.14,UPI,0,0,0.0,1,1,TIER_2,0.849,3,2,10,0
ord_50523561,cust_549467,1647.51,CARD,0,0,0.0,1,1,TIER_2,0.839,3,2,17,0
ord_82132062,cust_811562,1203.77,COD,0,0,0.0,1,1,TIER_1_METRO,0.607,2,1,17,0
ord_79036580,cust_774555,443.64,UPI,0,0,0.0,1,3,TIER_1_METRO,0.876,0,1,15,0
ord_60627247,cust_257908,5822.64,NETBANKING,1,0,0.0,0,3,TIER_1_METRO,0.851,1,1,6,0
ord_14056926,cust_224453,1814.79,CARD,0,0,0.0,1,1,TIER_1_METRO,0.918,2,2,7,0
ord_42499243,cust_160332,2717.79,UPI,2,0,0.0,0,1,TIER_1_METRO,0.868,0,1,23,0
ord_52255849,cust_372460,657.94,UPI,5,1,0.2,0,2,TIER_2,0.712,0,5,20,0
ord_82418938,cust_858049,4494.02,CARD,0,0,0.0,1,1,TIER_2,0.635,1,1,8,0
ord_68643696,cust_701108,322.57,UPI,2,0,0.0,0,1,TIER_1_METRO,0.494,0,3,9,0
ord_68613549,cust_711524,1434.64,NETBANKING,0,0,0.0,1,1,TIER_1_METRO,0.846,1,2,15,0
ord_38688172,cust_180868,1208.51,COD,5,0,0.0,0,2,TIER_3_HIGH_RISK,0.719,2,5,12,1
ord_14952075,cust_588267,1396.16,COD,10,0,0.0,0,1,TIER_3_HIGH_RISK,0.755,1,1,4,0
ord_76560469,cust_641716,689.32,CARD,0,0,0.0,1,5,TIER_1_METRO,0.845,3,1,0,1
ord_94269689,cust_912082,712.08,COD,8,4,0.5,0,1,TIER_2,0.441,0,2,8,1
ord_78541536,cust_132160,983.6,COD,6,0,0.0,0,5,TIER_1_METRO,0.926,2,4,0,0
ord_52835095,cust_179874,3800.49,COD,6,0,0.0,0,2,TIER_2,0.91,1,2,5,0
ord_63355494,cust_368662,1435.91,UPI,0,0,0.0,1,1,TIER_3_HIGH_RISK,0.714,0,2,21,0
ord_89064596,cust_920995,783.11,CARD,6,0,0.0,0,1,TIER_1_METRO,0.798,2,3,22,0
ord_42043445,cust_846253,1858.42,CARD,4,1,0.25,0,1,TIER_1_METRO,0.873,1,2,1,0
ord_96698833,cust_598021,1264.73,COD,0,0,0.0,1,1,TIER_3_HIGH_RISK,0.576,2,2,13,1
ord_87821196,cust_938204,879.98,COD,2,0,0.0,0,1,TIER_2,0.825,0,3,10,0
ord_94753561,cust_213117,1659.04,COD,0,0,0.0,1,1,TIER_1_METRO,0.693,3,1,9,0
ord_52734083,cust_165088,577.21,COD,1,0,0.0,0,1,TIER_3_HIGH_RISK,0.559,1,1,12,1
ord_57849253,cust_598099,706.9,CARD,5,0,0.0,0,1,TIER_1_METRO,0.782,3,1,21,0
ord_18132162,cust_939457,1804.46,CARD,0,0,0.0,1,1,TIER_1_METRO,0.863,1,1,19,0
ord_99268367,cust_971510,2380.62,COD,5,0,0.0,0,1,TIER_1_METRO,0.691,0,1,17,0
ord_40188544,cust_314529,1324.35,COD,0,0,0.0,1,2,TIER_3_HIGH_RISK,0.752,2,2,14,1
ord_20056396,cust_539425,871.39,UPI,3,0,0.0,0,2,TIER_1_METRO,0.838,1,1,5,0
ord_23634586,cust_339394,296.61,COD,3,0,0.0,0,1,TIER_2,0.661,2,2,3,1
ord_69636639,cust_242049,2317.23,UPI,0,0,0.0,1,1,TIER_3_HIGH_RISK,0.645,0,3,0,0
ord_43243197,cust_388156,1027.39,COD,0,0,0.0,1,1,TIER_2,0.898,1,2,21,0
ord_95579755,cust_788484,1220.56,UPI,0,0,0.0,1,3,TIER_1_METRO,0.726,2,2,21,1
ord_25648245,cust_810568,2152.41,UPI,4,0,0.0,0,1,TIER_1_METRO,0.938,2,4,16,0
ord_36796012,cust_578874,1969.63,COD,0,0,0.0,1,2,TIER_1_METRO,0.972,0,2,11,1
ord_73450315,cust_285333,1082.76,COD,8,1,0.125,0,1,TIER_2,0.81,0,3,23,1
ord_86920005,cust_969219,363.6,UPI,0,0,0.0,1,1,TIER_3_HIGH_RISK,0.273,0,1,12,0
ord_68734685,cust_571091,417.67,COD,0,0,0.0,1,1,TIER_1_METRO,0.953,1,1,15,0
ord_52755784,cust_713206,564.54,NETBANKING,0,0,0.0,1,1,TIER_1_METRO,0.802,0,4,12,0
ord_99523105,cust_880226,1277.89,COD,1,0,0.0,0,1,TIER_1_METRO,0.857,1,2,22,0
ord_92630636,cust_544946,1055.78,COD,11,2,0.1818,0,1,TIER_1_METRO,0.812,0,1,23,1
ord_66342202,cust_756053,746.67,UPI,0,0,0.0,1,1,TIER_1_METRO,0.655,0,3,3,0
ord_79760086,cust_955150,711.53,UPI,7,0,0.0,0,1,TIER_1_METRO,0.65,1,3,22,0
ord_64221525,cust_471969,575.48,COD,0,0,0.0,1,1,TIER_2,0.729,0,1,3,1
ord_56321408,cust_974799,486.34,COD,7,0,0.0,0,1,TIER_3_HIGH_RISK,0.518,0,4,16,1
ord_33463157,cust_119198,1545.06,UPI,0,0,0.0,1,1,TIER_1_METRO,0.787,2,1,18,1
ord_36875637,cust_798050,2373.58,COD,6,0,0.0,0,1,TIER_2,0.902,1,1,21,0
ord_73978441,cust_461237,605.3,COD,0,0,0.0,1,1,TIER_1_METRO,0.897,0,1,6,1
ord_77404927,cust_275748,3509.52,COD,4,0,0.0,0,1,TIER_1_METRO,0.923,0,4,13,0
ord_15008029,cust_150581,2070.12,COD,3,0,0.0,0,1,TIER_3_HIGH_RISK,0.461,0,1,5,1
ord_25881023,cust_153077,814.12,UPI,0,0,0.0,1,1,TIER_3_HIGH_RISK,0.722,2,1,9,0
ord_90021414,cust_964369,1460.58,COD,0,0,0.0,1,1,TIER_2,0.647,0,3,14,0
ord_61327755,cust_965671,845.56,COD,2,0,0.0,0,1,TIER_1_METRO,0.758,1,1,2,0
ord_59898558,cust_848877,582.3,UPI,2,0,0.0,0,3,TIER_2,0.37,0,1,4,0
ord_49010202,cust_517902,997.23,COD,3,0,0.0,0,2,TIER_3_HIGH_RISK,0.707,2,1,8,1
ord_68085120,cust_388835,4221.69,COD,10,0,0.0,0,1,TIER_2,0.54,0,1,3,1
ord_60296557,cust_704670,456.06,COD,4,0,0.0,0,1,TIER_2,0.727,2,2,3,0
ord_70336852,cust_449301,1597.26,NETBANKING,0,0,0.0,1,1,TIER_3_HIGH_RISK,0.731,0,1,2,1
ord_26977427,cust_757247,1251.88,UPI,0,0,0.0,1,1,TIER_2,0.833,1,1,10,0
ord_18112074,cust_909960,290.41,UPI,4,0,0.0,0,3,TIER_3_HIGH_RISK,0.715,3,1,22,1
ord_70267675,cust_145113,2002.27,COD,0,0,0.0,1,1,TIER_3_HIGH_RISK,0.83,0,2,0,0
ord_30778286,cust_424078,4069.28,COD,0,0,0.0,1,2,TIER_3_HIGH_RISK,0.698,0,2,11,1
ord_57516748,cust_238741,952.75,UPI,4,0,0.0,0,1,TIER_1_METRO,0.502,0,3,22,0
ord_32939708,cust_898526,1647.37,CARD,0,0,0.0,1,1,TIER_2,0.79,2,2,19,1
ord_44970444,cust_111002,720.36,CARD,5,0,0.0,0,2,TIER_1_METRO,0.808,1,8,9,0
ord_59310748,cust_960649,1815.14,COD,11,0,0.0,0,4,TIER_1_METRO,0.898,0,2,9,0
ord_61535568,cust_211315,1453.81,COD,5,0,0.0,0,1,TIER_2,0.833,1,2,6,0
ord_87170267,cust_194472,6077.4,UPI,3,0,0.0,0,2,TIER_3_HIGH_RISK,0.459,1,2,13,1
ord_83244926,cust_773955,2603.44,UPI,18,8,0.4444,0,1,TIER_2,0.773,0,3,10,0
ord_46119092,cust_585089,1957.93,UPI,7,0,0.0,0,1,TIER_1_METRO,0.7,0,1,5,0
ord_36859824,cust_673923,1200.49,UPI,6,1,0.1667,0,1,TIER_2,0.919,3,1,15,0
ord_96787694,cust_499782,1595.07,COD,0,0,0.0,1,1,TIER_2,0.971,1,1,0,0
ord_57028309,cust_367308,738.77,COD,0,0,0.0,1,2,TIER_2,0.693,1,4,16,1
ord_87782638,cust_903767,252.19,COD,2,0,0.0,0,3,TIER_3_HIGH_RISK,0.51,3,1,8,1
ord_45556939,cust_620880,251.2,COD,1,0,0.0,0,1,TIER_3_HIGH_RISK,0.717,0,4,2,1
ord_29413938,cust_138909,2479.2,COD,9,0,0.0,0,1,TIER_2,0.915,2,2,10,0
ord_58152647,cust_779532,1832.78,COD,0,0,0.0,1,1,TIER_1_METRO,0.751,0,1,13,0
ord_15653278,cust_621228,1389.82,UPI,2,0,0.0,0,1,TIER_2,0.923,0,3,5,0
ord_37758630,cust_124992,5890.74,UPI,23,7,0.3043,0,1,TIER_2,0.725,0,1,21,0
ord_26310733,cust_901490,9888.59,UPI,5,2,0.4,0,1,TIER_3_HIGH_RISK,0.6,3,1,12,1
ord_52822943,cust_976468,1411.15,COD,3,0,0.0,0,4,TIER_1_METRO,0.956,0,1,8,0
ord_24495074,cust_129251,1449.72,UPI,0,0,0.0,1,1,TIER_3_HIGH_RISK,0.359,1,2,13,0
ord_36221432,cust_410085,1186.07,CARD,2,0,0.0,0,1,TIER_3_HIGH_RISK,0.68,1,1,17,0
ord_10607648,cust_592828,6212.12,COD,12,0,0.0,0,2,TIER_2,0.817,0,1,7,0
ord_85495233,cust_969810,1883.95,COD,0,0,0.0,1,1,TIER_2,0.866,0,4,11,0
ord_38814808,cust_201477,4518.85,UPI,0,0,0.0,1,1,TIER_1_METRO,0.905,2,1,11,0
ord_37883716,cust_845812,551.43,UPI,7,0,0.0,0,1,TIER_1_METRO,0.952,0,1,16,0
ord_51265043,cust_414348,3997.67,UPI,11,0,0.0,0,2,TIER_2,0.899,0,1,11,0
ord_91451590,cust_349406,641.51,UPI,6,0,0.0,0,1,TIER_3_HIGH_RISK,0.694,1,1,4,0
ord_35288599,cust_551182,1412.25,UPI,3,0,0.0,0,1,TIER_2,0.787,0,2,0,0
ord_34794122,cust_570974,369.61,UPI,2,0,0.0,0,1,TIER_2,0.87,0,1,21,0
ord_54524283,cust_954151,3628.37,COD,0,0,0.0,1,1,TIER_2,0.556,0,1,8,1
ord_20740829,cust_436476,1113.02,CARD,0,0,0.0,1,1,TIER_2,0.88,0,2,10,0
ord_25483602,cust_864743,567.74,NETBANKING,9,0,0.0,0,1,TIER_3_HIGH_RISK,0.802,1,2,12,0
ord_52090671,cust_446241,1358.43,COD,0,0,0.0,1,1,TIER_2,0.899,0,2,2,1
ord_96566339,cust_492568,1841.65,CARD,2,0,0.0,0,1,TIER_1_METRO,0.556,3,2,13,0
ord_15567768,cust_441572,857.33,NETBANKING,7,0,0.0,0,1,TIER_3_HIGH_RISK,0.765,0,2,16,0
ord_43733732,cust_129553,834.0,CARD,6,0,0.0,0,1,TIER_2,0.92,2,1,21,0
ord_58170987,cust_101532,1203.65,UPI,8,0,0.0,0,1,TIER_2,0.566,0,2,6,0
ord_88846396,cust_447694,891.67,UPI,0,0,0.0,1,1,TIER_1_METRO,0.836,0,1,13,0
ord_53133323,cust_751387,836.61,COD,0,0,0.0,1,1,TIER_1_METRO,0.81,0,1,12,1
ord_34244264,cust_325962,1192.19,COD,5,0,0.0,0,1,TIER_2,0.802,0,2,10,0
ord_93020762,cust_802183,2914.09,UPI,8,1,0.125,0,2,TIER_1_METRO,0.9,0,4,15,0
ord_75833124,cust_472580,618.29,UPI,5,0,0.0,0,1,TIER_3_HIGH_RISK,0.832,1,4,15,0
ord_11115059,cust_498009,638.55,COD,0,0,0.0,1,1,TIER_2,0.645,2,1,2,1
ord_46831992,cust_857939,2214.35,UPI,0,0,0.0,1,1,TIER_1_METRO,0.736,1,1,0,0
ord_89422317,cust_183698,469.65,COD,0,0,0.0,1,1,TIER_1_METRO,0.8,2,2,19,0
ord_83793465,cust_467507,700.89,COD,0,0,0.0,1,3,TIER_2,0.859,0,8,17,1
ord_90440554,cust_184600,791.32,CARD,4,0,0.0,0,1,TIER_2,0.875,0,1,19,0
ord_86506732,cust_843186,4048.2,COD,5,0,0.0,0,1,TIER_2,0.707,1,1,22,1
ord_66703048,cust_507228,1520.03,UPI,15,1,0.0667,0,2,TIER_3_HIGH_RISK,0.462,0,1,8,1
ord_19030672,cust_887258,385.41,CARD,10,4,0.4,0,1,TIER_3_HIGH_RISK,0.489,0,1,15,1
ord_48427123,cust_990432,7334.58,COD,12,0,0.0,0,1,TIER_2,0.363,0,1,12,0
ord_55388538,cust_587028,880.42,COD,7,0,0.0,0,2,TIER_2,0.791,2,1,16,0
ord_83041436,cust_690512,1689.9,COD,0,0,0.0,1,1,TIER_3_HIGH_RISK,0.572,0,2,5,1
ord_71481167,cust_709288,2542.01,UPI,0,0,0.0,1,2,TIER_1_METRO,0.559,2,1,0,0
ord_39073121,cust_855053,808.13,COD,8,0,0.0,0,1,TIER_1_METRO,0.91,0,1,16,0
ord_35329097,cust_146025,1060.88,UPI,0,0,0.0,1,1,TIER_2,0.732,0,2,1,0
ord_38413964,cust_979215,508.56,COD,0,0,0.0,1,3,TIER_2,0.943,1,1,10,1
ord_74999068,cust_562833,1484.12,CARD,15,4,0.2667,0,1,TIER_2,0.363,0,3,5,0
ord_33711646,cust_255194,4396.55,UPI,10,0,0.0,0,3,TIER_2,0.912,0,1,21,0
ord_61982996,cust_331120,1222.05,COD,8,0,0.0,0,1,TIER_2,0.619,0,3,4,0
ord_23315092,cust_493236,1153.15,COD,5,0,0.0,0,1,TIER_1_METRO,0.629,0,2,1,0
ord_24235345,cust_412518,2692.44,UPI,7,0,0.0,0,1,TIER_3_HIGH_RISK,0.851,0,1,14,0
ord_22139820,cust_847661,2254.13,UPI,0,0,0.0,1,5,TIER_1_METRO,0.948,1,1,14,0
ord_31921117,cust_406489,1389.95,UPI,0,0,0.0,1,4,TIER_2,0.701,0,2,19,1
ord_55462607,cust_882428,249.0,COD,11,0,0.0,0,1,TIER_3_HIGH_RISK,0.847,0,3,23,0
ord_20252881,cust_100056,2272.79,UPI,9,0,0.0,0,1,TIER_2,0.684,1,2,11,0
ord_59690168,cust_417531,1281.19,COD,3,0,0.0,0,1,TIER_2,0.849,3,1,22,1
ord_75755571,cust_741316,532.87,COD,18,0,0.0,0,1,TIER_2,0.882,0,2,1,0
ord_29581876,cust_672959,1345.72,UPI,4,0,0.0,0,1,TIER_2,0.913,2,1,2,0
ord_32315019,cust_311470,2840.17,UPI,0,0,0.0,1,1,TIER_1_METRO,0.707,2,2,10,0
ord_23938736,cust_911662,1852.6,COD,5,0,0.0,0,5,TIER_3_HIGH_RISK,0.432,0,3,19,1
ord_81668376,cust_385151,1821.43,UPI,0,0,0.0,1,1,TIER_1_METRO,0.693,0,1,11,0
ord_79185062,cust_232430,777.02,UPI,13,1,0.0769,0,1,TIER_1_METRO,0.849,0,2,18,0
ord_73331266,cust_996009,249.0,COD,0,0,0.0,1,2,TIER_1_METRO,0.95,0,3,14,0
ord_82851397,cust_439403,1186.84,UPI,0,0,0.0,1,1,TIER_2,0.705,0,4,23,0
ord_38376747,cust_412279,409.51,COD,3,0,0.0,0,3,TIER_1_METRO,0.702,1,2,11,0
ord_43495435,cust_308990,3465.5,COD,13,2,0.1538,0,1,TIER_1_METRO,0.596,0,1,21,0
ord_93132323,cust_635900,391.4,COD,0,0,0.0,1,1,TIER_2,0.781,0,3,5,1
ord_41866913,cust_843588,357.82,CARD,0,0,0.0,1,5,TIER_2,0.678,0,1,21,0
ord_10955205,cust_157995,2478.61,UPI,3,0,0.0,0,1,TIER_2,0.864,2,2,11,0
ord_61923821,cust_565393,1361.7,COD,6,0,0.0,0,1,TIER_2,0.915,0,1,21,0
ord_93531892,cust_139906,951.38,COD,1,0,0.0,0,1,TIER_1_METRO,0.733,0,2,21,0
ord_33829926,cust_210295,249.0,COD,1,0,0.0,0,5,TIER_1_METRO,0.94,0,3,8,0
ord_18214025,cust_669262,827.6,COD,6,2,0.3333,0,1,TIER_1_METRO,0.784,0,1,11,0
ord_46020281,cust_155569,2481.55,NETBANKING,7,0,0.0,0,5,TIER_1_METRO,0.799,2,1,7,0
ord_12361331,cust_922740,1148.88,CARD,8,0,0.0,0,1,TIER_2,0.915,0,1,9,0
ord_36237808,cust_285576,596.9,COD,0,0,0.0,1,1,TIER_2,0.943,2,2,19,1
ord_79766167,cust_820980,1268.18,COD,0,0,0.0,1,1,TIER_2,0.651,0,1,7,0
ord_68638329,cust_391922,1254.39,UPI,0,0,0.0,1,1,TIER_3_HIGH_RISK,0.423,0,2,9,0
ord_74634087,cust_721163,475.19,UPI,0,0,0.0,1,1,TIER_2,0.678,0,1,21,0
ord_58491820,cust_263704,4649.96,UPI,9,0,0.0,0,1,TIER_2,0.791,2,1,19,0
ord_40973266,cust_778544,1290.19,COD,0,0,0.0,1,1,TIER_1_METRO,0.732,1,1,9,0
ord_22210878,cust_477282,2568.77,COD,3,0,0.0,0,1,TIER_1_METRO,0.853,0,1,5,0
ord_19285773,cust_745731,1885.68,COD,0,0,0.0,1,2,TIER_3_HIGH_RISK,0.68,1,5,16,1
ord_44357346,cust_553192,2358.52,COD,0,0,0.0,1,1,TIER_1_METRO,0.543,1,1,20,0
ord_12292056,cust_231148,1006.27,COD,0,0,0.0,1,1,TIER_1_METRO,0.754,1,1,23,1
ord_11636675,cust_967164,2055.36,COD,0,0,0.0,1,1,TIER_1_METRO,0.769,1,5,14,1
ord_62297378,cust_156625,3535.12,COD,0,0,0.0,1,1,TIER_2,0.684,0,1,7,1
ord_21059860,cust_785401,407.71,CARD,5,0,0.0,0,1,TIER_2,0.89,1,2,4,0
ord_34247612,cust_743780,1183.01,COD,0,0,0.0,1,1,TIER_1_METRO,0.975,0,3,2,0
ord_36829829,cust_870064,1563.14,COD,7,0,0.0,0,1,TIER_2,0.925,2,1,20,0
ord_67302394,cust_119121,419.42,UPI,8,0,0.0,0,1,TIER_2,0.811,0,1,10,0
ord_45044928,cust_405194,1912.97,CARD,5,0,0.0,0,1,TIER_2,0.757,0,4,5,0
ord_97349431,cust_263878,747.19,COD,3,2,0.6667,0,2,TIER_3_HIGH_RISK,0.862,0,1,19,1
ord_18467351,cust_767826,1355.84,COD,0,0,0.0,1,4,TIER_1_METRO,0.854,1,2,17,1
ord_96209256,cust_826670,2487.48,COD,12,1,0.0833,0,3,TIER_1_METRO,0.821,0,1,19,1
ord_97762425,cust_767751,1141.44,CARD,0,0,0.0,1,1,TIER_1_METRO,0.654,1,5,1,0
ord_68929142,cust_577347,712.19,COD,11,0,0.0,0,1,TIER_1_METRO,0.849,0,3,16,0
ord_88193035,cust_893629,2069.98,COD,3,0,0.0,0,1,TIER_2,0.883,1,1,8,0
ord_90539150,cust_826610,1340.72,COD,0,0,0.0,1,1,TIER_1_METRO,0.929,0,4,22,0
ord_73539547,cust_804136,402.06,UPI,0,0,0.0,1,1,TIER_3_HIGH_RISK,0.713,2,4,13,0
ord_14528458,cust_486505,2458.06,CARD,0,0,0.0,1,3,TIER_2,0.531,1,4,5,1
ord_65471391,cust_226259,799.82,COD,0,0,0.0,1,1,TIER_1_METRO,0.54,0,1,3,1
ord_15313280,cust_599248,688.28,COD,14,2,0.1429,0,1,TIER_1_METRO,0.601,1,1,19,0
ord_39009204,cust_410250,422.54,COD,0,0,0.0,1,1,TIER_1_METRO,0.72,3,1,14,1
ord_45131847,cust_780049,3111.68,COD,0,0,0.0,1,1,TIER_3_HIGH_RISK,0.778,0,2,7,1
ord_38398068,cust_756318,869.18,COD,6,0,0.0,0,1,TIER_2,0.672,1,1,11,0
ord_33226944,cust_145420,2764.57,COD,5,0,0.0,0,1,TIER_2,0.906,0,2,18,0
ord_44027235,cust_792403,468.69,UPI,4,0,0.0,0,1,TIER_1_METRO,0.739,0,2,12,0
ord_21498649,cust_956652,1668.92,COD,1,1,1.0,0,1,TIER_2,0.881,1,1,12,1
ord_35789402,cust_467209,1203.54,UPI,0,0,0.0,1,1,TIER_1_METRO,0.584,0,1,2,0
ord_17838941,cust_837411,448.84,COD,0,0,0.0,1,2,TIER_2,0.538,1,4,22,0
ord_98301319,cust_152763,1499.05,COD,3,0,0.0,0,3,TIER_1_METRO,0.866,0,3,1,0
ord_79551130,cust_533073,856.8,UPI,6,0,0.0,0,1,TIER_3_HIGH_RISK,0.639,0,1,5,0
ord_83574241,cust_420762,1060.25,UPI,0,0,0.0,1,1,TIER_3_HIGH_RISK,0.852,0,1,17,0
ord_60508330,cust_114559,868.96,NETBANKING,7,2,0.2857,0,1,TIER_1_METRO,0.822,2,1,0,0
ord_16285088,cust_482478,1337.13,COD,0,0,0.0,1,1,TIER_1_METRO,0.534,0,1,9,1
ord_15369337,cust_319831,2737.23,COD,10,1,0.1,0,2,TIER_2,0.564,1,1,4,0
ord_37015955,cust_193391,2442.9,COD,0,0,0.0,1,1,TIER_3_HIGH_RISK,0.619,0,1,12,1
ord_12350876,cust_194200,1092.96,COD,3,0,0.0,0,1,TIER_1_METRO,0.718,0,1,22,0
ord_94938505,cust_563378,1906.5,UPI,10,0,0.0,0,1,TIER_1_METRO,0.736,0,2,9,0
ord_68856053,cust_936232,1185.16,UPI,4,0,0.0,0,1,TIER_1_METRO,0.714,2,1,18,0
ord_83378188,cust_605655,997.73,COD,2,1,0.5,0,1,TIER_1_METRO,0.489,0,1,4,1
ord_52640429,cust_378829,871.53,UPI,0,0,0.0,1,1,TIER_3_HIGH_RISK,0.869,0,1,21,1
ord_77326178,cust_698780,677.68,UPI,7,0,0.0,0,1,TIER_3_HIGH_RISK,0.309,1,1,4,0
ord_79145585,cust_339198,2509.37,COD,0,0,0.0,1,1,TIER_1_METRO,0.652,0,1,15,1
ord_81415950,cust_108109,1581.14,COD,0,0,0.0,1,1,TIER_1_METRO,0.715,1,2,13,0
ord_82034097,cust_506410,1207.62,COD,4,0,0.0,0,1,TIER_2,0.782,1,2,23,0
ord_46147291,cust_312694,1705.06,COD,11,2,0.1818,0,1,TIER_2,0.892,1,2,0,0
ord_76975323,cust_817497,1612.3,COD,0,0,0.0,1,1,TIER_3_HIGH_RISK,0.797,3,1,21,1
ord_43819258,cust_862314,463.76,COD,4,1,0.25,0,2,TIER_3_HIGH_RISK,0.613,0,8,4,1
ord_31217066,cust_421064,800.09,CARD,3,0,0.0,0,1,TIER_1_METRO,0.734,1,1,8,0
ord_76353214,cust_872112,2954.92,UPI,0,0,0.0,1,1,TIER_2,0.672,0,1,11,0
ord_71356950,cust_437044,1814.22,CARD,0,0,0.0,1,1,TIER_1_METRO,0.836,1,1,15,0
ord_67338102,cust_490929,1737.18,COD,0,0,0.0,1,1,TIER_3_HIGH_RISK,0.754,0,2,16,0
ord_95276678,cust_357470,2048.12,UPI,5,0,0.0,0,1,TIER_1_METRO,0.831,1,2,19,0
ord_73645080,cust_226283,1052.32,UPI,5,0,0.0,0,1,TIER_1_METRO,0.544,0,1,21,0
ord_57852900,cust_230864,1032.37,COD,0,0,0.0,1,1,TIER_1_METRO,0.714,2,1,18,0
ord_12141912,cust_690301,1277.38,COD,6,0,0.0,0,1,TIER_2,0.823,0,3,2,0
ord_70125675,cust_751088,3423.1,COD,9,1,0.1111,0,1,TIER_2,0.653,0,1,15,0
ord_95871484,cust_117985,489.55,UPI,7,0,0.0,0,1,TIER_2,0.626,2,2,2,0
ord_67003676,cust_376772,311.48,CARD,14,2,0.1429,0,2,TIER_3_HIGH_RISK,0.738,1,2,12,1
ord_42329657,cust_185261,698.51,COD,0,0,0.0,1,1,TIER_2,0.795,1,2,9,1
ord_71431741,cust_244051,1310.71,COD,7,0,0.0,0,1,TIER_2,0.689,1,1,18,0
ord_37577420,cust_743113,960.42,UPI,11,0,0.0,0,2,TIER_1_METRO,0.913,0,4,21,0
ord_30568697,cust_783098,1547.24,CARD,4,0,0.0,0,1,TIER_1_METRO,0.716,0,1,17,0
ord_86854214,cust_432705,1618.22,COD,9,1,0.1111,0,1,TIER_2,0.648,0,1,14,1
ord_55103150,cust_498270,378.01,UPI,0,0,0.0,1,1,TIER_2,0.822,0,1,2,0
ord_68854863,cust_512525,2755.41,CARD,0,0,0.0,1,1,TIER_1_METRO,0.652,1,1,18,0
ord_84925048,cust_380684,3022.89,NETBANKING,2,0,0.0,0,1,TIER_2,0.777,0,1,1,0
ord_20441909,cust_907329,352.33,UPI,0,0,0.0,1,1,TIER_2,0.919,0,2,12,0
ord_46722156,cust_116643,595.87,COD,0,0,0.0,1,4,TIER_3_HIGH_RISK,0.536,0,1,18,1
ord_16504938,cust_674985,2975.63,COD,0,0,0.0,1,3,TIER_2,0.892,2,2,5,1
ord_22310059,cust_126245,766.6,COD,8,0,0.0,0,1,TIER_1_METRO,0.748,0,1,20,0
ord_31847630,cust_373219,813.71,COD,10,0,0.0,0,1,TIER_2,0.611,0,1,20,0
ord_82761884,cust_187942,3612.11,COD,0,0,0.0,1,2,TIER_3_HIGH_RISK,0.567,2,1,13,1
ord_25861936,cust_717838,537.72,UPI,4,1,0.25,0,1,TIER_3_HIGH_RISK,0.784,1,1,5,1
ord_61920052,cust_127429,3849.91,UPI,0,0,0.0,1,1,TIER_2,0.661,1,1,15,0
ord_99261733,cust_436795,468.57,CARD,0,0,0.0,1,1,TIER_2,0.565,0,1,12,0
ord_24577200,cust_150756,609.78,COD,4,0,0.0,0,1,TIER_3_HIGH_RISK,0.633,1,2,0,1
ord_50362075,cust_971103,1176.85,UPI,1,0,0.0,0,2,TIER_2,0.99,1,1,13,1
ord_50571791,cust_979871,564.48,UPI,4,1,0.25,0,1,TIER_1_METRO,0.499,1,1,22,0
ord_77611803,cust_948755,641.88,COD,7,2,0.2857,0,1,TIER_3_HIGH_RISK,0.723,0,1,23,1
ord_54107765,cust_359605,1015.42,COD,2,0,0.0,0,1,TIER_3_HIGH_RISK,0.836,0,3,12,1
ord_31133380,cust_156400,1485.86,UPI,8,3,0.375,0,2,TIER_3_HIGH_RISK,0.6,1,1,2,1
ord_48531252,cust_736984,1435.36,UPI,7,1,0.1429,0,4,TIER_2,0.706,0,1,18,0
ord_82365447,cust_561811,956.81,UPI,9,3,0.3333,0,1,TIER_3_HIGH_RISK,0.159,0,1,7,1
ord_16292518,cust_291929,529.94,COD,15,0,0.0,0,1,TIER_2,0.512,2,2,7,0
ord_67240646,cust_787554,590.96,COD,2,0,0.0,0,1,TIER_3_HIGH_RISK,0.807,3,1,21,1
ord_61290552,cust_776446,781.44,COD,0,0,0.0,1,1,TIER_1_METRO,0.919,2,2,13,0
ord_91377652,cust_436216,3905.3,NETBANKING,9,1,0.1111,0,5,TIER_1_METRO,0.795,0,3,16,1
ord_64925225,cust_507766,766.29,CARD,1,0,0.0,0,1,TIER_2,0.92,2,2,21,0
ord_83111160,cust_825166,757.92,CARD,9,1,0.1111,0,1,TIER_3_HIGH_RISK,0.611,1,2,7,0
ord_23072770,cust_327557,704.74,COD,0,0,0.0,1,2,TIER_3_HIGH_RISK,0.824,1,2,20,1
ord_16942263,cust_814952,841.58,UPI,0,0,0.0,1,3,TIER_1_METRO,0.63,0,2,9,1
ord_70945797,cust_992284,536.0,COD,3,0,0.0,0,2,TIER_1_METRO,0.679,0,3,10,0
ord_77409631,cust_440039,1714.14,COD,0,0,0.0,1,2,TIER_3_HIGH_RISK,0.794,2,3,13,1
ord_93854729,cust_347067,1618.36,UPI,7,1,0.1429,0,1,TIER_2,0.671,2,1,0,0
ord_42469815,cust_545729,643.32,COD,18,0,0.0,0,1,TIER_1_METRO,0.93,3,1,0,0
ord_15579079,cust_343907,955.34,UPI,0,0,0.0,1,1,TIER_2,0.791,3,3,1,0
ord_37532185,cust_340456,1478.43,UPI,3,0,0.0,0,2,TIER_1_METRO,0.635,1,4,1,0
ord_34954255,cust_206680,2461.88,NETBANKING,1,0,0.0,0,1,TIER_3_HIGH_RISK,0.458,2,1,0,0
ord_94717715,cust_256131,563.69,COD,0,0,0.0,1,1,TIER_1_METRO,0.607,1,2,0,0
ord_48854533,cust_765655,480.15,COD,9,0,0.0,0,1,TIER_2,0.803,1,4,4,0
ord_11196311,cust_187919,315.69,COD,4,0,0.0,0,1,TIER_2,0.916,1,1,0,0
ord_58489153,cust_300229,249.0,COD,2,0,0.0,0,1,TIER_1_METRO,0.582,0,1,5,1
ord_67704449,cust_265202,510.04,COD,10,0,0.0,0,1,TIER_2,0.6,1,1,9,0
ord_44344455,cust_851283,3127.79,UPI,0,0,0.0,1,1,TIER_3_HIGH_RISK,0.796,1,1,14,0
ord_54607536,cust_587310,821.25,UPI,1,0,0.0,0,2,TIER_3_HIGH_RISK,0.706,1,1,2,0
ord_31587590,cust_916327,1449.05,COD,7,0,0.0,0,1,TIER_1_METRO,0.71,0,1,7,0
ord_93693742,cust_871896,3980.35,UPI,6,0,0.0,0,2,TIER_1_METRO,0.863,0,2,6,0
ord_72648941,cust_322686,1799.12,COD,2,0,0.0,0,1,TIER_3_HIGH_RISK,0.739,0,1,7,0
ord_21319247,cust_745558,2552.96,COD,4,1,0.25,0,5,TIER_2,0.812,0,3,8,1
ord_81264168,cust_579053,1234.47,COD,0,0,0.0,1,1,TIER_1_METRO,0.816,0,1,20,0
ord_82029655,cust_876890,1960.29,COD,0,0,0.0,1,1,TIER_3_HIGH_RISK,0.484,2,1,21,1
ord_55811747,cust_449152,488.82,UPI,4,1,0.25,0,2,TIER_2,0.56,1,1,1,1
ord_83683773,cust_410325,267.07,UPI,6,0,0.0,0,1,TIER_2,0.791,0,1,18,0
ord_73200828,cust_241263,1484.79,COD,0,0,0.0,1,1,TIER_2,0.749,0,1,12,0
ord_60275547,cust_568295,2133.49,COD,1,0,0.0,0,1,TIER_3_HIGH_RISK,0.643,0,1,18,1
ord_30696165,cust_510761,1991.79,CARD,9,0,0.0,0,1,TIER_1_METRO,0.929,0,1,12,0
ord_89165063,cust_197069,2606.55,COD,0,0,0.0,1,2,TIER_3_HIGH_RISK,0.774,0,1,16,1
ord_97780405,cust_247683,358.99,UPI,8,0,0.0,0,1,TIER_2,0.552,0,2,7,0
ord_99013399,cust_991015,2468.41,COD,0,0,0.0,1,1,TIER_1_METRO,0.688,2,1,14,0
ord_34061606,cust_939433,1003.36,UPI,3,0,0.0,0,1,TIER_2,0.866,2,2,15,0
ord_82739625,cust_288327,719.82,CARD,6,0,0.0,0,1,TIER_1_METRO,0.683,0,1,21,0
ord_27071962,cust_566869,1528.59,COD,0,0,0.0,1,3,TIER_1_METRO,0.822,0,1,5,1
ord_88502806,cust_377721,1097.24,UPI,30,0,0.0,0,1,TIER_2,0.908,0,2,18,0
ord_62292039,cust_301489,386.26,COD,3,0,0.0,0,2,TIER_1_METRO,0.958,2,3,10,0
ord_84052985,cust_557391,1846.67,COD,0,0,0.0,1,1,TIER_2,0.667,1,1,15,0
ord_12341978,cust_360281,2415.76,UPI,2,1,0.5,0,1,TIER_2,0.741,0,1,9,1
ord_64637105,cust_319547,1745.78,COD,0,0,0.0,1,1,TIER_2,0.791,0,2,6,1
ord_82141525,cust_489301,508.52,CARD,3,1,0.3333,0,1,TIER_2,0.828,2,1,21,1
ord_39811197,cust_505234,748.13,UPI,5,2,0.4,0,1,TIER_2,0.894,1,1,19,1
ord_39963888,cust_304781,1238.48,CARD,6,2,0.3333,0,1,TIER_2,0.718,0,1,7,0
ord_79186509,cust_717909,999.81,UPI,7,0,0.0,0,1,TIER_1_METRO,0.91,1,2,21,0
ord_37856367,cust_902838,669.24,COD,5,0,0.0,0,3,TIER_1_METRO,0.618,0,2,10,0
ord_99638693,cust_926297,2062.4,CARD,0,0,0.0,1,1,TIER_2,0.831,2,1,1,1
ord_73640055,cust_554788,1954.75,UPI,4,0,0.0,0,2,TIER_3_HIGH_RISK,0.632,1,1,19,0
ord_59859178,cust_951956,1111.51,COD,8,0,0.0,0,1,TIER_3_HIGH_RISK,0.635,2,2,9,0
ord_40803919,cust_397992,1625.45,COD,4,1,0.25,0,1,TIER_3_HIGH_RISK,0.747,0,2,1,1
ord_68169884,cust_132696,1045.86,UPI,2,0,0.0,0,1,TIER_2,0.46,0,1,20,1
ord_16638111,cust_864510,5602.01,UPI,1,0,0.0,0,1,TIER_1_METRO,0.941,2,3,18,0
ord_35209588,cust_328443,469.14,UPI,0,0,0.0,1,1,TIER_2,0.52,0,1,4,0
ord_59037195,cust_986825,847.53,UPI,0,0,0.0,1,2,TIER_2,0.876,0,1,10,1
ord_17611432,cust_406984,993.73,COD,0,0,0.0,1,1,TIER_2,0.863,0,4,6,0
ord_27363686,cust_314075,858.0,NETBANKING,0,0,0.0,1,2,TIER_2,0.862,0,5,10,1
ord_57809902,cust_534812,992.38,COD,5,0,0.0,0,2,TIER_1_METRO,0.9,1,1,3,0
ord_96039963,cust_179882,974.54,UPI,8,0,0.0,0,1,TIER_2,0.879,2,2,6,0
ord_47375319,cust_787619,249.0,COD,4,0,0.0,0,1,TIER_1_METRO,0.686,0,2,6,0
ord_25214586,cust_343415,1306.41,COD,8,0,0.0,0,1,TIER_1_METRO,0.715,0,1,1,0
ord_44456905,cust_807887,1562.48,COD,0,0,0.0,1,1,TIER_1_METRO,0.802,0,1,17,0
ord_75141905,cust_444165,1625.85,COD,0,0,0.0,1,1,TIER_2,0.819,1,3,11,0
ord_61580368,cust_459510,1536.77,UPI,11,0,0.0,0,2,TIER_3_HIGH_RISK,0.742,0,3,14,0
ord_49384827,cust_692769,1390.84,CARD,0,0,0.0,1,1,TIER_3_HIGH_RISK,0.462,0,2,3,1
ord_84984753,cust_976022,2697.22,COD,5,0,0.0,0,1,TIER_1_METRO,0.971,3,2,6,0
ord_99405883,cust_102998,1292.85,UPI,6,1,0.1667,0,1,TIER_1_METRO,0.851,2,5,13,1
ord_22479210,cust_774877,772.21,COD,0,0,0.0,1,2,TIER_1_METRO,0.843,0,2,10,0
ord_63444607,cust_444707,2301.05,CARD,13,0,0.0,0,1,TIER_2,0.765,0,1,20,0
ord_36299578,cust_875575,1177.74,COD,2,0,0.0,0,1,TIER_1_METRO,0.702,1,1,3,0
ord_63892568,cust_521648,1235.41,UPI,10,0,0.0,0,1,TIER_3_HIGH_RISK,0.505,0,2,0,0
ord_82807712,cust_510646,1416.76,COD,5,0,0.0,0,1,TIER_2,0.757,2,1,5,0
ord_91092741,cust_543366,1660.75,COD,0,0,0.0,1,1,TIER_3_HIGH_RISK,0.686,2,2,9,1
ord_13764993,cust_602578,1094.0,CARD,0,0,0.0,1,1,TIER_3_HIGH_RISK,0.485,0,1,21,1
ord_45883199,cust_357505,1249.92,CARD,0,0,0.0,1,1,TIER_3_HIGH_RISK,0.394,0,2,8,0
ord_43357473,cust_180800,391.79,COD,3,0,0.0,0,1,TIER_2,0.828,2,1,1,0
ord_58617184,cust_959404,773.39,COD,9,0,0.0,0,1,TIER_2,0.778,1,1,17,0
ord_38462405,cust_845543,697.71,UPI,17,2,0.1176,0,1,TIER_2,0.508,0,1,20,0
ord_15544223,cust_490523,1281.89,UPI,0,0,0.0,1,1,TIER_1_METRO,0.857,1,1,5,0
ord_63253228,cust_909197,2792.43,COD,0,0,0.0,1,1,TIER_2,0.804,0,1,11,1
ord_15005231,cust_763062,867.91,COD,0,0,0.0,1,1,TIER_1_METRO,0.525,1,1,13,0
ord_66882318,cust_973778,4476.39,UPI,0,0,0.0,1,1,TIER_3_HIGH_RISK,0.279,1,1,22,0
ord_25780630,cust_804825,874.7,COD,2,0,0.0,0,1,TIER_3_HIGH_RISK,0.715,0,1,7,1
ord_42391010,cust_212046,513.88,COD,0,0,0.0,1,1,TIER_3_HIGH_RISK,0.677,0,1,11,1
ord_12757398,cust_843212,2178.23,COD,0,0,0.0,1,2,TIER_1_METRO,0.726,2,5,22,1
ord_90002034,cust_787843,3437.89,UPI,0,0,0.0,1,1,TIER_3_HIGH_RISK,0.362,0,3,0,1
ord_95666328,cust_927946,1523.26,UPI,0,0,0.0,1,2,TIER_2,0.559,0,1,17,0
ord_96972025,cust_162995,1567.34,COD,9,1,0.1111,0,1,TIER_1_METRO,0.894,0,3,23,0
ord_64095549,cust_482323,1757.5,COD,0,0,0.0,1,1,TIER_2,0.645,1,1,19,1
ord_60147490,cust_185591,1176.07,COD,0,0,0.0,1,3,TIER_2,0.809,3,3,23,1
ord_75166761,cust_552488,959.78,UPI,20,2,0.1,0,1,TIER_2,0.64,1,4,16,0
ord_80393185,cust_623566,417.42,COD,9,1,0.1111,0,1,TIER_1_METRO,0.681,0,1,2,1
ord_36860336,cust_792146,3466.91,COD,8,0,0.0,0,3,TIER_3_HIGH_RISK,0.563,0,1,7,1
ord_81513977,cust_263233,1016.21,UPI,0,0,0.0,1,1,TIER_1_METRO,0.64,0,1,9,0
ord_34998095,cust_593663,907.22,UPI,6,0,0.0,0,1,TIER_2,0.706,0,2,2,0
ord_70975107,cust_903543,1941.35,NETBANKING,5,0,0.0,0,1,TIER_1_METRO,0.851,0,1,23,0
ord_64775927,cust_997593,1532.57,COD,0,0,0.0,1,1,TIER_3_HIGH_RISK,0.349,0,2,22,1
ord_37895885,cust_719694,2131.29,COD,0,0,0.0,1,1,TIER_3_HIGH_RISK,0.768,0,5,14,1
ord_57082866,cust_344335,1329.34,UPI,10,0,0.0,0,1,TIER_1_METRO,0.588,1,1,23,0
ord_55112491,cust_735847,2740.24,NETBANKING,0,0,0.0,1,1,TIER_1_METRO,0.659,1,1,4,0
ord_20320855,cust_240973,1478.01,UPI,10,4,0.4,0,2,TIER_2,0.918,1,1,3,1
ord_87496557,cust_558450,2944.2,COD,2,0,0.0,0,1,TIER_2,0.6,0,4,17,0
ord_80542236,cust_158204,1348.49,CARD,5,0,0.0,0,3,TIER_1_METRO,0.957,0,1,16,0
ord_44874739,cust_702260,1419.48,COD,0,0,0.0,1,1,TIER_2,0.819,0,1,15,0
ord_35667599,cust_207576,2186.14,UPI,2,0,0.0,0,1,TIER_1_METRO,0.935,0,1,23,0
ord_84036280,cust_263754,1930.68,NETBANKING,4,0,0.0,0,3,TIER_3_HIGH_RISK,0.762,0,3,22,0
ord_40380460,cust_249080,536.59,NETBANKING,0,0,0.0,1,1,TIER_1_METRO,0.625,1,1,7,0
ord_13991818,cust_286773,652.2,COD,0,0,0.0,1,1,TIER_1_METRO,0.776,2,1,6,0
ord_75554800,cust_498933,874.76,COD,0,0,0.0,1,1,TIER_3_HIGH_RISK,0.42,3,2,0,1
ord_84020480,cust_320194,418.64,COD,7,0,0.0,0,3,TIER_1_METRO,0.941,1,1,17,0
ord_20922181,cust_503048,1285.53,CARD,0,0,0.0,1,1,TIER_2,0.872,0,1,12,0
ord_89947269,cust_145900,1731.12,COD,7,0,0.0,0,1,TIER_3_HIGH_RISK,0.566,0,4,1,0
ord_58492002,cust_597882,3913.3,COD,0,0,0.0,1,3,TIER_2,0.978,0,1,18,1
ord_93055484,cust_760352,1046.91,COD,0,0,0.0,1,1,TIER_1_METRO,0.945,0,1,7,0
ord_65851596,cust_486822,3085.66,NETBANKING,10,0,0.0,0,1,TIER_1_METRO,0.896,0,1,20,0
ord_97753580,cust_941830,3230.87,COD,3,0,0.0,0,1,TIER_2,0.469,2,2,14,1
ord_83033080,cust_346328,1277.33,UPI,8,0,0.0,0,2,TIER_1_METRO,0.947,0,3,11,0
ord_36694369,cust_315716,2637.5,COD,6,0,0.0,0,3,TIER_2,0.963,1,2,6,0
ord_91550308,cust_988886,2151.32,NETBANKING,5,0,0.0,0,1,TIER_2,0.968,2,2,8,0
ord_61071824,cust_988522,316.53,COD,12,0,0.0,0,1,TIER_1_METRO,0.658,1,3,13,0
ord_47187064,cust_270316,1912.95,COD,0,0,0.0,1,1,TIER_1_METRO,0.832,0,2,11,0
ord_59034818,cust_490122,2743.24,UPI,17,0,0.0,0,2,TIER_1_METRO,0.743,0,1,8,0
ord_62546474,cust_707563,2358.61,COD,0,0,0.0,1,2,TIER_3_HIGH_RISK,0.439,1,4,6,1
ord_37397770,cust_938147,3958.5,CARD,4,0,0.0,0,1,TIER_3_HIGH_RISK,0.882,0,3,12,0
ord_10928252,cust_637507,339.47,CARD,5,0,0.0,0,1,TIER_1_METRO,0.952,1,1,14,0
ord_66394473,cust_817039,826.29,UPI,0,0,0.0,1,1,TIER_1_METRO,0.824,0,8,0,0
ord_13246532,cust_470570,1294.65,UPI,6,0,0.0,0,1,TIER_1_METRO,0.564,1,1,3,0
ord_58184496,cust_622126,2283.4,COD,0,0,0.0,1,1,TIER_2,0.831,1,2,22,1
ord_68860945,cust_291506,3436.57,UPI,0,0,0.0,1,1,TIER_3_HIGH_RISK,0.423,0,2,14,1
ord_70961537,cust_109780,2854.75,UPI,3,1,0.3333,0,1,TIER_3_HIGH_RISK,0.785,0,1,0,1
ord_55956920,cust_341245,828.7,COD,12,0,0.0,0,1,TIER_1_METRO,0.834,0,3,14,0
ord_92795008,cust_147728,3221.91,COD,21,2,0.0952,0,1,TIER_1_METRO,0.837,0,4,10,0
ord_55143490,cust_839270,2781.24,COD,0,0,0.0,1,1,TIER_1_METRO,0.932,0,1,4,0
ord_78665873,cust_376532,1284.26,UPI,0,0,0.0,1,1,TIER_1_METRO,0.702,2,3,4,0
ord_87971230,cust_922294,4594.64,UPI,12,0,0.0,0,1,TIER_2,0.749,0,1,23,0
ord_20290759,cust_584715,3724.5,UPI,4,0,0.0,0,1,TIER_3_HIGH_RISK,0.393,0,1,16,0
ord_65655588,cust_185030,425.32,UPI,0,0,0.0,1,4,TIER_2,0.765,0,1,18,0
ord_47735088,cust_117352,2215.73,COD,0,0,0.0,1,1,TIER_2,0.605,0,4,4,1
ord_63225748,cust_490932,922.55,UPI,5,0,0.0,0,1,TIER_2,0.822,3,1,14,0
ord_31652023,cust_980360,2407.11,UPI,25,2,0.08,0,1,TIER_2,0.852,0,1,1,0
ord_15719347,cust_476720,934.11,UPI,0,0,0.0,1,1,TIER_1_METRO,0.785,2,4,21,0
ord_70779108,cust_477275,1496.72,UPI,3,0,0.0,0,1,TIER_1_METRO,0.725,1,1,5,0
ord_41441685,cust_166083,5001.92,UPI,0,0,0.0,1,1,TIER_2,0.87,1,1,13,0
ord_25961301,cust_324673,1015.01,UPI,0,0,0.0,1,3,TIER_3_HIGH_RISK,0.725,2,1,3,1
ord_60397515,cust_177185,1701.85,COD,0,0,0.0,1,1,TIER_2,0.923,0,1,17,0
ord_47018575,cust_346935,2535.49,COD,15,1,0.0667,0,3,TIER_3_HIGH_RISK,0.501,0,1,6,1
ord_93716481,cust_659347,2263.65,UPI,12,0,0.0,0,1,TIER_1_METRO,0.927,0,1,7,0
ord_99323229,cust_149334,1879.54,UPI,0,0,0.0,1,4,TIER_2,0.869,0,4,15,1
ord_68149762,cust_381648,1748.96,COD,0,0,0.0,1,2,TIER_1_METRO,0.72,2,2,11,1
ord_37253227,cust_308343,2319.29,COD,0,0,0.0,1,2,TIER_2,0.674,0,2,2,1
ord_98940009,cust_575308,1208.51,UPI,2,1,0.5,0,1,TIER_2,0.896,0,2,5,0
ord_62657816,cust_643249,308.83,COD,7,0,0.0,0,1,TIER_2,0.598,1,1,7,0
ord_47526801,cust_783700,1497.74,COD,4,0,0.0,0,1,TIER_3_HIGH_RISK,0.537,1,1,19,0
ord_65162316,cust_898407,980.1,COD,2,0,0.0,0,3,TIER_2,0.8,2,1,10,1
ord_58943534,cust_350537,2337.73,UPI,5,0,0.0,0,2,TIER_2,0.579,0,1,0,0
ord_45183472,cust_853020,1536.77,CARD,0,0,0.0,1,1,TIER_1_METRO,0.985,0,1,17,0
ord_11034023,cust_299269,803.52,COD,4,0,0.0,0,2,TIER_2,0.852,0,3,8,0
ord_31825552,cust_430130,718.14,UPI,1,0,0.0,0,1,TIER_1_METRO,0.507,1,1,0,0
ord_18074037,cust_249360,1849.81,NETBANKING,0,0,0.0,1,1,TIER_1_METRO,0.706,0,1,11,0
ord_23930333,cust_279577,1059.92,COD,12,0,0.0,0,1,TIER_3_HIGH_RISK,0.877,0,4,16,1
ord_13369720,cust_122205,249.0,COD,9,0,0.0,0,1,TIER_2,0.785,2,1,9,0
ord_49268380,cust_248616,302.77,COD,21,1,0.0476,0,1,TIER_2,0.518,0,1,7,0
ord_41502969,cust_356306,1321.76,COD,6,0,0.0,0,1,TIER_3_HIGH_RISK,0.857,1,3,14,0
ord_95949712,cust_162993,9622.69,COD,0,0,0.0,1,1,TIER_2,0.873,1,1,19,1
ord_70633142,cust_594771,1121.98,COD,0,0,0.0,1,1,TIER_2,0.788,0,4,9,1
ord_77891273,cust_641156,2218.48,UPI,13,1,0.0769,0,1,TIER_3_HIGH_RISK,0.469,0,1,18,0
ord_49483075,cust_280499,1564.15,CARD,0,0,0.0,1,1,TIER_1_METRO,0.941,0,1,4,0
ord_83741006,cust_282159,5479.37,UPI,21,0,0.0,0,2,TIER_1_METRO,0.855,0,1,11,0
ord_70936136,cust_875654,797.77,COD,0,0,0.0,1,1,TIER_1_METRO,0.763,0,4,7,0
ord_49302845,cust_857831,2566.55,COD,14,0,0.0,0,3,TIER_3_HIGH_RISK,0.671,0,3,19,1
ord_29720121,cust_240089,2777.82,COD,0,0,0.0,1,1,TIER_2,0.806,1,4,15,1
ord_72366569,cust_914217,634.63,COD,4,0,0.0,0,1,TIER_2,0.945,0,1,2,1
ord_55110158,cust_453277,761.15,UPI,8,0,0.0,0,2,TIER_2,0.833,0,3,4,1
ord_67683884,cust_156284,1544.02,COD,18,1,0.0556,0,1,TIER_1_METRO,0.812,2,1,22,0
ord_41281095,cust_747958,577.03,COD,0,0,0.0,1,1,TIER_1_METRO,0.903,1,1,7,0
ord_19818159,cust_629604,1908.74,CARD,7,0,0.0,0,1,TIER_3_HIGH_RISK,0.581,2,2,4,1
ord_42676719,cust_488690,1324.45,UPI,3,1,0.3333,0,1,TIER_3_HIGH_RISK,0.608,1,4,22,1
ord_99584318,cust_343746,2197.9,COD,0,0,0.0,1,1,TIER_1_METRO,0.661,0,2,9,0
ord_85923188,cust_472195,1395.94,CARD,0,0,0.0,1,2,TIER_2,0.756,2,1,15,0
ord_66430140,cust_400780,1997.74,COD,2,1,0.5,0,2,TIER_1_METRO,0.489,0,1,12,1
ord_91483152,cust_334855,623.98,NETBANKING,6,3,0.5,0,1,TIER_3_HIGH_RISK,0.614,0,1,21,0
ord_81167825,cust_954669,285.67,CARD,6,2,0.3333,0,2,TIER_1_METRO,0.787,1,2,11,0
ord_10115064,cust_438144,629.9,COD,12,1,0.0833,0,1,TIER_3_HIGH_RISK,0.798,1,1,11,1
ord_15918806,cust_394944,7532.76,COD,0,0,0.0,1,4,TIER_3_HIGH_RISK,0.892,0,2,4,1
ord_42943536,cust_895460,1624.44,COD,3,0,0.0,0,1,TIER_2,0.417,2,2,5,1
ord_15662110,cust_103413,2237.9,COD,0,0,0.0,1,2,TIER_1_METRO,0.715,1,2,10,1
ord_36088250,cust_602827,533.13,UPI,5,1,0.2,0,1,TIER_3_HIGH_RISK,0.635,0,1,12,0
ord_88625027,cust_743933,971.64,COD,4,1,0.25,0,1,TIER_2,0.631,0,2,2,1
ord_38465797,cust_364813,3791.16,COD,0,0,0.0,1,1,TIER_1_METRO,0.67,1,2,9,0
ord_10226884,cust_957312,1128.1,CARD,0,0,0.0,1,1,TIER_2,0.63,1,1,16,1
ord_15688505,cust_317972,665.66,COD,0,0,0.0,1,1,TIER_2,0.698,0,2,2,1
ord_97548747,cust_261355,800.28,NETBANKING,0,0,0.0,1,1,TIER_3_HIGH_RISK,0.523,0,2,12,0
ord_45362948,cust_515335,1056.84,CARD,5,0,0.0,0,1,TIER_1_METRO,0.853,2,4,6,0
ord_49747799,cust_592133,3155.3,CARD,5,1,0.2,0,3,TIER_1_METRO,0.777,1,1,4,0
ord_28161634,cust_133368,2906.24,COD,4,0,0.0,0,2,TIER_2,0.461,0,1,18,0
ord_22774615,cust_634561,2047.12,UPI,11,1,0.0909,0,2,TIER_3_HIGH_RISK,0.61,0,1,23,1
ord_65848911,cust_754102,565.89,COD,7,0,0.0,0,1,TIER_2,0.791,0,3,17,0
ord_49352521,cust_988620,534.21,COD,0,0,0.0,1,1,TIER_1_METRO,0.87,0,2,10,1
ord_48049943,cust_523345,1261.53,CARD,0,0,0.0,1,1,TIER_3_HIGH_RISK,0.909,0,2,8,0
ord_76880548,cust_216751,817.54,COD,5,0,0.0,0,1,TIER_1_METRO,0.929,0,1,17,0
ord_89491892,cust_834664,2481.31,UPI,0,0,0.0,1,1,TIER_1_METRO,0.652,2,2,16,0
ord_53463413,cust_978661,2500.28,COD,4,0,0.0,0,1,TIER_2,0.614,0,1,15,0
ord_66650147,cust_541652,1657.07,CARD,5,0,0.0,0,1,TIER_1_METRO,0.779,0,1,20,0
ord_19382586,cust_785628,1565.85,COD,1,0,0.0,0,1,TIER_2,0.49,0,2,11,0
ord_16737320,cust_596626,490.66,UPI,0,0,0.0,1,1,TIER_1_METRO,0.591,1,2,19,0
ord_32791342,cust_921632,877.4,UPI,0,0,0.0,1,1,TIER_3_HIGH_RISK,0.664,0,1,1,0
ord_34561090,cust_952435,1870.57,NETBANKING,8,0,0.0,0,1,TIER_1_METRO,0.925,0,3,1,0
ord_18412054,cust_639615,582.16,UPI,7,0,0.0,0,1,TIER_1_METRO,0.707,0,1,7,0
ord_70149996,cust_317412,1237.27,CARD,0,0,0.0,1,1,TIER_1_METRO,0.798,2,1,6,0
ord_35239821,cust_306068,249.0,COD,0,0,0.0,1,1,TIER_1_METRO,0.84,0,2,15,0
ord_28292770,cust_604703,1336.82,UPI,0,0,0.0,1,3,TIER_3_HIGH_RISK,0.402,0,1,5,1
ord_29580744,cust_439136,659.03,COD,13,1,0.0769,0,1,TIER_1_METRO,0.653,2,1,6,1
ord_75174203,cust_405868,2633.38,COD,24,3,0.125,0,2,TIER_2,0.856,1,4,14,0
ord_81439317,cust_311980,4102.29,COD,9,0,0.0,0,1,TIER_2,0.922,2,3,19,0
ord_44753961,cust_637091,609.08,COD,0,0,0.0,1,1,TIER_3_HIGH_RISK,0.795,0,1,17,1
ord_39125802,cust_624434,609.56,UPI,1,0,0.0,0,1,TIER_2,0.864,0,1,19,0
ord_78090462,cust_231866,1138.14,CARD,5,0,0.0,0,1,TIER_3_HIGH_RISK,0.579,0,1,12,0
ord_99920287,cust_216583,1078.44,COD,0,0,0.0,1,1,TIER_3_HIGH_RISK,0.431,0,2,6,1
ord_25342276,cust_399904,1580.21,CARD,0,0,0.0,1,1,TIER_2,0.749,1,5,10,0
ord_63291180,cust_279869,922.73,COD,8,0,0.0,0,1,TIER_1_METRO,0.903,1,2,8,0
ord_24136405,cust_689759,670.94,UPI,3,0,0.0,0,1,TIER_2,0.687,0,2,3,0
ord_74346562,cust_546187,1079.1,COD,0,0,0.0,1,1,TIER_2,0.973,0,1,10,0
ord_25576682,cust_915555,1187.37,COD,2,0,0.0,0,3,TIER_2,0.928,1,1,21,1
ord_62358041,cust_358329,1175.08,UPI,10,2,0.2,0,1,TIER_3_HIGH_RISK,0.592,0,1,4,0
ord_27750764,cust_280653,1164.8,COD,0,0,0.0,1,1,TIER_1_METRO,0.774,0,2,4,0
ord_61946342,cust_174310,679.46,CARD,0,0,0.0,1,1,TIER_3_HIGH_RISK,0.695,0,1,4,0
ord_86340125,cust_112202,2580.15,UPI,10,1,0.1,0,2,TIER_3_HIGH_RISK,0.812,0,1,0,1
ord_99402905,cust_390538,1410.75,UPI,2,0,0.0,0,5,TIER_1_METRO,0.792,3,2,0,1
ord_28121307,cust_642744,802.74,UPI,7,0,0.0,0,2,TIER_2,0.938,0,1,8,0
ord_35259300,cust_236343,765.14,COD,1,0,0.0,0,1,TIER_1_METRO,0.717,3,8,17,1
ord_74433202,cust_111955,3416.21,COD,6,0,0.0,0,1,TIER_3_HIGH_RISK,0.556,0,2,11,0
ord_58701012,cust_585208,992.54,UPI,1,0,0.0,0,1,TIER_1_METRO,0.954,0,1,15,0
ord_94572843,cust_630796,423.45,UPI,9,1,0.1111,0,1,TIER_3_HIGH_RISK,0.615,0,1,0,0
ord_45582274,cust_517541,1386.64,COD,0,0,0.0,1,2,TIER_2,0.709,0,2,16,1
ord_92908303,cust_930241,921.16,COD,4,0,0.0,0,1,TIER_1_METRO,0.833,0,2,7,0
ord_89656546,cust_628104,518.11,COD,3,0,0.0,0,2,TIER_1_METRO,0.872,1,3,11,0
ord_90095338,cust_664513,249.0,COD,6,1,0.1667,0,1,TIER_2,0.878,0,1,17,0
ord_57865579,cust_519464,4376.78,COD,0,0,0.0,1,1,TIER_3_HIGH_RISK,0.633,1,1,16,1
ord_65070027,cust_960885,738.36,UPI,0,0,0.0,1,1,TIER_1_METRO,0.736,0,1,22,0
ord_18015648,cust_450162,872.61,NETBANKING,10,0,0.0,0,3,TIER_1_METRO,0.85,2,1,16,0
ord_46316288,cust_374722,1842.75,COD,0,0,0.0,1,2,TIER_2,0.861,0,1,15,1
ord_41601658,cust_701076,2901.73,UPI,13,3,0.2308,0,2,TIER_2,0.753,1,1,23,0
ord_50808249,cust_774108,558.35,COD,0,0,0.0,1,2,TIER_2,0.515,2,3,19,1
ord_65866096,cust_514407,452.63,COD,8,1,0.125,0,1,TIER_2,0.693,0,2,15,0
ord_84328019,cust_957315,2648.06,CARD,5,0,0.0,0,1,TIER_2,0.89,1,1,1,0
ord_76359476,cust_534465,964.47,COD,0,0,0.0,1,1,TIER_1_METRO,0.905,2,1,16,1
ord_74027108,cust_839628,714.88,COD,9,0,0.0,0,2,TIER_1_METRO,0.849,0,1,1,0
ord_10605599,cust_876202,1465.3,COD,14,1,0.0714,0,3,TIER_1_METRO,0.933,1,1,20,0
ord_72348360,cust_904402,2894.09,UPI,6,1,0.1667,0,1,TIER_1_METRO,0.734,2,2,18,0
ord_80104217,cust_975784,600.06,COD,5,0,0.0,0,1,TIER_3_HIGH_RISK,0.467,2,1,17,0
ord_62924805,cust_810114,824.91,UPI,0,0,0.0,1,1,TIER_1_METRO,0.917,1,2,7,1
ord_69930469,cust_848112,2031.27,COD,10,0,0.0,0,1,TIER_3_HIGH_RISK,0.823,1,2,13,0
ord_53428295,cust_272472,1698.97,COD,2,0,0.0,0,1,TIER_1_METRO,0.927,0,1,1,0
ord_56125082,cust_820014,1427.82,COD,1,0,0.0,0,1,TIER_3_HIGH_RISK,0.728,2,1,21,1
ord_15596526,cust_919932,1287.03,UPI,5,0,0.0,0,5,TIER_1_METRO,0.953,1,1,7,0
ord_58521856,cust_208546,3764.17,UPI,19,0,0.0,0,1,TIER_2,0.486,0,1,17,0
ord_55677380,cust_228544,805.94,COD,2,0,0.0,0,1,TIER_1_METRO,0.755,0,2,9,0
ord_85008148,cust_552889,566.78,COD,16,1,0.0625,0,1,TIER_3_HIGH_RISK,0.7,0,1,22,1
ord_95209100,cust_570640,2584.14,COD,12,0,0.0,0,2,TIER_3_HIGH_RISK,0.204,1,1,15,1
ord_40413513,cust_794598,2872.41,COD,8,0,0.0,0,1,TIER_3_HIGH_RISK,0.565,0,3,19,0
ord_73203558,cust_499605,1543.51,COD,1,0,0.0,0,1,TIER_1_METRO,0.655,0,1,9,0
ord_81759155,cust_882170,3130.78,CARD,9,0,0.0,0,1,TIER_2,0.688,0,4,1,0
ord_44631269,cust_108117,5469.91,COD,4,0,0.0,0,1,TIER_1_METRO,0.694,1,1,9,0
ord_63091022,cust_431694,2507.26,CARD,7,0,0.0,0,1,TIER_1_METRO,0.593,1,3,6,0
ord_63215075,cust_973275,7348.54,COD,0,0,0.0,1,1,TIER_2,0.804,0,4,13,1
ord_24214166,cust_396994,882.59,COD,0,0,0.0,1,1,TIER_3_HIGH_RISK,0.744,0,1,13,1
ord_52019117,cust_410546,439.46,COD,13,3,0.2308,0,1,TIER_3_HIGH_RISK,0.694,1,2,9,0
ord_87313890,cust_426186,678.11,CARD,1,0,0.0,0,2,TIER_3_HIGH_RISK,0.714,0,1,3,0
ord_79765086,cust_149584,1242.35,COD,5,0,0.0,0,1,TIER_1_METRO,0.9,1,1,1,0
ord_41556003,cust_577965,1456.96,COD,0,0,0.0,1,1,TIER_1_METRO,0.874,1,2,20,0
ord_64351666,cust_240251,891.56,CARD,27,0,0.0,0,1,TIER_3_HIGH_RISK,0.367,0,1,18,0
ord_19840850,cust_546722,1165.2,COD,0,0,0.0,1,1,TIER_1_METRO,0.35,0,2,18,1
ord_80594946,cust_973081,2001.44,COD,0,0,0.0,1,2,TIER_2,0.668,0,2,8,1
ord_64041972,cust_285648,1249.6,UPI,7,0,0.0,0,2,TIER_2,0.77,0,1,8,0
ord_10449395,cust_873085,755.47,UPI,0,0,0.0,1,1,TIER_3_HIGH_RISK,0.724,2,4,3,1
ord_77922032,cust_518005,987.84,COD,3,0,0.0,0,1,TIER_1_METRO,0.791,1,3,3,0
ord_99917858,cust_436318,1696.22,UPI,4,0,0.0,0,2,TIER_2,0.78,0,3,8,0
ord_46938405,cust_743341,649.41,UPI,0,0,0.0,1,1,TIER_1_METRO,0.665,3,1,19,0
ord_85947176,cust_831980,914.78,COD,16,0,0.0,0,2,TIER_1_METRO,0.864,0,1,16,0
ord_66725086,cust_415063,3767.21,UPI,8,0,0.0,0,1,TIER_1_METRO,0.739,2,1,20,0
ord_92996468,cust_657004,3010.38,UPI,5,0,0.0,0,3,TIER_2,0.581,0,1,7,1
ord_22042588,cust_347368,561.35,COD,2,0,0.0,0,1,TIER_1_METRO,0.501,0,1,5,0
ord_11726199,cust_665168,1703.91,COD,7,0,0.0,0,1,TIER_2,0.876,2,1,8,0
ord_92807322,cust_305827,1055.88,UPI,13,0,0.0,0,1,TIER_2,0.894,1,1,8,0
ord_40717847,cust_509495,2184.18,UPI,0,0,0.0,1,1,TIER_1_METRO,0.854,0,2,16,0
ord_15065719,cust_726414,3138.24,COD,1,0,0.0,0,1,TIER_1_METRO,0.48,0,1,18,0
ord_92543136,cust_572415,1967.86,UPI,5,0,0.0,0,1,TIER_3_HIGH_RISK,0.732,0,2,21,0
ord_70974870,cust_336486,2484.6,COD,5,0,0.0,0,1,TIER_1_METRO,0.455,0,1,13,0
ord_16319707,cust_714640,956.4,UPI,3,1,0.3333,0,2,TIER_2,0.836,0,2,3,0
ord_65717557,cust_957624,1227.62,UPI,15,2,0.1333,0,1,TIER_2,0.954,1,1,6,0
ord_65546284,cust_282482,2479.58,COD,0,0,0.0,1,1,TIER_2,0.911,0,1,23,0
ord_34193456,cust_905739,4261.25,COD,2,0,0.0,0,1,TIER_3_HIGH_RISK,0.774,2,2,16,0
ord_65002860,cust_555636,637.94,COD,4,1,0.25,0,5,TIER_2,0.814,0,1,13,1
ord_89415670,cust_655945,435.3,COD,23,0,0.0,0,1,TIER_3_HIGH_RISK,0.686,1,1,3,0
ord_65322192,cust_380348,3875.07,COD,0,0,0.0,1,1,TIER_2,0.595,0,4,1,0
ord_47829124,cust_839906,616.96,CARD,0,0,0.0,1,1,TIER_2,0.823,0,2,17,0
ord_11406150,cust_640777,1627.76,COD,7,0,0.0,0,2,TIER_1_METRO,0.95,0,1,19,0
ord_47998210,cust_172832,2154.47,UPI,0,0,0.0,1,1,TIER_1_METRO,0.785,1,2,22,0
ord_55554920,cust_636758,1307.54,COD,0,0,0.0,1,1,TIER_2,0.674,1,1,4,1
ord_49101526,cust_675607,681.96,COD,5,0,0.0,0,1,TIER_3_HIGH_RISK,0.618,2,1,15,0
ord_22229793,cust_438551,1065.63,CARD,7,0,0.0,0,1,TIER_2,0.681,0,1,11,0
ord_85814820,cust_163560,369.4,UPI,7,0,0.0,0,1,TIER_1_METRO,0.9,1,1,10,0
ord_75541801,cust_255964,5702.98,UPI,6,0,0.0,0,1,TIER_2,0.971,0,1,22,0
ord_42502170,cust_959497,3228.49,UPI,9,0,0.0,0,1,TIER_2,0.674,0,2,0,0
ord_10901111,cust_895947,776.96,UPI,5,0,0.0,0,1,TIER_1_METRO,0.513,1,2,17,0
ord_55079978,cust_302032,3653.91,COD,9,0,0.0,0,1,TIER_1_METRO,0.912,2,1,19,0
ord_33196817,cust_997803,4433.03,UPI,1,1,1.0,0,1,TIER_2,0.627,0,2,13,1
ord_83619393,cust_440632,1258.22,UPI,0,0,0.0,1,4,TIER_1_METRO,0.718,0,1,19,1
ord_58439031,cust_141559,1113.13,CARD,1,0,0.0,0,1,TIER_1_METRO,0.41,0,2,19,0
ord_74144237,cust_256714,3014.41,COD,7,0,0.0,0,4,TIER_2,0.702,0,2,21,0
ord_67933890,cust_638967,4337.6,COD,0,0,0.0,1,2,TIER_2,0.74,1,3,1,1
ord_79540139,cust_490478,4478.57,UPI,10,0,0.0,0,1,TIER_2,0.636,0,2,15,0
ord_63386038,cust_716017,2080.21,UPI,10,1,0.1,0,1,TIER_2,0.879,0,5,15,0
ord_57378941,cust_362051,3196.8,UPI,1,0,0.0,0,1,TIER_2,0.69,2,1,12,0
ord_86645028,cust_980623,2701.04,CARD,0,0,0.0,1,2,TIER_1_METRO,0.921,2,1,22,1
ord_16194224,cust_591745,669.47,COD,5,0,0.0,0,2,TIER_2,0.817,0,1,14,0
ord_22724780,cust_394481,1457.45,UPI,0,0,0.0,1,1,TIER_2,0.917,0,2,22,0
ord_75176962,cust_296582,1592.1,UPI,7,1,0.1429,0,1,TIER_3_HIGH_RISK,0.607,1,1,3,0
ord_86908851,cust_343543,1695.18,COD,12,0,0.0,0,1,TIER_2,0.935,0,1,12,0
ord_34938778,cust_731233,3065.95,CARD,3,0,0.0,0,1,TIER_3_HIGH_RISK,0.483,0,1,11,0
ord_81537799,cust_868660,1853.09,CARD,8,0,0.0,0,1,TIER_2,0.885,0,2,20,0
ord_29636869,cust_871835,2637.17,UPI,0,0,0.0,1,1,TIER_1_METRO,0.735,0,1,10,0
ord_10145693,cust_951198,533.18,UPI,3,1,0.3333,0,1,TIER_3_HIGH_RISK,0.693,0,1,0,0
ord_75396719,cust_407183,2320.45,CARD,11,0,0.0,0,1,TIER_1_METRO,0.808,2,1,11,0
ord_45861668,cust_243206,1807.56,UPI,11,1,0.0909,0,1,TIER_1_METRO,0.73,0,3,14,0
ord_61914894,cust_427371,4477.08,COD,5,0,0.0,0,2,TIER_2,0.861,1,1,18,1
ord_70684213,cust_458121,2037.03,COD,15,0,0.0,0,2,TIER_1_METRO,0.704,2,1,5,0
ord_80605469,cust_317815,1054.63,COD,0,0,0.0,1,1,TIER_2,0.725,2,2,3,0
ord_39959777,cust_695326,1673.58,COD,4,0,0.0,0,1,TIER_2,0.701,0,3,15,0
ord_47250043,cust_465573,332.92,COD,11,0,0.0,0,1,TIER_3_HIGH_RISK,0.776,0,2,12,1
ord_32969573,cust_653402,375.11,COD,10,1,0.1,0,1,TIER_2,0.958,0,2,17,0
ord_84813558,cust_774199,1028.53,COD,0,0,0.0,1,1,TIER_1_METRO,0.51,1,4,5,1
ord_71830104,cust_692783,1433.01,COD,0,0,0.0,1,2,TIER_2,0.911,0,2,15,1
ord_32447539,cust_293833,641.79,UPI,0,0,0.0,1,4,TIER_1_METRO,0.697,0,4,2,0
ord_91059517,cust_669385,1231.12,COD,6,0,0.0,0,2,TIER_2,0.782,0,4,9,0
ord_45150208,cust_425786,1857.84,NETBANKING,0,0,0.0,1,1,TIER_3_HIGH_RISK,0.763,2,1,12,0
ord_94629168,cust_471598,2398.83,UPI,3,1,0.3333,0,1,TIER_1_METRO,0.786,1,2,7,0
ord_33507635,cust_666099,497.03,UPI,4,0,0.0,0,1,TIER_3_HIGH_RISK,0.711,2,1,3,1
ord_58774836,cust_366933,588.43,COD,0,0,0.0,1,2,TIER_2,0.691,0,3,5,1
ord_48145210,cust_685171,504.11,UPI,4,0,0.0,0,1,TIER_3_HIGH_RISK,0.768,0,4,10,0
ord_25552975,cust_878119,651.91,COD,9,0,0.0,0,1,TIER_2,0.459,2,1,18,0
ord_86819486,cust_394318,480.79,CARD,0,0,0.0,1,1,TIER_1_METRO,0.863,0,1,21,0
ord_39341377,cust_185443,421.45,CARD,9,2,0.2222,0,1,TIER_2,0.836,1,1,12,0
ord_38446755,cust_418393,1606.39,UPI,10,0,0.0,0,4,TIER_2,0.847,0,1,22,0
ord_70995760,cust_516919,804.8,COD,0,0,0.0,1,7,TIER_1_METRO,0.812,3,1,7,1
ord_98635846,cust_313273,1046.72,COD,0,0,0.0,1,1,TIER_3_HIGH_RISK,0.7,0,5,18,1
ord_93182956,cust_396680,2004.52,COD,13,0,0.0,0,1,TIER_1_METRO,0.877,0,2,8,0
ord_31081788,cust_452690,2294.15,UPI,1,0,0.0,0,5,TIER_2,0.825,1,2,9,0
ord_53547632,cust_524145,1317.32,COD,0,0,0.0,1,1,TIER_3_HIGH_RISK,0.846,2,1,20,1
ord_39260462,cust_517669,1321.43,UPI,0,0,0.0,1,1,TIER_1_METRO,0.802,1,3,12,0
ord_62507730,cust_129974,2909.62,UPI,13,0,0.0,0,1,TIER_3_HIGH_RISK,0.411,0,1,8,0
ord_96946545,cust_125090,883.46,CARD,6,0,0.0,0,1,TIER_2,0.397,0,2,4,0
ord_30808635,cust_566725,1901.7,CARD,2,0,0.0,0,1,TIER_1_METRO,0.897,0,2,0,0
ord_69543527,cust_558213,1160.2,COD,12,0,0.0,0,2,TIER_1_METRO,0.868,1,2,4,0
ord_77606426,cust_459589,1784.36,UPI,0,0,0.0,1,1,TIER_3_HIGH_RISK,0.896,0,4,8,1
ord_35256241,cust_151632,682.63,UPI,4,0,0.0,0,1,TIER_2,0.9,1,2,9,0
ord_16909286,cust_544776,815.78,NETBANKING,10,2,0.2,0,7,TIER_1_METRO,0.822,0,1,6,1
ord_75955748,cust_623047,522.29,COD,6,0,0.0,0,1,TIER_1_METRO,0.804,0,1,20,0
ord_44924917,cust_533886,1045.99,UPI,0,0,0.0,1,1,TIER_1_METRO,0.902,0,1,1,0
ord_63004410,cust_267116,1575.49,COD,0,0,0.0,1,1,TIER_1_METRO,0.723,2,1,10,1
ord_81226787,cust_781501,1972.14,COD,4,0,0.0,0,1,TIER_2,0.728,0,2,19,0
ord_88014806,cust_780388,2590.98,NETBANKING,13,1,0.0769,0,2,TIER_2,0.953,0,2,13,0
ord_23486194,cust_579106,1261.55,UPI,0,0,0.0,1,1,TIER_1_METRO,0.948,2,3,15,0
ord_91252249,cust_757129,1984.43,UPI,0,0,0.0,1,1,TIER_2,0.816,1,2,10,0
ord_30561612,cust_253916,439.67,COD,6,0,0.0,0,2,TIER_2,0.564,2,1,2,0
ord_55507400,cust_696605,1243.84,COD,2,1,0.5,0,1,TIER_2,0.873,0,3,8,1
ord_33891286,cust_175909,749.6,UPI,13,1,0.0769,0,1,TIER_1_METRO,0.557,0,1,4,0
ord_75941662,cust_931533,711.97,UPI,0,0,0.0,1,1,TIER_1_METRO,0.693,1,1,2,0
ord_80102382,cust_348339,1609.94,UPI,2,0,0.0,0,2,TIER_1_METRO,0.814,2,4,18,0
ord_61100801,cust_159026,2096.64,UPI,0,0,0.0,1,1,TIER_1_METRO,0.863,0,5,10,0
ord_31149688,cust_374187,2776.22,COD,0,0,0.0,1,1,TIER_1_METRO,0.949,2,1,23,0
ord_93044102,cust_814335,3551.08,UPI,19,0,0.0,0,1,TIER_2,0.609,0,1,14,0
ord_88127618,cust_581522,5981.19,COD,10,0,0.0,0,2,TIER_2,0.758,0,4,18,1
ord_98572022,cust_113898,699.25,CARD,6,1,0.1667,0,1,TIER_3_HIGH_RISK,0.614,3,2,9,1
ord_53390347,cust_939080,702.74,COD,10,0,0.0,0,1,TIER_2,0.543,0,2,7,0
ord_43877350,cust_423392,346.34,NETBANKING,0,0,0.0,1,4,TIER_1_METRO,0.9,0,1,18,0
ord_94380672,cust_465356,796.57,CARD,8,0,0.0,0,1,TIER_3_HIGH_RISK,0.646,0,1,1,0
ord_62515173,cust_393603,925.68,COD,11,0,0.0,0,1,TIER_2,0.878,2,1,15,0
ord_94921420,cust_561118,1614.56,COD,0,0,0.0,1,1,TIER_1_METRO,0.979,0,1,15,1
ord_46280897,cust_229997,1184.12,CARD,16,0,0.0,0,1,TIER_3_HIGH_RISK,0.581,0,1,4,0
ord_52150667,cust_754676,249.0,COD,9,0,0.0,0,1,TIER_3_HIGH_RISK,0.631,2,1,17,1
ord_43239538,cust_200229,848.97,COD,11,0,0.0,0,1,TIER_3_HIGH_RISK,0.677,0,1,4,0
ord_48679227,cust_667255,461.18,UPI,3,0,0.0,0,1,TIER_1_METRO,0.742,0,8,7,0
ord_57347699,cust_581537,382.56,UPI,9,1,0.1111,0,3,TIER_3_HIGH_RISK,0.37,1,1,14,0
ord_25505393,cust_570306,3985.27,CARD,4,2,0.5,0,1,TIER_2,0.775,2,5,20,0
ord_54766028,cust_614938,1083.46,UPI,0,0,0.0,1,1,TIER_3_HIGH_RISK,0.632,0,1,10,0
ord_29214047,cust_608566,1113.49,COD,0,0,0.0,1,1,TIER_2,0.748,1,1,2,1
ord_36762085,cust_341832,1411.87,COD,0,0,0.0,1,1,TIER_3_HIGH_RISK,0.706,1,1,6,1
ord_14498448,cust_706143,2076.78,UPI,5,0,0.0,0,1,TIER_2,0.867,0,1,23,0
ord_55895950,cust_896784,488.7,COD,0,0,0.0,1,1,TIER_1_METRO,0.675,1,1,16,0
ord_13006374,cust_302587,1416.09,UPI,0,0,0.0,1,2,TIER_1_METRO,0.9,0,3,10,0
ord_86432982,cust_899323,1271.64,CARD,3,0,0.0,0,1,TIER_2,0.946,1,2,0,0
ord_85460974,cust_338962,1519.97,UPI,5,0,0.0,0,1,TIER_3_HIGH_RISK,0.802,0,2,10,0
ord_41531769,cust_202756,1603.33,COD,6,0,0.0,0,1,TIER_1_METRO,0.95,0,1,7,0
ord_33489800,cust_782143,884.7,NETBANKING,0,0,0.0,1,1,TIER_1_METRO,0.72,3,1,12,1
ord_87831169,cust_576673,1329.37,COD,10,0,0.0,0,1,TIER_3_HIGH_RISK,0.883,0,4,23,1
ord_59558625,cust_681209,1232.33,UPI,0,0,0.0,1,1,TIER_2,0.769,1,1,2,0
ord_25371868,cust_985030,937.59,COD,4,0,0.0,0,3,TIER_1_METRO,0.787,3,1,17,1
ord_74708283,cust_556660,3388.71,COD,0,0,0.0,1,1,TIER_2,0.636,0,1,19,1
ord_81926775,cust_743874,672.7,COD,7,1,0.1429,0,1,TIER_1_METRO,0.473,3,2,13,0
ord_60516162,cust_848008,545.91,COD,0,0,0.0,1,1,TIER_3_HIGH_RISK,0.679,3,1,18,1
ord_96543965,cust_678613,623.97,CARD,0,0,0.0,1,1,TIER_1_METRO,0.36,0,2,5,0
ord_99161695,cust_888910,852.24,COD,4,0,0.0,0,1,TIER_2,0.89,2,1,5,0
ord_51133161,cust_404629,1211.88,COD,2,0,0.0,0,1,TIER_2,0.916,0,4,16,0
ord_17221626,cust_408623,1833.14,UPI,7,0,0.0,0,2,TIER_2,0.848,1,1,0,0
ord_99567715,cust_330314,2777.42,UPI,2,0,0.0,0,2,TIER_2,0.542,1,2,11,0
ord_37973439,cust_694747,711.94,COD,5,0,0.0,0,2,TIER_1_METRO,0.992,1,1,7,0
ord_37609116,cust_210406,1195.39,COD,8,0,0.0,0,1,TIER_3_HIGH_RISK,0.75,0,2,9,0
ord_56177493,cust_499185,2337.99,NETBANKING,14,0,0.0,0,1,TIER_2,0.632,0,1,1,0
ord_51592940,cust_500886,3288.82,UPI,5,0,0.0,0,1,TIER_2,0.369,0,2,7,0
ord_36891064,cust_992344,1172.91,UPI,3,1,0.3333,0,2,TIER_2,0.686,1,2,16,1
ord_13094235,cust_235753,1388.58,CARD,0,0,0.0,1,1,TIER_1_METRO,0.811,3,2,20,1
ord_28351471,cust_808599,4471.59,CARD,11,1,0.0909,0,2,TIER_2,0.824,0,1,8,0
ord_13609736,cust_813569,849.32,COD,0,0,0.0,1,1,TIER_3_HIGH_RISK,0.41,1,1,8,1
ord_75812633,cust_163910,972.99,UPI,0,0,0.0,1,1,TIER_1_METRO,0.862,1,1,6,0
ord_71178493,cust_562342,1121.53,COD,4,0,0.0,0,1,TIER_2,0.724,0,2,0,0
ord_74640059,cust_793540,903.06,NETBANKING,0,0,0.0,1,1,TIER_2,0.593,0,3,9,0
ord_48330066,cust_509318,1133.46,COD,6,0,0.0,0,4,TIER_1_METRO,0.953,0,2,0,1
ord_32682696,cust_658408,2176.8,COD,0,0,0.0,1,1,TIER_2,0.892,1,2,19,1
ord_52996926,cust_647651,1324.66,UPI,0,0,0.0,1,1,TIER_1_METRO,0.618,2,1,19,0
ord_61757120,cust_607723,2734.48,UPI,0,0,0.0,1,2,TIER_1_METRO,0.761,2,2,21,1
ord_90052553,cust_627956,425.47,COD,0,0,0.0,1,1,TIER_2,0.739,0,1,4,1
ord_64636036,cust_840799,637.99,COD,0,0,0.0,1,1,TIER_2,0.661,0,2,23,0
ord_14394643,cust_439594,668.8,UPI,9,2,0.2222,0,1,TIER_1_METRO,0.501,1,3,21,1
ord_22061944,cust_739240,673.36,UPI,0,0,0.0,1,1,TIER_2,0.574,0,2,5,0
ord_74513977,cust_293786,1741.39,COD,0,0,0.0,1,2,TIER_2,0.931,2,1,7,1
ord_19143589,cust_247089,363.08,UPI,1,0,0.0,0,1,TIER_3_HIGH_RISK,0.849,1,5,14,0
ord_86388779,cust_524001,973.06,UPI,0,0,0.0,1,1,TIER_2,0.614,0,1,23,0
ord_71164917,cust_217456,324.14,CARD,11,0,0.0,0,1,TIER_3_HIGH_RISK,0.441,0,2,1,0
ord_46635193,cust_739679,1524.38,COD,3,0,0.0,0,1,TIER_2,0.809,0,3,20,0
ord_22537895,cust_756820,704.74,UPI,0,0,0.0,1,1,TIER_3_HIGH_RISK,0.695,1,1,19,0
ord_31088012,cust_386459,1657.7,COD,0,0,0.0,1,3,TIER_3_HIGH_RISK,0.776,0,1,17,1
ord_16228462,cust_261711,4100.92,UPI,0,0,0.0,1,1,TIER_1_METRO,0.747,1,3,22,0
ord_54804549,cust_571529,1535.38,COD,0,0,0.0,1,1,TIER_1_METRO,0.921,0,1,23,1
ord_90371650,cust_174070,1181.71,UPI,0,0,0.0,1,2,TIER_2,0.851,2,1,6,0
ord_87546085,cust_821155,938.83,UPI,3,0,0.0,0,1,TIER_1_METRO,0.581,1,1,8,0
ord_16562865,cust_345389,449.39,UPI,0,0,0.0,1,1,TIER_3_HIGH_RISK,0.754,0,1,9,0
ord_47656823,cust_343677,1384.69,COD,9,0,0.0,0,2,TIER_1_METRO,0.795,0,1,6,0
ord_70401319,cust_767900,899.95,CARD,5,0,0.0,0,1,TIER_1_METRO,0.838,1,1,13,0
ord_84892945,cust_267170,1267.51,UPI,0,0,0.0,1,1,TIER_1_METRO,0.824,1,1,4,0
ord_77511983,cust_119283,1377.99,UPI,18,0,0.0,0,1,TIER_2,0.835,0,1,23,0
ord_10043016,cust_116494,1552.92,CARD,6,0,0.0,0,1,TIER_3_HIGH_RISK,0.693,1,1,20,0
ord_55316734,cust_946938,1407.24,UPI,2,0,0.0,0,2,TIER_1_METRO,0.87,1,1,23,0
ord_57669432,cust_788316,1127.44,COD,0,0,0.0,1,1,TIER_2,0.792,0,1,1,1
ord_80210747,cust_669489,1799.07,UPI,0,0,0.0,1,1,TIER_2,0.716,0,2,5,0
ord_38997485,cust_871393,1781.04,COD,5,0,0.0,0,1,TIER_3_HIGH_RISK,0.496,0,1,5,0
ord_24722791,cust_552642,1272.0,CARD,8,0,0.0,0,7,TIER_1_METRO,0.923,1,1,10,0
ord_49673332,cust_588288,674.01,COD,0,0,0.0,1,1,TIER_3_HIGH_RISK,0.719,0,1,13,1
ord_29169217,cust_651896,1267.89,COD,4,0,0.0,0,1,TIER_1_METRO,0.658,0,5,8,0
ord_64920706,cust_592436,1518.09,COD,2,0,0.0,0,1,TIER_3_HIGH_RISK,0.349,2,1,1,1
ord_55184187,cust_445445,722.33,COD,20,0,0.0,0,1,TIER_1_METRO,0.77,0,1,9,0
ord_23782350,cust_281172,398.8,CARD,8,0,0.0,0,1,TIER_2,0.821,0,1,0,0
ord_58624409,cust_157061,1210.92,COD,5,0,0.0,0,1,TIER_2,0.668,0,2,8,0
ord_81414944,cust_272413,493.71,COD,7,0,0.0,0,1,TIER_1_METRO,0.799,0,2,23,0
ord_70404788,cust_858339,921.68,UPI,0,0,0.0,1,1,TIER_2,0.814,2,1,15,1
ord_96130562,cust_443600,1326.7,UPI,0,0,0.0,1,1,TIER_2,0.717,0,2,14,0
ord_10093246,cust_882778,9513.06,UPI,0,0,0.0,1,1,TIER_2,0.359,0,1,20,1
ord_42092869,cust_111231,1690.77,COD,0,0,0.0,1,1,TIER_2,0.468,0,1,13,0
ord_43654351,cust_485230,979.85,COD,3,0,0.0,0,1,TIER_2,0.757,0,1,7,0
ord_75626102,cust_969296,1605.22,UPI,0,0,0.0,1,2,TIER_1_METRO,0.748,2,2,7,0
ord_46532022,cust_292136,6429.63,COD,0,0,0.0,1,2,TIER_3_HIGH_RISK,0.766,0,2,18,1
ord_32644720,cust_323872,392.48,UPI,0,0,0.0,1,2,TIER_1_METRO,0.778,1,1,21,0
ord_29391451,cust_159395,3918.14,UPI,0,0,0.0,1,1,TIER_1_METRO,0.902,1,2,21,0
ord_10805113,cust_700173,3956.45,CARD,5,0,0.0,0,2,TIER_3_HIGH_RISK,0.153,2,1,1,0
ord_88737688,cust_667615,531.49,CARD,0,0,0.0,1,1,TIER_2,0.742,0,1,23,0
ord_44733850,cust_830264,3042.31,UPI,0,0,0.0,1,1,TIER_1_METRO,0.53,0,1,20,1
ord_87161564,cust_597981,2175.78,UPI,0,0,0.0,1,1,TIER_1_METRO,0.826,2,1,17,0
ord_71017296,cust_950540,249.0,COD,5,0,0.0,0,1,TIER_1_METRO,0.607,3,1,0,0
ord_34362375,cust_959022,944.89,NETBANKING,0,0,0.0,1,5,TIER_1_METRO,0.843,0,8,10,1
ord_35793044,cust_123758,463.5,UPI,9,0,0.0,0,1,TIER_1_METRO,0.75,2,1,0,0
ord_51011120,cust_976587,1493.45,COD,3,0,0.0,0,1,TIER_1_METRO,0.868,0,1,3,0
ord_50483572,cust_684765,552.31,CARD,11,0,0.0,0,1,TIER_1_METRO,0.801,0,1,2,0
ord_24036865,cust_967636,824.72,UPI,0,0,0.0,1,2,TIER_1_METRO,0.384,2,2,4,0
ord_97729219,cust_342174,2783.86,COD,16,1,0.0625,0,1,TIER_1_METRO,0.732,3,1,8,0
ord_16572531,cust_606313,860.93,COD,0,0,0.0,1,1,TIER_1_METRO,0.898,0,1,17,0
ord_94491823,cust_542333,876.99,COD,0,0,0.0,1,2,TIER_3_HIGH_RISK,0.866,0,1,2,1
ord_72670767,cust_979377,1197.85,CARD,1,0,0.0,0,1,TIER_2,0.71,2,2,21,0
ord_21290492,cust_488377,586.88,COD,12,0,0.0,0,1,TIER_1_METRO,0.938,2,1,8,0
ord_78058992,cust_682701,3297.62,CARD,0,0,0.0,1,3,TIER_2,0.57,2,2,17,1
ord_24677069,cust_477157,636.76,COD,0,0,0.0,1,3,TIER_1_METRO,0.975,0,1,15,1
ord_57830486,cust_880736,443.74,COD,6,0,0.0,0,4,TIER_1_METRO,0.903,0,1,20,1
ord_94643982,cust_321443,623.29,COD,0,0,0.0,1,2,TIER_1_METRO,0.643,0,1,20,0
ord_95157821,cust_729443,1004.89,UPI,4,0,0.0,0,2,TIER_1_METRO,0.885,2,2,19,0
ord_84313640,cust_880839,6934.42,CARD,0,0,0.0,1,2,TIER_3_HIGH_RISK,0.697,2,2,5,0
ord_23832962,cust_212848,3398.91,UPI,4,1,0.25,0,4,TIER_1_METRO,0.634,0,2,19,0
ord_73649207,cust_913310,1071.19,CARD,11,1,0.0909,0,1,TIER_1_METRO,0.956,2,8,0,0
ord_29397109,cust_401269,3748.93,COD,2,1,0.5,0,3,TIER_1_METRO,0.693,0,2,6,1
ord_20806322,cust_319190,1647.55,COD,0,0,0.0,1,1,TIER_1_METRO,0.751,1,4,13,0
ord_67888503,cust_604204,2472.99,COD,0,0,0.0,1,1,TIER_2,0.957,0,1,5,0
ord_82294637,cust_340787,1171.84,CARD,3,2,0.6667,0,1,TIER_3_HIGH_RISK,0.715,0,2,3,1
ord_20259550,cust_985540,1627.34,COD,11,2,0.1818,0,1,TIER_1_METRO,0.786,0,1,0,0
ord_65186135,cust_588286,888.32,COD,0,0,0.0,1,1,TIER_1_METRO,0.578,2,1,3,1
ord_67079389,cust_888419,3974.53,COD,17,0,0.0,0,1,TIER_1_METRO,0.983,1,2,7,0
ord_26829282,cust_873481,1238.44,COD,6,0,0.0,0,2,TIER_2,0.579,0,2,12,0
ord_87309808,cust_331979,1657.26,UPI,11,0,0.0,0,3,TIER_2,0.854,0,1,0,0
ord_96015965,cust_807597,2049.92,UPI,0,0,0.0,1,1,TIER_2,0.779,1,4,2,0
ord_21135474,cust_660811,1959.72,COD,14,1,0.0714,0,1,TIER_1_METRO,0.636,0,1,19,0
ord_78209364,cust_162408,541.19,UPI,2,0,0.0,0,1,TIER_1_METRO,0.865,2,1,3,0
ord_81183863,cust_756334,4199.8,CARD,0,0,0.0,1,1,TIER_2,0.878,2,1,19,0
ord_31196641,cust_835351,875.85,CARD,3,0,0.0,0,1,TIER_2,0.488,0,1,17,0
ord_65419340,cust_928343,2158.89,UPI,0,0,0.0,1,2,TIER_2,0.922,2,1,8,0
ord_29094790,cust_593145,584.41,COD,11,0,0.0,0,2,TIER_2,0.925,0,1,23,0
ord_54044887,cust_961164,723.13,COD,0,0,0.0,1,1,TIER_2,0.886,0,1,16,1
ord_91037304,cust_227148,828.64,UPI,5,0,0.0,0,1,TIER_1_METRO,0.649,1,1,10,0
ord_27943886,cust_487926,907.61,COD,4,0,0.0,0,1,TIER_1_METRO,0.72,0,1,20,0
ord_71189402,cust_513113,2342.48,COD,7,0,0.0,0,1,TIER_2,0.936,0,1,12,0
ord_45674971,cust_691002,1271.99,COD,10,0,0.0,0,1,TIER_2,0.841,0,1,11,0
ord_77867659,cust_624712,647.42,COD,0,0,0.0,1,1,TIER_1_METRO,0.844,3,2,19,1
ord_16733215,cust_273420,772.36,COD,0,0,0.0,1,1,TIER_1_METRO,0.785,0,2,12,0
ord_23863529,cust_198171,2048.82,UPI,5,1,0.2,0,1,TIER_1_METRO,0.747,2,2,0,1
ord_34951460,cust_944431,4137.65,UPI,6,0,0.0,0,7,TIER_1_METRO,0.651,1,2,4,0
ord_23710025,cust_616066,1606.4,UPI,0,0,0.0,1,2,TIER_2,0.81,0,1,9,0
ord_29659206,cust_773765,2900.49,COD,2,0,0.0,0,1,TIER_1_METRO,0.44,2,1,18,1
ord_60794649,cust_748002,1573.32,UPI,3,0,0.0,0,4,TIER_1_METRO,0.901,0,4,11,0
ord_76338692,cust_943445,965.01,UPI,7,0,0.0,0,3,TIER_1_METRO,0.435,2,1,17,0
ord_99642237,cust_167345,3753.63,COD,0,0,0.0,1,1,TIER_3_HIGH_RISK,0.754,1,3,2,1
ord_22243026,cust_360281,249.0,UPI,2,0,0.0,0,4,TIER_1_METRO,0.602,1,1,5,0
ord_10910913,cust_937620,1083.26,COD,2,0,0.0,0,1,TIER_1_METRO,0.92,0,2,15,1
ord_82630316,cust_338913,3464.46,CARD,0,0,0.0,1,1,TIER_1_METRO,0.827,2,1,7,0
ord_10067661,cust_504696,1640.93,COD,8,0,0.0,0,2,TIER_2,0.886,1,1,2,0
ord_86529490,cust_595072,1099.54,COD,9,0,0.0,0,1,TIER_3_HIGH_RISK,0.455,1,1,20,1
ord_17794087,cust_438141,2735.9,UPI,0,0,0.0,1,2,TIER_1_METRO,0.964,0,1,12,1
ord_99074837,cust_719640,614.16,UPI,7,0,0.0,0,3,TIER_3_HIGH_RISK,0.385,1,3,23,0
ord_12740855,cust_347659,2626.74,COD,0,0,0.0,1,1,TIER_3_HIGH_RISK,0.48,1,1,19,1
ord_95470725,cust_698813,2413.9,COD,0,0,0.0,1,1,TIER_2,0.738,0,2,9,1
ord_82164957,cust_454347,2110.91,COD,0,0,0.0,1,5,TIER_2,0.504,1,1,8,1
ord_53738691,cust_929984,1677.01,COD,11,0,0.0,0,1,TIER_3_HIGH_RISK,0.631,0,2,13,0
ord_12791671,cust_893293,2186.35,NETBANKING,0,0,0.0,1,2,TIER_1_METRO,0.885,2,3,21,0
ord_76014115,cust_302546,1305.9,COD,5,0,0.0,0,4,TIER_2,0.648,1,1,7,1
ord_54854299,cust_701944,940.47,COD,3,0,0.0,0,1,TIER_1_METRO,0.617,2,1,15,0
ord_34529154,cust_471722,1553.19,UPI,0,0,0.0,1,1,TIER_1_METRO,0.854,2,1,23,0
ord_31739356,cust_192313,546.83,CARD,0,0,0.0,1,1,TIER_1_METRO,0.809,2,1,23,0
ord_79069690,cust_836496,397.2,COD,4,0,0.0,0,1,TIER_3_HIGH_RISK,0.59,2,2,20,0
ord_26434343,cust_159486,475.71,UPI,6,0,0.0,0,4,TIER_1_METRO,0.54,0,1,2,0
ord_48208851,cust_189831,1006.57,COD,0,0,0.0,1,1,TIER_2,0.924,0,1,2,0
ord_21392366,cust_562110,1887.67,UPI,0,0,0.0,1,1,TIER_2,0.745,0,5,6,0
ord_56409998,cust_276031,553.13,UPI,9,0,0.0,0,1,TIER_2,0.964,0,1,21,0
ord_16514329,cust_483936,2605.18,COD,7,0,0.0,0,1,TIER_2,0.88,0,8,13,0
ord_60895822,cust_985443,1560.67,UPI,0,0,0.0,1,2,TIER_3_HIGH_RISK,0.775,2,1,15,1
ord_82901683,cust_832842,1710.15,NETBANKING,0,0,0.0,1,1,TIER_2,0.52,0,1,11,0
ord_72956282,cust_729910,848.22,COD,2,0,0.0,0,1,TIER_3_HIGH_RISK,0.56,0,1,11,1
ord_94071719,cust_852746,1575.54,COD,0,0,0.0,1,1,TIER_2,0.947,0,3,12,1
ord_58427722,cust_260631,3403.35,UPI,12,1,0.0833,0,1,TIER_1_METRO,0.846,3,2,16,0
ord_90735137,cust_626041,3240.77,UPI,2,0,0.0,0,3,TIER_3_HIGH_RISK,0.601,0,1,5,0
ord_68405956,cust_443243,2250.54,COD,11,0,0.0,0,1,TIER_2,0.762,0,1,13,0
ord_50179601,cust_453784,764.94,CARD,0,0,0.0,1,1,TIER_2,0.661,0,1,14,1
ord_54023484,cust_900913,1101.93,CARD,3,0,0.0,0,1,TIER_3_HIGH_RISK,0.581,0,2,21,1
ord_51245272,cust_436837,1038.48,COD,0,0,0.0,1,2,TIER_2,0.71,2,2,3,1
ord_23045088,cust_484592,1759.33,UPI,0,0,0.0,1,1,TIER_3_HIGH_RISK,0.815,0,2,4,0
ord_65394229,cust_679649,626.05,CARD,0,0,0.0,1,1,TIER_2,0.577,1,3,13,0
ord_24026520,cust_491470,392.93,COD,7,0,0.0,0,2,TIER_3_HIGH_RISK,0.15,0,1,22,1
ord_74630508,cust_742627,2321.23,CARD,5,1,0.2,0,2,TIER_2,0.709,0,1,16,0
ord_18351245,cust_273074,278.17,UPI,5,0,0.0,0,1,TIER_1_METRO,0.458,2,1,8,0
ord_89281071,cust_475253,1364.58,COD,0,0,0.0,1,1,TIER_2,0.871,1,2,12,0
ord_51478073,cust_411356,249.0,COD,6,0,0.0,0,1,TIER_1_METRO,0.848,0,3,17,0
ord_44932801,cust_775531,640.0,COD,0,0,0.0,1,1,TIER_1_METRO,0.881,0,1,9,1
ord_33797209,cust_609397,1237.08,UPI,3,0,0.0,0,1,TIER_1_METRO,0.649,0,2,20,0
ord_21924255,cust_776618,870.86,COD,7,2,0.2857,0,1,TIER_2,0.807,1,3,0,0
ord_41263040,cust_889575,666.57,NETBANKING,4,0,0.0,0,1,TIER_2,0.645,2,1,18,0
ord_88041423,cust_571376,941.09,CARD,3,0,0.0,0,1,TIER_3_HIGH_RISK,0.523,0,3,17,0
ord_55325998,cust_695230,2024.93,CARD,0,0,0.0,1,1,TIER_1_METRO,0.893,2,2,6,0
ord_44337690,cust_441293,528.39,CARD,2,0,0.0,0,2,TIER_1_METRO,0.877,1,3,0,0
ord_46926453,cust_518908,1936.69,COD,0,0,0.0,1,1,TIER_3_HIGH_RISK,0.483,0,2,3,1
ord_52950745,cust_172242,1690.23,UPI,0,0,0.0,1,1,TIER_3_HIGH_RISK,0.519,0,2,8,1
ord_68237814,cust_783690,483.03,NETBANKING,0,0,0.0,1,1,TIER_1_METRO,0.848,1,2,12,0
ord_99853600,cust_659168,530.16,UPI,0,0,0.0,1,1,TIER_2,0.952,0,2,9,0
ord_42309275,cust_762246,312.46,COD,0,0,0.0,1,3,TIER_2,0.866,0,1,3,1
ord_22239527,cust_728126,770.97,COD,0,0,0.0,1,1,TIER_2,0.568,2,1,4,1
ord_34566789,cust_161265,249.0,COD,2,1,0.5,0,1,TIER_1_METRO,0.801,0,2,22,0
ord_43971122,cust_153096,1791.56,UPI,0,0,0.0,1,1,TIER_1_METRO,0.768,1,1,13,0
ord_62762640,cust_257517,375.26,CARD,0,0,0.0,1,2,TIER_1_METRO,0.629,1,1,23,1
ord_97210744,cust_484462,1439.58,COD,6,0,0.0,0,1,TIER_3_HIGH_RISK,0.828,3,2,1,0
ord_33058318,cust_261754,422.44,COD,0,0,0.0,1,1,TIER_1_METRO,0.923,1,2,22,1
ord_75639473,cust_978617,417.62,CARD,7,0,0.0,0,1,TIER_3_HIGH_RISK,0.798,0,2,1,0
ord_81891833,cust_111465,822.11,COD,2,0,0.0,0,1,TIER_3_HIGH_RISK,0.641,0,2,20,0
ord_72977706,cust_110485,1126.6,UPI,6,0,0.0,0,4,TIER_3_HIGH_RISK,0.651,1,1,6,0
ord_85149843,cust_589114,5394.3,COD,7,0,0.0,0,1,TIER_1_METRO,0.774,2,1,21,0
ord_64182052,cust_481785,4099.53,UPI,0,0,0.0,1,5,TIER_3_HIGH_RISK,0.898,0,1,12,1
ord_82186695,cust_796364,608.47,COD,1,0,0.0,0,1,TIER_2,0.673,1,1,7,0
ord_77671031,cust_709040,1149.58,COD,0,0,0.0,1,1,TIER_1_METRO,0.724,0,1,13,1
ord_40760593,cust_415386,679.24,COD,0,0,0.0,1,1,TIER_2,0.742,0,3,10,0
ord_54768534,cust_561535,1783.46,UPI,3,0,0.0,0,3,TIER_2,0.728,0,1,12,0
ord_16640981,cust_690709,652.94,NETBANKING,5,0,0.0,0,7,TIER_3_HIGH_RISK,0.671,0,1,13,0
ord_56079618,cust_158527,384.69,COD,8,0,0.0,0,1,TIER_1_METRO,0.9,0,1,15,0
ord_15219574,cust_308680,2266.39,COD,0,0,0.0,1,1,TIER_1_METRO,0.904,0,1,20,0
ord_46460837,cust_497534,1215.31,UPI,0,0,0.0,1,1,TIER_1_METRO,0.956,0,3,6,0
ord_35828037,cust_776110,2101.23,COD,0,0,0.0,1,1,TIER_3_HIGH_RISK,0.877,0,1,2,1
ord_46940933,cust_657524,8805.67,COD,8,0,0.0,0,1,TIER_3_HIGH_RISK,0.373,0,1,4,1
ord_39498911,cust_596327,614.08,UPI,0,0,0.0,1,2,TIER_1_METRO,0.867,0,2,16,0
ord_32221624,cust_251397,3111.1,UPI,5,0,0.0,0,1,TIER_2,0.804,1,1,11,0
ord_71963740,cust_906416,806.19,CARD,6,0,0.0,0,2,TIER_2,0.569,0,2,5,0
ord_58947081,cust_764576,249.0,COD,0,0,0.0,1,1,TIER_2,0.458,1,4,16,0
ord_53721259,cust_218641,1487.26,CARD,7,1,0.1429,0,1,TIER_1_METRO,0.887,0,1,15,0
ord_32747869,cust_643662,1235.44,UPI,13,0,0.0,0,1,TIER_1_METRO,0.701,0,5,12,0
ord_17707690,cust_648190,1524.27,UPI,0,0,0.0,1,1,TIER_1_METRO,0.812,2,2,23,0
ord_40885970,cust_393702,1944.53,UPI,17,0,0.0,0,1,TIER_1_METRO,0.935,2,2,8,0
ord_80892663,cust_556419,1450.54,UPI,2,0,0.0,0,1,TIER_1_METRO,0.692,0,2,15,0
ord_20941880,cust_355333,275.16,UPI,3,1,0.3333,0,1,TIER_1_METRO,0.893,0,3,21,0
ord_69230626,cust_910517,843.26,UPI,7,0,0.0,0,3,TIER_2,0.453,1,1,12,0
ord_68804362,cust_483576,1113.37,COD,7,2,0.2857,0,2,TIER_1_METRO,0.963,1,1,1,1
ord_71669567,cust_515721,1420.4,COD,4,0,0.0,0,3,TIER_3_HIGH_RISK,0.865,0,3,20,1
ord_56276888,cust_648930,3348.61,UPI,1,0,0.0,0,3,TIER_2,0.931,1,2,9,1
ord_77342646,cust_637706,4099.14,COD,0,0,0.0,1,2,TIER_3_HIGH_RISK,0.688,1,1,5,1
ord_46488243,cust_731377,824.95,UPI,2,0,0.0,0,1,TIER_3_HIGH_RISK,0.463,1,4,4,0
ord_97180980,cust_355456,673.3,UPI,3,0,0.0,0,1,TIER_1_METRO,0.762,0,2,10,0
ord_55460599,cust_650998,2997.41,COD,0,0,0.0,1,1,TIER_2,0.915,0,4,18,0
ord_69635369,cust_900339,2541.34,COD,0,0,0.0,1,1,TIER_2,0.96,1,1,12,1
ord_60402943,cust_667152,1147.59,UPI,7,0,0.0,0,2,TIER_1_METRO,0.864,1,1,15,0
ord_15884724,cust_650008,649.25,UPI,0,0,0.0,1,5,TIER_1_METRO,0.455,1,1,2,1
ord_23114573,cust_200166,2585.75,CARD,0,0,0.0,1,1,TIER_2,0.486,2,2,8,0
ord_81432356,cust_116211,2083.85,UPI,0,0,0.0,1,1,TIER_1_METRO,0.865,1,1,2,0
ord_99763925,cust_206918,576.91,CARD,6,0,0.0,0,1,TIER_1_METRO,0.857,0,1,17,0
ord_79224090,cust_627930,1124.4,COD,3,0,0.0,0,4,TIER_2,0.855,1,4,0,1
ord_65400027,cust_739425,565.38,COD,0,0,0.0,1,1,TIER_1_METRO,0.971,0,1,5,1
ord_36424936,cust_954259,1893.05,COD,0,0,0.0,1,1,TIER_1_METRO,0.948,0,1,15,0
ord_10953959,cust_924718,566.49,COD,11,0,0.0,0,1,TIER_2,0.909,0,3,6,0
ord_84380340,cust_292268,613.9,UPI,0,0,0.0,1,2,TIER_2,0.684,0,1,4,0
ord_56787763,cust_645148,750.16,UPI,0,0,0.0,1,1,TIER_3_HIGH_RISK,0.537,1,1,15,0
ord_71449993,cust_698706,879.58,COD,9,0,0.0,0,3,TIER_1_METRO,0.504,1,4,7,0
ord_91861231,cust_752160,1194.41,UPI,9,0,0.0,0,5,TIER_3_HIGH_RISK,0.752,0,1,16,0
ord_88784753,cust_515673,814.41,COD,12,1,0.0833,0,1,TIER_2,0.661,0,1,0,1
ord_78587632,cust_767329,1973.54,UPI,0,0,0.0,1,1,TIER_2,0.931,2,2,16,0
ord_30153729,cust_691676,539.08,UPI,9,2,0.2222,0,2,TIER_1_METRO,0.695,0,4,7,0
ord_21707868,cust_152499,2595.5,COD,0,0,0.0,1,1,TIER_1_METRO,0.66,1,1,15,1
ord_35276396,cust_423300,1303.98,CARD,3,0,0.0,0,1,TIER_2,0.832,0,3,12,0
ord_15949852,cust_354477,1270.39,COD,5,1,0.2,0,1,TIER_3_HIGH_RISK,0.65,0,1,11,1
ord_91801234,cust_931053,477.44,CARD,6,0,0.0,0,1,TIER_2,0.588,2,2,7,0
ord_50381731,cust_880504,886.66,COD,11,0,0.0,0,2,TIER_1_METRO,0.857,1,2,3,0
ord_94696666,cust_791486,1408.23,NETBANKING,1,0,0.0,0,1,TIER_2,0.936,1,1,0,0
ord_65109050,cust_346765,4718.75,COD,0,0,0.0,1,1,TIER_3_HIGH_RISK,0.871,2,1,11,1
ord_75729516,cust_980677,488.28,CARD,3,0,0.0,0,3,TIER_2,0.695,1,1,17,1
ord_56792155,cust_595873,3190.74,COD,5,0,0.0,0,1,TIER_2,0.787,0,1,15,0
ord_66817319,cust_404280,557.15,COD,2,0,0.0,0,1,TIER_1_METRO,0.941,1,1,12,0
ord_30709963,cust_660076,336.2,UPI,4,0,0.0,0,2,TIER_1_METRO,0.828,0,1,17,0
ord_46147881,cust_634299,680.68,CARD,0,0,0.0,1,1,TIER_2,0.621,0,1,4,0
ord_65654323,cust_365405,1171.9,COD,9,1,0.1111,0,2,TIER_2,0.732,0,1,9,0
ord_46128129,cust_547158,464.48,COD,4,0,0.0,0,1,TIER_1_METRO,0.564,2,1,3,0
ord_99666634,cust_382469,2975.66,UPI,0,0,0.0,1,1,TIER_1_METRO,0.908,0,1,19,0
ord_91232584,cust_459449,352.17,COD,6,1,0.1667,0,1,TIER_2,0.942,2,1,12,0
ord_66846596,cust_737574,1150.64,UPI,0,0,0.0,1,2,TIER_3_HIGH_RISK,0.825,0,1,3,0
ord_30841213,cust_766477,1611.37,CARD,0,0,0.0,1,1,TIER_2,0.507,1,1,1,1
ord_49785651,cust_886427,772.27,UPI,0,0,0.0,1,2,TIER_2,0.581,1,1,3,0
ord_95225163,cust_595053,1301.11,UPI,0,0,0.0,1,1,TIER_2,0.868,0,1,1,0
ord_67681017,cust_975551,934.03,CARD,3,0,0.0,0,1,TIER_1_METRO,0.839,1,1,16,0
ord_28931543,cust_697684,559.08,UPI,0,0,0.0,1,2,TIER_1_METRO,0.6,0,1,4,0
ord_29038007,cust_158951,1902.51,COD,0,0,0.0,1,1,TIER_2,0.801,0,2,3,0
ord_63074103,cust_655568,959.38,UPI,3,0,0.0,0,1,TIER_2,0.579,0,1,7,0
ord_42191226,cust_365928,804.49,COD,1,0,0.0,0,1,TIER_2,0.83,0,2,3,0
ord_13119612,cust_985704,3192.26,COD,4,0,0.0,0,2,TIER_2,0.866,2,1,6,0
ord_15408792,cust_550583,695.06,COD,11,0,0.0,0,1,TIER_1_METRO,0.907,0,1,20,0
ord_43942120,cust_672381,1513.58,UPI,9,0,0.0,0,1,TIER_1_METRO,0.979,0,1,15,0
ord_16612208,cust_609968,1301.19,CARD,5,0,0.0,0,1,TIER_2,0.757,1,2,1,0
ord_49258843,cust_918833,5905.74,COD,0,0,0.0,1,1,TIER_3_HIGH_RISK,0.68,3,2,10,1
ord_41457080,cust_348053,975.38,UPI,5,0,0.0,0,1,TIER_2,0.711,1,1,6,0
ord_91635284,cust_194203,1208.71,COD,13,0,0.0,0,1,TIER_2,0.926,0,2,14,0
ord_44263873,cust_533951,1455.37,COD,0,0,0.0,1,2,TIER_1_METRO,0.522,3,1,15,0
ord_34203403,cust_309691,473.07,UPI,14,1,0.0714,0,2,TIER_2,0.888,2,3,2,1
ord_56988442,cust_688141,249.0,COD,1,0,0.0,0,1,TIER_1_METRO,0.893,0,2,13,0
ord_74981054,cust_419117,669.09,NETBANKING,8,0,0.0,0,2,TIER_2,0.904,0,1,17,0
ord_37404855,cust_197654,2315.61,UPI,3,0,0.0,0,1,TIER_2,0.509,1,1,19,0
ord_96439268,cust_341170,856.8,UPI,0,0,0.0,1,1,TIER_1_METRO,0.846,1,1,14,0
ord_93490701,cust_546790,2148.7,COD,7,0,0.0,0,1,TIER_2,0.497,0,1,4,1
ord_51682179,cust_272022,2530.21,COD,7,0,0.0,0,1,TIER_1_METRO,0.614,0,1,1,0
ord_53383391,cust_691082,1313.19,UPI,5,1,0.2,0,1,TIER_1_METRO,0.888,0,1,8,0
ord_36114838,cust_573574,1113.75,UPI,3,0,0.0,0,1,TIER_1_METRO,0.8,0,4,18,0
ord_83851335,cust_208269,1138.92,UPI,0,0,0.0,1,1,TIER_2,0.942,2,1,2,0
ord_75402242,cust_464811,612.31,COD,10,1,0.1,0,4,TIER_1_METRO,0.887,1,2,19,0
ord_58480343,cust_832654,922.34,COD,0,0,0.0,1,1,TIER_1_METRO,0.611,0,2,9,1
ord_44872586,cust_783297,2169.22,UPI,0,0,0.0,1,1,TIER_2,0.815,0,2,4,1
ord_47644716,cust_696917,620.98,UPI,11,3,0.2727,0,2,TIER_3_HIGH_RISK,0.721,0,1,15,1
ord_14070081,cust_491941,1249.54,COD,9,1,0.1111,0,1,TIER_2,0.841,0,2,21,0
ord_15853584,cust_606705,296.04,UPI,0,0,0.0,1,1,TIER_3_HIGH_RISK,0.829,1,1,23,0
ord_66987271,cust_389965,569.39,NETBANKING,13,0,0.0,0,1,TIER_3_HIGH_RISK,0.596,0,1,15,1
ord_91790847,cust_341209,782.81,NETBANKING,0,0,0.0,1,1,TIER_1_METRO,0.678,1,4,1,0
ord_42086215,cust_662922,860.24,COD,0,0,0.0,1,1,TIER_2,0.834,0,1,2,0
ord_21151870,cust_439720,1215.32,COD,2,0,0.0,0,1,TIER_1_METRO,0.54,0,1,1,0
ord_15963523,cust_848041,964.9,UPI,0,0,0.0,1,1,TIER_2,0.662,0,2,14,0
ord_53958766,cust_528145,2577.9,UPI,11,0,0.0,0,2,TIER_3_HIGH_RISK,0.784,1,1,22,0
ord_86267294,cust_609269,578.66,CARD,2,0,0.0,0,1,TIER_2,0.827,1,2,4,0
ord_15809041,cust_318008,501.45,UPI,7,0,0.0,0,1,TIER_3_HIGH_RISK,0.853,0,2,19,0
ord_28595568,cust_753257,2911.38,COD,6,0,0.0,0,1,TIER_1_METRO,0.932,2,1,19,0
ord_10287635,cust_974876,334.96,CARD,3,0,0.0,0,1,TIER_3_HIGH_RISK,0.754,0,1,18,0
ord_35222396,cust_628382,1568.25,COD,0,0,0.0,1,1,TIER_1_METRO,0.881,1,2,0,1
ord_29940473,cust_851964,1546.47,UPI,3,1,0.3333,0,1,TIER_1_METRO,0.372,0,1,19,0
ord_91996820,cust_541850,2094.5,CARD,0,0,0.0,1,3,TIER_1_METRO,0.821,0,1,5,1
ord_72950317,cust_756444,1582.76,COD,0,0,0.0,1,1,TIER_2,0.877,0,1,21,0
ord_67472430,cust_548250,1987.86,COD,0,0,0.0,1,1,TIER_1_METRO,0.857,0,3,20,0
ord_25451876,cust_666922,1128.87,UPI,1,0,0.0,0,1,TIER_2,0.938,2,4,17,0
ord_44906903,cust_229549,875.87,COD,0,0,0.0,1,1,TIER_3_HIGH_RISK,0.607,0,1,21,1
ord_70015385,cust_626327,3119.53,NETBANKING,0,0,0.0,1,1,TIER_3_HIGH_RISK,0.569,1,1,5,0
ord_48150204,cust_144221,1128.22,COD,0,0,0.0,1,1,TIER_2,0.827,1,4,21,1
ord_50140674,cust_406688,950.88,COD,0,0,0.0,1,1,TIER_3_HIGH_RISK,0.441,1,2,2,1
ord_16739202,cust_707508,270.69,UPI,0,0,0.0,1,1,TIER_1_METRO,0.838,2,1,0,0
ord_95473996,cust_508195,1826.09,COD,0,0,0.0,1,1,TIER_2,0.764,2,1,15,0
ord_54772085,cust_196242,2455.26,CARD,3,0,0.0,0,1,TIER_2,0.926,0,4,6,0
ord_83520947,cust_426512,1421.97,UPI,0,0,0.0,1,1,TIER_3_HIGH_RISK,0.871,0,2,2,0
ord_56285532,cust_802757,3137.93,UPI,17,0,0.0,0,1,TIER_1_METRO,0.871,0,2,9,0
ord_86171739,cust_359525,1310.92,COD,1,0,0.0,0,1,TIER_2,0.911,0,1,8,0
ord_84665006,cust_611415,249.0,UPI,5,0,0.0,0,1,TIER_1_METRO,0.882,0,2,7,0
ord_47292041,cust_367709,1513.64,UPI,19,0,0.0,0,1,TIER_1_METRO,0.87,0,1,14,0
ord_71258617,cust_581038,1449.92,UPI,3,0,0.0,0,5,TIER_1_METRO,0.62,2,2,22,0
ord_80931591,cust_389741,1040.49,COD,0,0,0.0,1,1,TIER_3_HIGH_RISK,0.646,0,1,21,1
ord_91501371,cust_658310,852.07,NETBANKING,10,0,0.0,0,1,TIER_1_METRO,0.821,0,1,15,0
ord_57562314,cust_109764,2228.9,COD,7,0,0.0,0,1,TIER_1_METRO,0.717,2,1,4,0
ord_31723084,cust_646900,1536.91,UPI,3,0,0.0,0,1,TIER_1_METRO,0.816,2,2,13,0
ord_50733588,cust_532043,2082.26,COD,0,0,0.0,1,1,TIER_1_METRO,0.925,0,2,0,0
ord_89929954,cust_190947,2462.36,COD,5,0,0.0,0,4,TIER_2,0.892,1,2,17,1
ord_47706342,cust_159633,5495.22,UPI,2,0,0.0,0,5,TIER_3_HIGH_RISK,0.72,0,1,0,1
ord_73750423,cust_142581,705.37,UPI,0,0,0.0,1,1,TIER_1_METRO,0.932,1,3,13,0
ord_68164924,cust_472767,5206.6,COD,0,0,0.0,1,1,TIER_3_HIGH_RISK,0.698,0,1,13,1
ord_75099165,cust_898450,1687.26,UPI,10,0,0.0,0,3,TIER_3_HIGH_RISK,0.305,1,4,19,0
ord_26196494,cust_899397,1034.59,COD,0,0,0.0,1,1,TIER_2,0.845,3,3,7,0
ord_77225603,cust_314680,4242.92,COD,0,0,0.0,1,3,TIER_1_METRO,0.737,0,1,23,1
ord_65338754,cust_242624,4170.46,COD,10,2,0.2,0,1,TIER_1_METRO,0.898,0,4,13,0
ord_22700198,cust_737606,2425.6,UPI,12,1,0.0833,0,2,TIER_1_METRO,0.804,0,1,12,0
ord_92523710,cust_818800,356.62,UPI,0,0,0.0,1,1,TIER_2,0.737,2,1,9,0
ord_54150968,cust_681190,904.13,UPI,0,0,0.0,1,4,TIER_1_METRO,0.813,1,2,10,1
ord_65549623,cust_634843,320.84,UPI,5,2,0.4,0,2,TIER_1_METRO,0.601,0,1,10,0
ord_46102853,cust_956665,1812.39,CARD,0,0,0.0,1,2,TIER_3_HIGH_RISK,0.307,0,2,21,0
ord_18454561,cust_208417,411.34,UPI,0,0,0.0,1,1,TIER_2,0.513,0,1,12,0
ord_18989138,cust_742059,2118.6,COD,9,1,0.1111,0,1,TIER_2,0.887,0,2,2,0
ord_33234510,cust_865127,7466.75,COD,5,0,0.0,0,1,TIER_3_HIGH_RISK,0.667,0,3,19,0
ord_81572022,cust_529283,1715.59,COD,13,0,0.0,0,1,TIER_1_METRO,0.973,0,3,4,0
ord_38093327,cust_333829,4172.89,UPI,0,0,0.0,1,1,TIER_2,0.839,0,2,19,0
ord_18884527,cust_858769,2065.01,COD,0,0,0.0,1,1,TIER_2,0.922,0,1,5,1
ord_23474284,cust_109013,1734.52,COD,0,0,0.0,1,2,TIER_2,0.706,0,1,22,0
ord_45763409,cust_774472,2942.18,CARD,3,0,0.0,0,2,TIER_1_METRO,0.832,0,1,7,0
ord_39084871,cust_358750,704.0,COD,17,0,0.0,0,1,TIER_2,0.759,2,1,8,0
ord_66776509,cust_960521,1505.59,UPI,0,0,0.0,1,1,TIER_2,0.859,0,2,18,0
ord_87751354,cust_108382,2358.57,UPI,7,0,0.0,0,1,TIER_2,0.921,0,2,21,0
ord_14927386,cust_684791,901.14,UPI,2,0,0.0,0,1,TIER_2,0.941,0,1,21,0
ord_64133658,cust_998334,1374.3,UPI,0,0,0.0,1,1,TIER_3_HIGH_RISK,0.612,0,3,5,0
ord_35642868,cust_466343,558.0,UPI,0,0,0.0,1,1,TIER_2,0.657,0,1,3,0
ord_13729046,cust_914109,968.95,UPI,5,1,0.2,0,1,TIER_1_METRO,0.747,0,1,17,0
ord_98028615,cust_842759,341.21,COD,0,0,0.0,1,1,TIER_1_METRO,0.665,0,2,10,0
ord_64260949,cust_552423,684.81,UPI,16,0,0.0,0,1,TIER_1_METRO,0.684,0,1,8,0
ord_40267797,cust_144220,2004.95,NETBANKING,0,0,0.0,1,1,TIER_1_METRO,0.91,1,1,13,0
ord_90485578,cust_823595,440.73,NETBANKING,8,1,0.125,0,1,TIER_2,0.66,1,3,10,0
ord_97013102,cust_214090,3341.76,COD,10,1,0.1,0,1,TIER_2,0.785,1,1,8,1
ord_82385640,cust_168947,2513.94,UPI,2,0,0.0,0,2,TIER_2,0.797,0,1,23,0
ord_54419538,cust_212695,884.21,COD,5,0,0.0,0,2,TIER_1_METRO,0.876,0,2,16,0
ord_22792036,cust_736600,2048.67,COD,7,1,0.1429,0,2,TIER_2,0.81,0,1,16,0
ord_86213551,cust_555066,2629.96,UPI,0,0,0.0,1,1,TIER_3_HIGH_RISK,0.784,1,4,20,1
ord_53526860,cust_716712,1598.85,UPI,18,1,0.0556,0,1,TIER_1_METRO,0.795,0,1,16,0
ord_84796132,cust_870434,2408.73,COD,0,0,0.0,1,1,TIER_1_METRO,0.894,0,1,11,1
ord_96422127,cust_775581,1360.11,COD,3,0,0.0,0,1,TIER_1_METRO,0.855,0,1,20,0
ord_79788454,cust_984594,742.45,COD,16,0,0.0,0,1,TIER_2,0.839,1,5,2,0
ord_66251007,cust_127424,1579.54,COD,3,2,0.6667,0,1,TIER_2,0.864,0,3,12,1
ord_87982667,cust_432213,342.85,UPI,0,0,0.0,1,1,TIER_1_METRO,0.842,0,2,0,0
ord_60874603,cust_735318,249.0,COD,0,0,0.0,1,1,TIER_1_METRO,0.832,2,2,9,1
ord_15887774,cust_284616,929.29,COD,5,0,0.0,0,1,TIER_2,0.73,1,2,18,0
ord_12975605,cust_240313,2042.07,COD,3,0,0.0,0,1,TIER_1_METRO,0.833,2,1,16,0
ord_40999906,cust_300277,3249.75,NETBANKING,8,0,0.0,0,1,TIER_2,0.735,0,1,17,0
ord_67349051,cust_201216,1663.64,UPI,6,0,0.0,0,1,TIER_1_METRO,0.894,1,5,2,0
ord_82010923,cust_320851,654.33,UPI,16,0,0.0,0,1,TIER_2,0.861,0,2,13,0
ord_43432455,cust_213917,2920.93,NETBANKING,4,1,0.25,0,1,TIER_1_METRO,0.63,1,2,19,0
ord_11717222,cust_762064,4063.3,NETBANKING,2,0,0.0,0,1,TIER_2,0.535,1,3,21,0
ord_72025363,cust_115063,954.57,UPI,0,0,0.0,1,5,TIER_2,0.813,1,1,6,1
ord_38301216,cust_611889,1031.63,CARD,0,0,0.0,1,1,TIER_3_HIGH_RISK,0.793,1,1,12,1
ord_13144787,cust_524567,738.6,CARD,0,0,0.0,1,1,TIER_1_METRO,0.978,2,1,19,1
ord_17021862,cust_766142,1752.83,UPI,0,0,0.0,1,1,TIER_1_METRO,0.795,0,1,3,0
ord_61584473,cust_151588,1067.76,COD,0,0,0.0,1,1,TIER_3_HIGH_RISK,0.55,0,4,3,1
ord_88649101,cust_910775,2597.2,CARD,0,0,0.0,1,1,TIER_3_HIGH_RISK,0.53,0,1,10,0
ord_72570237,cust_206745,2689.68,UPI,1,0,0.0,0,2,TIER_2,0.657,1,1,7,0
ord_62056502,cust_343095,5067.6,COD,8,0,0.0,0,1,TIER_1_METRO,0.66,0,3,1,0
ord_77758014,cust_901547,6448.36,COD,11,2,0.1818,0,2,TIER_1_METRO,0.696,0,3,17,1
ord_28562775,cust_494692,2013.35,CARD,4,0,0.0,0,1,TIER_1_METRO,0.89,0,1,23,0
ord_91428039,cust_728937,709.7,UPI,0,0,0.0,1,1,TIER_1_METRO,0.522,1,1,9,0
ord_10524252,cust_406535,4557.24,UPI,4,0,0.0,0,1,TIER_1_METRO,0.72,0,1,10,0
ord_57701715,cust_127410,689.93,COD,0,0,0.0,1,2,TIER_3_HIGH_RISK,0.275,0,3,15,1
ord_62404938,cust_745323,3949.35,COD,2,0,0.0,0,1,TIER_1_METRO,0.677,0,1,22,0
ord_65146622,cust_314521,6622.03,COD,0,0,0.0,1,1,TIER_2,0.932,1,3,22,0
ord_48030119,cust_898241,639.23,UPI,4,0,0.0,0,2,TIER_1_METRO,0.74,0,3,19,0
ord_96569605,cust_235772,504.29,COD,0,0,0.0,1,2,TIER_1_METRO,0.818,0,1,6,0
ord_14569146,cust_600267,395.56,UPI,7,1,0.1429,0,1,TIER_2,0.677,1,1,9,0
ord_22696688,cust_309939,1066.02,COD,13,0,0.0,0,1,TIER_3_HIGH_RISK,0.694,2,3,11,1
ord_75735271,cust_159615,974.85,UPI,0,0,0.0,1,1,TIER_3_HIGH_RISK,0.722,0,3,17,0
ord_53563219,cust_822250,496.86,UPI,0,0,0.0,1,1,TIER_2,0.844,2,2,17,0
ord_46568562,cust_304635,1259.79,UPI,0,0,0.0,1,1,TIER_1_METRO,0.911,2,1,13,0
ord_77558931,cust_798734,1219.69,CARD,0,0,0.0,1,1,TIER_2,0.824,1,1,9,0
ord_62141506,cust_267599,1304.36,COD,0,0,0.0,1,2,TIER_1_METRO,0.896,0,1,6,1
ord_96228174,cust_664312,2225.63,UPI,9,0,0.0,0,1,TIER_2,0.911,3,1,3,0
ord_65021235,cust_141999,971.55,COD,0,0,0.0,1,4,TIER_2,0.712,0,2,1,1
ord_81192896,cust_663425,1787.79,CARD,13,0,0.0,0,1,TIER_1_METRO,0.824,0,1,11,0
ord_84954636,cust_337903,1350.39,COD,4,0,0.0,0,4,TIER_1_METRO,0.635,1,1,16,0
ord_62025113,cust_733542,1079.13,COD,4,1,0.25,0,1,TIER_1_METRO,0.767,2,1,2,0
ord_41549031,cust_878060,318.4,UPI,13,0,0.0,0,1,TIER_1_METRO,0.774,0,4,18,0
ord_42002177,cust_348792,635.92,COD,4,0,0.0,0,1,TIER_1_METRO,0.563,0,2,12,0
ord_70997802,cust_732206,932.51,UPI,0,0,0.0,1,1,TIER_2,0.88,0,2,18,0
ord_42105736,cust_390461,375.98,UPI,24,0,0.0,0,1,TIER_1_METRO,0.701,3,2,13,0
ord_53405007,cust_186613,5232.07,COD,0,0,0.0,1,2,TIER_2,0.454,1,4,10,1
ord_32973735,cust_118277,1277.34,UPI,0,0,0.0,1,1,TIER_2,0.709,1,1,6,0
ord_29576703,cust_180294,1351.88,CARD,0,0,0.0,1,1,TIER_1_METRO,0.625,0,1,22,0
ord_46755905,cust_170949,1272.45,COD,0,0,0.0,1,1,TIER_1_METRO,0.696,0,1,10,1
ord_27028708,cust_143085,1311.29,CARD,0,0,0.0,1,1,TIER_3_HIGH_RISK,0.612,0,1,22,0
ord_50487099,cust_315238,2266.37,UPI,8,0,0.0,0,3,TIER_3_HIGH_RISK,0.775,0,3,11,0
ord_67831103,cust_749689,1111.01,COD,4,0,0.0,0,1,TIER_1_METRO,0.536,0,1,12,0
ord_81622071,cust_928308,298.43,UPI,0,0,0.0,1,1,TIER_3_HIGH_RISK,0.481,2,2,4,1
ord_38186921,cust_240039,698.93,CARD,0,0,0.0,1,1,TIER_2,0.879,1,4,12,0
ord_98487398,cust_869212,1044.5,COD,6,0,0.0,0,1,TIER_3_HIGH_RISK,0.708,2,3,19,0
ord_30423493,cust_804600,1542.81,UPI,6,0,0.0,0,1,TIER_1_METRO,0.844,0,3,15,0
ord_26091184,cust_371695,1618.22,COD,0,0,0.0,1,1,TIER_1_METRO,0.807,0,8,12,0
ord_20905574,cust_781291,1776.95,UPI,13,2,0.1538,0,1,TIER_2,0.86,0,3,23,0
ord_68261869,cust_215095,677.2,UPI,0,0,0.0,1,5,TIER_2,0.819,2,4,12,1
ord_51982055,cust_514062,369.43,UPI,5,0,0.0,0,1,TIER_1_METRO,0.72,0,1,14,0
ord_69714426,cust_250595,693.67,COD,8,1,0.125,0,1,TIER_1_METRO,0.608,2,4,10,0
ord_56597166,cust_566981,1106.95,COD,0,0,0.0,1,2,TIER_1_METRO,0.678,0,1,23,0
ord_70225623,cust_397555,851.14,COD,0,0,0.0,1,1,TIER_1_METRO,0.793,2,1,3,0
ord_81336803,cust_758134,1133.57,COD,0,0,0.0,1,1,TIER_2,0.644,2,2,21,1
ord_30239727,cust_196696,1940.25,UPI,0,0,0.0,1,1,TIER_2,0.979,1,2,10,0
ord_30978606,cust_132934,960.49,CARD,8,0,0.0,0,1,TIER_1_METRO,0.753,0,2,8,0
ord_44538588,cust_381594,1406.84,COD,1,0,0.0,0,2,TIER_3_HIGH_RISK,0.785,0,3,11,0
ord_62318021,cust_165364,1315.14,COD,5,1,0.2,0,1,TIER_1_METRO,0.922,0,2,5,1
ord_38077868,cust_321002,1256.26,UPI,0,0,0.0,1,1,TIER_1_METRO,0.902,0,3,11,0
ord_65984203,cust_703672,1339.06,COD,2,2,1.0,0,1,TIER_3_HIGH_RISK,0.434,1,1,0,1
ord_20115084,cust_563130,2256.28,COD,5,1,0.2,0,1,TIER_1_METRO,0.75,0,1,1,0
ord_91610372,cust_165206,1309.83,COD,0,0,0.0,1,2,TIER_2,0.785,1,2,11,1
ord_25362625,cust_933211,2091.84,CARD,6,0,0.0,0,2,TIER_1_METRO,0.704,0,3,9,0
ord_61963218,cust_997064,846.46,COD,8,1,0.125,0,1,TIER_1_METRO,0.943,2,1,23,0
ord_84274929,cust_129715,807.07,CARD,4,0,0.0,0,1,TIER_2,0.746,0,5,18,0
ord_79869484,cust_114864,508.07,UPI,14,3,0.2143,0,1,TIER_2,0.762,0,1,23,0
ord_42051283,cust_400826,359.08,COD,0,0,0.0,1,1,TIER_1_METRO,0.889,1,1,22,0
ord_55525374,cust_289927,1081.26,UPI,0,0,0.0,1,1,TIER_2,0.706,2,1,14,0
ord_30763968,cust_316381,2393.85,COD,1,0,0.0,0,2,TIER_2,0.895,0,1,8,1
ord_73962938,cust_981827,695.85,COD,1,0,0.0,0,3,TIER_2,0.747,3,2,5,1
ord_13695961,cust_534737,2168.45,UPI,0,0,0.0,1,1,TIER_1_METRO,0.714,1,3,22,0
ord_85274435,cust_463184,1497.65,UPI,2,0,0.0,0,1,TIER_1_METRO,0.772,3,1,16,0
ord_22818331,cust_498488,1490.13,COD,15,0,0.0,0,1,TIER_3_HIGH_RISK,0.774,0,1,9,1
ord_25542211,cust_252150,1784.13,CARD,0,0,0.0,1,1,TIER_3_HIGH_RISK,0.833,0,3,14,0
ord_52023297,cust_539068,2011.4,COD,20,0,0.0,0,1,TIER_3_HIGH_RISK,0.681,0,1,2,0
ord_51707317,cust_145606,2049.8,COD,15,1,0.0667,0,1,TIER_1_METRO,0.491,0,1,0,0
ord_33277458,cust_808481,249.0,UPI,0,0,0.0,1,1,TIER_2,0.736,2,1,20,0
ord_31540591,cust_425396,1098.2,UPI,11,0,0.0,0,2,TIER_1_METRO,0.516,0,1,17,0
ord_29015370,cust_507558,1027.9,COD,7,1,0.1429,0,1,TIER_1_METRO,0.959,1,1,0,0
ord_82506526,cust_132548,5486.05,COD,5,1,0.2,0,1,TIER_2,0.522,1,2,8,0
ord_28383135,cust_714139,648.07,COD,6,0,0.0,0,1,TIER_3_HIGH_RISK,0.73,1,1,2,0
ord_84902468,cust_569053,2054.09,UPI,0,0,0.0,1,1,TIER_3_HIGH_RISK,0.757,2,1,17,0
ord_22449164,cust_467167,1944.54,UPI,3,1,0.3333,0,2,TIER_2,0.786,0,1,12,0
ord_24072989,cust_262325,998.82,UPI,7,0,0.0,0,1,TIER_3_HIGH_RISK,0.725,1,1,4,0
ord_39025773,cust_247816,2558.83,COD,7,2,0.2857,0,1,TIER_1_METRO,0.782,0,1,23,0
ord_31217984,cust_635599,673.97,UPI,0,0,0.0,1,1,TIER_1_METRO,0.689,0,2,16,0
ord_39022580,cust_118225,1608.72,COD,1,0,0.0,0,4,TIER_1_METRO,0.608,1,1,9,1
ord_55140485,cust_885025,2595.79,COD,2,0,0.0,0,3,TIER_1_METRO,0.8,0,1,2,0
ord_24632787,cust_605527,962.19,CARD,5,1,0.2,0,1,TIER_1_METRO,0.834,0,2,1,0
ord_72806935,cust_433019,385.83,UPI,0,0,0.0,1,2,TIER_2,0.619,1,1,18,0
ord_46999515,cust_798134,785.47,COD,0,0,0.0,1,1,TIER_3_HIGH_RISK,0.547,1,1,3,1
ord_75063839,cust_536211,457.18,UPI,4,0,0.0,0,1,TIER_1_METRO,0.916,3,1,10,0
ord_11531064,cust_236203,1019.07,UPI,5,2,0.4,0,1,TIER_2,0.804,0,2,2,0
ord_25725535,cust_898892,870.8,CARD,5,0,0.0,0,1,TIER_2,0.89,0,1,22,0
ord_15023331,cust_942827,1306.71,UPI,0,0,0.0,1,1,TIER_1_METRO,0.685,2,3,0,0
ord_70328668,cust_938361,1293.39,UPI,0,0,0.0,1,1,TIER_2,0.841,2,1,20,0
ord_18927377,cust_596392,2685.95,UPI,1,0,0.0,0,1,TIER_1_METRO,0.89,0,2,1,0
ord_44943500,cust_645771,1021.22,COD,9,0,0.0,0,7,TIER_3_HIGH_RISK,0.598,2,4,2,1
ord_93106517,cust_395761,620.04,COD,17,0,0.0,0,2,TIER_2,0.495,2,1,3,0
ord_85411839,cust_890097,1525.86,UPI,0,0,0.0,1,1,TIER_2,0.873,1,2,19,0
ord_73349631,cust_964784,3097.9,UPI,2,0,0.0,0,1,TIER_2,0.793,0,3,17,0
ord_45058761,cust_554299,1075.34,UPI,0,0,0.0,1,4,TIER_1_METRO,0.781,2,1,23,1
ord_99681330,cust_208621,436.49,COD,9,0,0.0,0,1,TIER_1_METRO,0.42,0,1,0,0
ord_41522310,cust_241749,1302.7,UPI,6,0,0.0,0,1,TIER_2,0.474,3,1,22,0
ord_95388417,cust_795269,932.26,COD,3,0,0.0,0,2,TIER_1_METRO,0.893,0,2,18,0
ord_82708932,cust_616596,2701.68,COD,10,0,0.0,0,1,TIER_2,0.431,2,1,11,1
ord_26514877,cust_438037,2663.25,UPI,12,2,0.1667,0,1,TIER_1_METRO,0.795,0,1,9,0
ord_81766557,cust_182910,1248.37,COD,0,0,0.0,1,1,TIER_2,0.478,0,3,17,0
ord_79562946,cust_184985,1092.9,COD,0,0,0.0,1,1,TIER_2,0.881,1,3,8,1
ord_43470507,cust_937487,642.1,COD,0,0,0.0,1,1,TIER_1_METRO,0.842,2,1,9,1
ord_18234955,cust_464890,484.87,UPI,17,5,0.2941,0,1,TIER_1_METRO,0.83,0,3,13,0
ord_78608066,cust_648492,249.0,COD,6,0,0.0,0,1,TIER_1_METRO,0.863,1,2,8,0
ord_49385484,cust_440791,2155.55,NETBANKING,3,0,0.0,0,2,TIER_1_METRO,0.619,3,1,11,0
ord_19970977,cust_493273,249.0,UPI,8,0,0.0,0,1,TIER_2,0.777,1,1,21,0
ord_12009606,cust_113181,324.85,UPI,13,0,0.0,0,1,TIER_1_METRO,0.953,2,4,21,0
ord_82789799,cust_455223,1687.7,UPI,0,0,0.0,1,1,TIER_1_METRO,0.499,2,2,11,0
ord_10171277,cust_967812,4939.42,COD,16,0,0.0,0,1,TIER_3_HIGH_RISK,0.697,1,1,5,0
ord_75829577,cust_947116,1872.5,COD,0,0,0.0,1,7,TIER_3_HIGH_RISK,0.707,3,2,13,1
ord_99774932,cust_574106,481.5,CARD,0,0,0.0,1,1,TIER_3_HIGH_RISK,0.894,3,1,14,1
ord_94016589,cust_143915,2349.83,COD,5,0,0.0,0,1,TIER_1_METRO,0.396,0,3,2,0
ord_28448395,cust_323378,1817.13,COD,0,0,0.0,1,1,TIER_3_HIGH_RISK,0.823,2,1,13,1
ord_17831144,cust_654920,414.72,UPI,4,0,0.0,0,1,TIER_2,0.91,3,2,6,0
ord_41638829,cust_810347,527.14,UPI,4,2,0.5,0,1,TIER_2,0.549,0,2,2,0
ord_51516245,cust_191368,1335.5,UPI,2,0,0.0,0,1,TIER_1_METRO,0.665,2,1,3,0
ord_96814419,cust_816921,427.21,COD,7,1,0.1429,0,1,TIER_1_METRO,0.902,0,5,11,1
ord_69220571,cust_959045,496.58,COD,7,0,0.0,0,4,TIER_1_METRO,0.861,1,2,19,1
ord_39489478,cust_930010,256.05,UPI,4,0,0.0,0,2,TIER_1_METRO,0.647,1,1,7,0
ord_38570055,cust_251563,7013.61,UPI,0,0,0.0,1,1,TIER_2,0.916,2,3,3,0
ord_37427110,cust_227838,938.28,COD,14,2,0.1429,0,1,TIER_1_METRO,0.537,0,1,11,0
ord_20176828,cust_981461,1100.47,CARD,0,0,0.0,1,1,TIER_2,0.472,2,1,4,1
ord_40682729,cust_437265,1138.2,COD,0,0,0.0,1,3,TIER_1_METRO,0.771,2,8,9,1
ord_17964443,cust_931040,619.18,COD,0,0,0.0,1,1,TIER_2,0.879,1,2,21,1
ord_43698788,cust_492508,2240.53,UPI,0,0,0.0,1,2,TIER_1_METRO,0.935,0,1,19,0
ord_76193282,cust_480031,768.83,COD,0,0,0.0,1,1,TIER_3_HIGH_RISK,0.666,0,2,6,1
ord_88445365,cust_238966,674.54,UPI,6,0,0.0,0,2,TIER_3_HIGH_RISK,0.586,2,2,11,0
ord_26816569,cust_941244,4202.02,UPI,4,0,0.0,0,1,TIER_2,0.851,0,1,7,0
ord_50784489,cust_907192,1504.53,UPI,5,0,0.0,0,1,TIER_3_HIGH_RISK,0.746,0,2,4,0
ord_96128445,cust_656645,595.09,UPI,0,0,0.0,1,1,TIER_1_METRO,0.582,2,1,3,0
ord_33286892,cust_218903,2446.13,UPI,9,0,0.0,0,1,TIER_2,0.648,3,2,19,0
ord_64526679,cust_427460,2031.41,UPI,0,0,0.0,1,4,TIER_2,0.719,0,1,21,1
ord_41241029,cust_561333,622.31,COD,8,0,0.0,0,1,TIER_1_METRO,0.738,1,2,13,0
ord_71516022,cust_479384,436.88,UPI,7,0,0.0,0,1,TIER_3_HIGH_RISK,0.563,2,2,21,0
ord_81113032,cust_555453,1915.3,COD,4,0,0.0,0,2,TIER_2,0.992,0,1,5,0
ord_23947082,cust_734913,4434.35,UPI,13,0,0.0,0,1,TIER_1_METRO,0.786,2,1,6,0
ord_80495107,cust_101378,846.09,COD,0,0,0.0,1,1,TIER_1_METRO,0.551,0,1,12,0
ord_96320218,cust_628606,2658.49,COD,6,0,0.0,0,2,TIER_1_METRO,0.874,1,4,23,0
ord_19427504,cust_754511,619.11,UPI,4,0,0.0,0,1,TIER_1_METRO,0.482,1,1,11,0
ord_53293890,cust_532329,1756.92,UPI,2,0,0.0,0,2,TIER_1_METRO,0.954,0,1,20,0
ord_86802238,cust_430019,730.02,COD,4,0,0.0,0,1,TIER_3_HIGH_RISK,0.482,0,1,11,0
ord_89590438,cust_900444,534.76,UPI,4,0,0.0,0,5,TIER_3_HIGH_RISK,0.831,0,1,21,0
ord_54433430,cust_678985,1818.08,CARD,17,0,0.0,0,1,TIER_2,0.693,1,2,22,0
ord_13472108,cust_109319,1232.69,CARD,2,0,0.0,0,1,TIER_2,0.681,0,2,11,0
ord_80760251,cust_229716,752.18,NETBANKING,3,0,0.0,0,1,TIER_3_HIGH_RISK,0.506,0,2,17,0
ord_90919190,cust_304390,957.38,COD,14,0,0.0,0,2,TIER_2,0.727,0,2,20,0
ord_25802231,cust_694828,1096.73,COD,2,1,0.5,0,1,TIER_2,0.67,1,1,6,1
ord_75749277,cust_138079,767.11,COD,5,0,0.0,0,1,TIER_1_METRO,0.726,1,3,12,0
ord_76653416,cust_421289,1859.2,COD,0,0,0.0,1,1,TIER_1_METRO,0.872,1,1,20,1
ord_21743383,cust_613529,2050.48,UPI,0,0,0.0,1,1,TIER_1_METRO,0.847,0,3,8,0
ord_66848968,cust_909527,1004.19,COD,10,1,0.1,0,1,TIER_1_METRO,0.774,3,1,14,0
ord_20415643,cust_573675,1530.41,COD,0,0,0.0,1,1,TIER_1_METRO,0.52,0,1,10,0
ord_57718021,cust_385024,1595.52,COD,4,0,0.0,0,1,TIER_1_METRO,0.776,1,2,21,0
ord_26215665,cust_306337,1409.36,CARD,0,0,0.0,1,2,TIER_2,0.346,0,4,18,0
ord_29485901,cust_608237,1026.45,COD,0,0,0.0,1,3,TIER_2,0.666,1,1,9,1
ord_42245975,cust_555216,1321.45,COD,0,0,0.0,1,3,TIER_1_METRO,0.736,1,1,5,1
ord_63686648,cust_806116,1182.98,COD,6,0,0.0,0,2,TIER_3_HIGH_RISK,0.681,0,1,8,1
ord_36964256,cust_471007,716.62,COD,16,0,0.0,0,1,TIER_1_METRO,0.671,1,2,20,0
ord_20601417,cust_174491,2042.54,COD,1,0,0.0,0,2,TIER_1_METRO,0.865,0,1,19,1
ord_64875988,cust_235105,737.4,COD,7,0,0.0,0,1,TIER_2,0.786,0,1,2,0
ord_11594575,cust_157942,776.31,COD,3,0,0.0,0,1,TIER_3_HIGH_RISK,0.426,2,1,1,1
ord_49824448,cust_321646,1010.01,COD,11,0,0.0,0,1,TIER_1_METRO,0.844,0,1,13,0
ord_96601594,cust_836648,725.64,COD,4,1,0.25,0,3,TIER_2,0.636,1,1,8,1
ord_37158173,cust_496862,1325.65,COD,6,0,0.0,0,1,TIER_1_METRO,0.688,2,1,21,0
ord_40102447,cust_331626,249.0,COD,0,0,0.0,1,1,TIER_2,0.784,1,3,1,0
ord_50636644,cust_134889,872.44,COD,11,1,0.0909,0,1,TIER_1_METRO,0.413,0,2,4,1
ord_42016766,cust_293717,690.18,UPI,27,2,0.0741,0,1,TIER_2,0.947,3,1,14,0
ord_79963054,cust_355623,696.45,COD,0,0,0.0,1,1,TIER_1_METRO,0.637,0,1,7,0
ord_72232561,cust_399386,2727.97,UPI,0,0,0.0,1,1,TIER_3_HIGH_RISK,0.702,0,8,8,0
ord_26663288,cust_808537,945.44,UPI,0,0,0.0,1,1,TIER_1_METRO,0.755,0,1,6,0
ord_51142200,cust_435782,310.19,COD,3,0,0.0,0,2,TIER_3_HIGH_RISK,0.628,2,1,6,1
ord_77430063,cust_187393,443.97,UPI,0,0,0.0,1,1,TIER_1_METRO,0.994,2,2,14,0
ord_70988359,cust_220069,2094.52,COD,7,3,0.4286,0,3,TIER_1_METRO,0.407,0,1,3,1
ord_13775702,cust_379548,2818.87,UPI,2,0,0.0,0,1,TIER_2,0.629,2,1,21,0
ord_45439056,cust_669335,611.06,COD,3,0,0.0,0,1,TIER_1_METRO,0.818,0,1,23,0
ord_47416206,cust_527704,1262.0,COD,0,0,0.0,1,2,TIER_1_METRO,0.572,0,1,19,1
ord_53618243,cust_593605,249.0,COD,5,0,0.0,0,1,TIER_2,0.684,2,2,11,0
ord_76128719,cust_396247,899.06,COD,7,0,0.0,0,1,TIER_3_HIGH_RISK,0.361,2,1,5,1
ord_70614140,cust_546642,488.98,UPI,8,0,0.0,0,1,TIER_3_HIGH_RISK,0.781,0,2,9,0
ord_79241584,cust_450906,1866.46,NETBANKING,4,0,0.0,0,1,TIER_1_METRO,0.972,1,1,15,0
ord_51163819,cust_683058,6764.25,COD,18,0,0.0,0,1,TIER_2,0.685,2,1,21,1
ord_36844511,cust_177952,384.77,UPI,0,0,0.0,1,1,TIER_1_METRO,0.947,0,3,19,0
ord_77746957,cust_643176,1428.55,COD,3,0,0.0,0,2,TIER_1_METRO,0.856,0,2,15,1
ord_15243174,cust_923681,1596.95,UPI,4,0,0.0,0,3,TIER_1_METRO,0.565,1,1,11,0
ord_55664080,cust_990446,368.47,UPI,0,0,0.0,1,1,TIER_1_METRO,0.543,0,2,10,0
ord_15438684,cust_906775,938.5,COD,0,0,0.0,1,4,TIER_3_HIGH_RISK,0.501,1,2,8,1
ord_27811802,cust_390318,1147.74,COD,0,0,0.0,1,1,TIER_2,0.784,0,1,5,0
ord_72456830,cust_568084,1184.75,UPI,10,0,0.0,0,1,TIER_1_METRO,0.541,0,3,22,0
ord_58503110,cust_697768,426.78,UPI,0,0,0.0,1,2,TIER_1_METRO,0.924,0,2,5,0
ord_73894877,cust_907962,660.2,COD,0,0,0.0,1,1,TIER_1_METRO,0.587,1,2,9,0
ord_98720437,cust_489297,1629.24,UPI,5,0,0.0,0,1,TIER_2,0.714,0,2,7,0
ord_40319320,cust_713667,369.12,CARD,0,0,0.0,1,1,TIER_1_METRO,0.645,0,1,6,0
ord_88929433,cust_170246,415.84,CARD,0,0,0.0,1,5,TIER_2,0.872,1,1,8,1
ord_85988985,cust_357034,449.93,COD,3,0,0.0,0,1,TIER_1_METRO,0.908,3,1,8,1
ord_78539905,cust_473705,733.31,UPI,3,1,0.3333,0,2,TIER_1_METRO,0.631,0,1,7,0
ord_34373175,cust_106774,1089.07,UPI,3,0,0.0,0,1,TIER_2,0.832,0,3,13,0
ord_49700211,cust_511913,346.35,COD,6,0,0.0,0,1,TIER_1_METRO,0.95,1,2,14,0
ord_53626563,cust_327894,2534.82,COD,11,0,0.0,0,2,TIER_3_HIGH_RISK,0.633,0,5,12,1
ord_43920506,cust_146939,1082.57,UPI,14,1,0.0714,0,1,TIER_2,0.892,0,3,0,0
ord_68478657,cust_381080,2845.91,UPI,0,0,0.0,1,1,TIER_1_METRO,0.646,1,1,14,0
ord_96920012,cust_834781,716.74,COD,0,0,0.0,1,1,TIER_1_METRO,0.7,0,1,3,0
ord_36227228,cust_719675,1954.83,CARD,0,0,0.0,1,1,TIER_2,0.511,0,1,11,0
ord_85622063,cust_635174,410.79,COD,21,0,0.0,0,1,TIER_3_HIGH_RISK,0.558,1,1,23,0
ord_62857945,cust_476783,301.51,COD,5,0,0.0,0,1,TIER_1_METRO,0.638,0,1,11,0
ord_78738482,cust_350927,2396.4,COD,8,0,0.0,0,1,TIER_2,0.811,1,1,1,0
ord_51787255,cust_417649,1445.81,COD,9,0,0.0,0,1,TIER_1_METRO,0.709,1,2,16,0
ord_27503547,cust_506051,923.09,COD,5,0,0.0,0,1,TIER_1_METRO,0.694,0,1,16,0
ord_52609292,cust_373079,696.57,CARD,0,0,0.0,1,4,TIER_2,0.916,2,3,4,0
ord_80783641,cust_884313,632.05,UPI,2,0,0.0,0,1,TIER_1_METRO,0.709,0,3,7,0
ord_36773069,cust_515004,394.41,CARD,0,0,0.0,1,2,TIER_3_HIGH_RISK,0.76,1,1,4,1
ord_18704813,cust_499325,464.09,COD,0,0,0.0,1,1,TIER_3_HIGH_RISK,0.806,0,1,0,0
ord_77971703,cust_211414,2853.54,CARD,2,0,0.0,0,1,TIER_1_METRO,0.742,0,1,7,0
ord_79424002,cust_911139,249.0,CARD,7,0,0.0,0,1,TIER_2,0.796,2,1,22,0
ord_99796264,cust_893516,2020.23,COD,0,0,0.0,1,1,TIER_1_METRO,0.446,0,5,13,0
ord_69227809,cust_286793,812.67,COD,2,0,0.0,0,2,TIER_2,0.796,2,1,10,1
ord_46599668,cust_511217,2028.28,UPI,6,0,0.0,0,1,TIER_3_HIGH_RISK,0.863,1,2,6,0
ord_66912766,cust_604455,539.15,COD,4,0,0.0,0,1,TIER_3_HIGH_RISK,0.689,1,1,5,0
ord_76374125,cust_703532,1171.09,COD,5,0,0.0,0,2,TIER_1_METRO,0.848,0,2,2,0
ord_97822722,cust_946541,3057.18,COD,4,0,0.0,0,1,TIER_1_METRO,0.757,0,1,13,0
ord_56314118,cust_483075,7578.0,UPI,1,0,0.0,0,1,TIER_1_METRO,0.622,1,1,3,1
ord_80897827,cust_669981,3052.03,UPI,8,0,0.0,0,1,TIER_2,0.861,0,1,13,0
ord_61617449,cust_391199,3280.68,COD,12,2,0.1667,0,2,TIER_2,0.539,0,1,18,1
ord_89511647,cust_996200,925.61,COD,0,0,0.0,1,1,TIER_2,0.517,0,1,13,0
ord_90705119,cust_468543,1639.8,CARD,0,0,0.0,1,1,TIER_2,0.713,0,1,14,0
ord_75674458,cust_626972,707.33,COD,2,0,0.0,0,1,TIER_2,0.878,0,4,14,1
ord_18126492,cust_993595,4542.68,CARD,0,0,0.0,1,1,TIER_1_METRO,0.407,0,1,5,0
ord_64856856,cust_491212,3261.25,COD,10,0,0.0,0,1,TIER_1_METRO,0.79,0,2,22,0
ord_81772618,cust_268561,1313.95,CARD,0,0,0.0,1,1,TIER_1_METRO,0.917,0,1,3,0
ord_95050030,cust_856590,566.14,COD,0,0,0.0,1,1,TIER_1_METRO,0.84,0,1,8,0
ord_57516431,cust_253609,506.68,UPI,0,0,0.0,1,2,TIER_1_METRO,0.829,1,1,19,0
ord_21815651,cust_324478,273.5,COD,5,0,0.0,0,1,TIER_3_HIGH_RISK,0.533,1,1,7,0
ord_23936930,cust_885334,726.19,UPI,6,0,0.0,0,2,TIER_2,0.899,0,1,7,0
ord_66435455,cust_144280,2145.94,COD,11,1,0.0909,0,1,TIER_2,0.7,2,1,12,0
ord_39441143,cust_802402,2015.4,COD,0,0,0.0,1,2,TIER_2,0.545,0,1,20,1
ord_83854901,cust_132143,2964.84,COD,2,0,0.0,0,1,TIER_2,0.905,0,2,9,0
ord_49488731,cust_587889,2811.35,COD,2,0,0.0,0,1,TIER_2,0.776,0,1,7,0
ord_94792530,cust_430101,834.0,CARD,5,1,0.2,0,1,TIER_2,0.855,1,2,21,0
ord_62562567,cust_619518,621.35,COD,0,0,0.0,1,1,TIER_2,0.915,0,1,10,1
ord_11786936,cust_365399,450.7,NETBANKING,5,0,0.0,0,1,TIER_2,0.92,0,1,8,0
ord_29787345,cust_431798,762.26,COD,10,0,0.0,0,2,TIER_2,0.896,0,3,23,0
ord_39754903,cust_514237,1019.94,UPI,2,0,0.0,0,2,TIER_2,0.855,2,2,20,0
ord_55516298,cust_880288,445.76,COD,1,0,0.0,0,1,TIER_3_HIGH_RISK,0.749,1,1,18,0
ord_89117906,cust_343349,2505.59,UPI,6,0,0.0,0,2,TIER_1_METRO,0.989,3,1,8,0
ord_54918675,cust_906675,1211.28,NETBANKING,0,0,0.0,1,1,TIER_2,0.656,1,3,23,0
ord_89325711,cust_892404,1682.71,UPI,5,0,0.0,0,1,TIER_2,0.681,1,4,22,0
ord_75432283,cust_177734,2701.86,UPI,8,0,0.0,0,3,TIER_3_HIGH_RISK,0.634,2,8,18,0
ord_73621622,cust_325760,663.33,COD,0,0,0.0,1,1,TIER_2,0.668,0,2,15,1
ord_14264423,cust_873500,439.85,NETBANKING,0,0,0.0,1,1,TIER_1_METRO,0.881,1,1,14,0
ord_30025496,cust_855823,773.36,COD,0,0,0.0,1,1,TIER_2,0.75,0,2,16,1
ord_57911176,cust_397560,645.56,UPI,4,0,0.0,0,1,TIER_2,0.695,0,3,7,0
ord_27127641,cust_434168,777.17,COD,0,0,0.0,1,1,TIER_3_HIGH_RISK,0.587,1,2,13,0
ord_30376683,cust_143162,575.88,COD,0,0,0.0,1,1,TIER_3_HIGH_RISK,0.48,0,2,12,1
ord_70024396,cust_175604,1659.33,COD,8,1,0.125,0,1,TIER_1_METRO,0.644,0,4,18,0
ord_99438602,cust_824512,1125.15,UPI,8,0,0.0,0,1,TIER_2,0.612,0,2,8,0
ord_92026554,cust_498994,1167.04,CARD,5,0,0.0,0,1,TIER_1_METRO,0.55,0,1,2,0
ord_20108631,cust_365205,4532.83,COD,5,1,0.2,0,1,TIER_2,0.817,0,1,23,1
ord_22258491,cust_734936,723.52,UPI,6,0,0.0,0,2,TIER_1_METRO,0.363,0,2,0,0
ord_95908143,cust_966628,3015.76,COD,4,0,0.0,0,1,TIER_3_HIGH_RISK,0.75,1,1,11,0
ord_23294235,cust_643864,2392.63,UPI,0,0,0.0,1,1,TIER_3_HIGH_RISK,0.787,0,2,7,0
ord_64826093,cust_789680,2783.71,COD,5,0,0.0,0,1,TIER_2,0.865,0,1,7,0
ord_36417826,cust_514556,1986.81,UPI,5,0,0.0,0,1,TIER_1_METRO,0.84,0,1,0,0
ord_33384180,cust_419115,3937.97,UPI,7,0,0.0,0,1,TIER_1_METRO,0.926,0,3,18,0
ord_31845218,cust_295507,2037.86,UPI,0,0,0.0,1,2,TIER_3_HIGH_RISK,0.438,0,2,10,0
ord_11310646,cust_640853,530.71,UPI,2,0,0.0,0,1,TIER_2,0.752,1,1,6,0
ord_63775257,cust_109907,1940.15,UPI,17,0,0.0,0,1,TIER_1_METRO,0.786,0,2,4,0
ord_77066688,cust_162979,1275.39,COD,5,0,0.0,0,1,TIER_1_METRO,0.959,0,5,0,0
ord_21960096,cust_641961,1609.33,CARD,6,0,0.0,0,1,TIER_3_HIGH_RISK,0.646,0,2,10,0
ord_40278292,cust_187081,1385.44,COD,5,0,0.0,0,5,TIER_1_METRO,0.798,2,1,22,0
ord_20448643,cust_305471,1153.44,UPI,6,0,0.0,0,1,TIER_2,0.818,2,2,0,0
ord_33686669,cust_740846,282.45,COD,6,0,0.0,0,2,TIER_3_HIGH_RISK,0.582,1,3,6,1
ord_89319087,cust_852249,1327.74,COD,1,0,0.0,0,1,TIER_1_METRO,0.396,1,3,0,0
ord_63517362,cust_539645,2363.14,UPI,0,0,0.0,1,1,TIER_2,0.344,0,2,19,1
ord_72540929,cust_185898,673.09,COD,4,0,0.0,0,4,TIER_1_METRO,0.982,1,1,7,0
ord_62209619,cust_229774,1009.47,COD,0,0,0.0,1,3,TIER_1_METRO,0.831,3,3,10,1
ord_30254024,cust_759156,5122.18,UPI,1,0,0.0,0,1,TIER_2,0.594,2,1,11,0
ord_82193785,cust_154486,512.85,CARD,7,0,0.0,0,1,TIER_1_METRO,0.632,0,1,6,0
ord_54168323,cust_340269,1007.24,CARD,0,0,0.0,1,1,TIER_1_METRO,0.772,1,2,15,0
ord_45055276,cust_483353,534.4,UPI,0,0,0.0,1,1,TIER_2,0.651,1,1,15,0
ord_33462453,cust_301168,1110.65,COD,0,0,0.0,1,1,TIER_1_METRO,0.958,0,1,17,1
ord_73744714,cust_396770,1512.81,COD,0,0,0.0,1,2,TIER_1_METRO,0.96,0,1,19,0
ord_79739572,cust_967378,2206.18,CARD,16,0,0.0,0,1,TIER_1_METRO,0.704,0,1,15,0
ord_76395265,cust_627870,670.53,COD,3,0,0.0,0,1,TIER_2,0.696,0,1,9,0
ord_36400656,cust_323773,2520.3,CARD,0,0,0.0,1,1,TIER_3_HIGH_RISK,0.778,0,3,6,0
ord_96155489,cust_748418,778.24,UPI,2,0,0.0,0,1,TIER_2,0.852,0,3,8,0
ord_21045633,cust_801475,567.56,COD,0,0,0.0,1,1,TIER_2,0.86,3,2,8,1
ord_77667609,cust_312991,1417.05,UPI,3,0,0.0,0,1,TIER_1_METRO,0.859,0,2,19,0
ord_37132673,cust_437060,3581.42,COD,5,0,0.0,0,1,TIER_2,0.774,1,1,3,0
ord_55093137,cust_336675,452.94,UPI,0,0,0.0,1,1,TIER_2,0.903,0,2,2,0
ord_41766658,cust_291037,4363.12,COD,2,0,0.0,0,2,TIER_3_HIGH_RISK,0.448,1,3,18,1
ord_42010888,cust_625087,2893.88,COD,4,0,0.0,0,2,TIER_2,0.634,1,1,3,0
ord_32851093,cust_322172,1340.76,NETBANKING,0,0,0.0,1,1,TIER_2,0.819,2,2,22,0
ord_41099208,cust_547822,3293.7,CARD,0,0,0.0,1,1,TIER_2,0.663,3,1,0,1
ord_77493767,cust_811833,3037.89,COD,7,0,0.0,0,1,TIER_2,0.684,0,1,22,0
ord_49296070,cust_907810,1089.46,COD,0,0,0.0,1,2,TIER_2,0.661,0,1,8,0
ord_81274530,cust_684949,1048.54,CARD,0,0,0.0,1,1,TIER_1_METRO,0.708,1,1,19,0
ord_28372339,cust_799445,751.04,COD,0,0,0.0,1,3,TIER_3_HIGH_RISK,0.726,2,2,22,1
ord_50159561,cust_688334,2080.54,COD,0,0,0.0,1,1,TIER_1_METRO,0.893,3,2,5,1
ord_83605059,cust_466393,2692.41,COD,14,0,0.0,0,1,TIER_3_HIGH_RISK,0.918,1,3,16,0
ord_70078382,cust_533568,732.07,COD,0,0,0.0,1,1,TIER_2,0.875,1,2,1,0
ord_46652488,cust_805576,2369.99,UPI,0,0,0.0,1,2,TIER_3_HIGH_RISK,0.719,0,1,23,0
ord_77750870,cust_992719,2775.25,COD,10,0,0.0,0,1,TIER_1_METRO,0.702,2,2,3,0
ord_72341865,cust_577210,1317.19,CARD,7,0,0.0,0,1,TIER_2,0.939,1,1,1,0
ord_99138451,cust_505219,628.75,UPI,6,0,0.0,0,1,TIER_3_HIGH_RISK,0.645,1,1,7,0
ord_76146940,cust_782550,6746.03,COD,0,0,0.0,1,1,TIER_1_METRO,0.426,0,1,12,0
ord_85532173,cust_319589,333.65,CARD,17,0,0.0,0,1,TIER_3_HIGH_RISK,0.601,1,3,16,0
ord_87080924,cust_863127,1886.47,COD,16,2,0.125,0,1,TIER_2,0.892,0,2,7,0
ord_62828237,cust_879440,1266.45,UPI,7,2,0.2857,0,2,TIER_2,0.732,0,1,20,1
ord_85317957,cust_460952,1389.23,COD,0,0,0.0,1,1,TIER_2,0.723,0,1,10,1
ord_81424460,cust_712252,3308.81,COD,0,0,0.0,1,1,TIER_3_HIGH_RISK,0.729,1,2,11,1
ord_59781286,cust_125979,2076.35,COD,0,0,0.0,1,1,TIER_2,0.829,2,1,18,1
ord_60128147,cust_357230,609.05,UPI,0,0,0.0,1,1,TIER_2,0.838,0,3,9,0
ord_67235484,cust_889125,951.73,UPI,0,0,0.0,1,1,TIER_3_HIGH_RISK,0.726,0,2,17,0
ord_12195690,cust_657437,7440.69,COD,0,0,0.0,1,1,TIER_2,0.772,0,3,13,1
ord_11742166,cust_870112,677.86,CARD,0,0,0.0,1,1,TIER_1_METRO,0.821,0,2,16,0
ord_28827457,cust_772547,1537.32,CARD,0,0,0.0,1,1,TIER_3_HIGH_RISK,0.662,0,4,2,0
ord_14265630,cust_305399,332.78,COD,0,0,0.0,1,3,TIER_2,0.846,0,1,18,1
ord_45680460,cust_218502,1267.07,COD,8,0,0.0,0,1,TIER_3_HIGH_RISK,0.631,1,2,0,0
ord_43245660,cust_122030,2360.59,COD,2,0,0.0,0,5,TIER_1_METRO,0.653,1,2,15,0
ord_17503276,cust_174300,309.96,UPI,18,0,0.0,0,2,TIER_3_HIGH_RISK,0.799,0,1,5,0
ord_88736908,cust_139587,1238.79,COD,0,0,0.0,1,2,TIER_1_METRO,0.814,0,1,15,1
ord_28868041,cust_326270,734.58,COD,0,0,0.0,1,2,TIER_2,0.873,2,1,3,1
ord_57230658,cust_453884,2116.59,UPI,1,0,0.0,0,2,TIER_3_HIGH_RISK,0.674,0,1,11,0
ord_29678933,cust_282506,1793.6,UPI,11,0,0.0,0,1,TIER_2,0.859,2,5,10,0
ord_35515141,cust_552420,1167.18,UPI,3,0,0.0,0,1,TIER_1_METRO,0.87,0,2,17,0
ord_50180087,cust_289702,1406.19,UPI,0,0,0.0,1,1,TIER_2,0.889,0,1,20,0
ord_83498554,cust_879955,838.48,COD,5,0,0.0,0,1,TIER_2,0.863,0,3,12,0
ord_96487703,cust_744240,3527.0,UPI,6,0,0.0,0,1,TIER_2,0.815,1,3,4,0
ord_50603018,cust_127134,1005.86,UPI,6,0,0.0,0,4,TIER_2,0.775,0,1,15,0
ord_97317623,cust_700628,2489.46,COD,7,0,0.0,0,1,TIER_3_HIGH_RISK,0.854,0,1,14,1
ord_32042103,cust_147611,1486.42,COD,0,0,0.0,1,1,TIER_1_METRO,0.898,2,3,21,0
ord_79032162,cust_233727,1053.82,COD,16,0,0.0,0,1,TIER_1_METRO,0.949,1,1,22,0
ord_68576692,cust_129418,2252.7,UPI,0,0,0.0,1,1,TIER_2,0.945,1,1,16,0
ord_45215673,cust_546395,555.92,COD,7,2,0.2857,0,1,TIER_2,0.645,1,1,23,1
ord_61173179,cust_785846,1396.5,UPI,2,0,0.0,0,1,TIER_1_METRO,0.874,1,1,13,0
ord_85386847,cust_328289,956.12,UPI,0,0,0.0,1,1,TIER_1_METRO,0.736,0,1,14,0
ord_57468948,cust_485417,587.5,CARD,15,0,0.0,0,1,TIER_1_METRO,0.711,1,1,2,0
ord_63689611,cust_285024,1265.67,UPI,0,0,0.0,1,1,TIER_2,0.963,0,1,13,0
ord_58840101,cust_829950,2439.52,CARD,2,0,0.0,0,1,TIER_1_METRO,0.855,2,2,1,0
ord_89673898,cust_416131,1680.52,COD,2,0,0.0,0,2,TIER_2,0.687,0,1,8,0
ord_45534839,cust_233387,1327.39,COD,0,0,0.0,1,1,TIER_2,0.811,1,3,9,0
ord_71047093,cust_298924,2190.88,CARD,0,0,0.0,1,2,TIER_2,0.905,0,1,8,1
ord_80886205,cust_429112,575.86,CARD,21,1,0.0476,0,1,TIER_2,0.997,0,1,18,1
ord_73672831,cust_421660,2038.57,CARD,1,0,0.0,0,1,TIER_2,0.734,1,4,2,1
ord_21459705,cust_449033,2164.77,COD,0,0,0.0,1,1,TIER_1_METRO,0.861,2,3,20,0
ord_93177355,cust_573468,1661.71,UPI,0,0,0.0,1,5,TIER_2,0.762,0,1,4,1
ord_93479810,cust_496679,824.64,UPI,3,0,0.0,0,1,TIER_2,0.697,1,1,20,0
ord_28130254,cust_942809,1163.65,COD,0,0,0.0,1,3,TIER_3_HIGH_RISK,0.66,2,1,23,1
ord_68980966,cust_431628,2302.83,UPI,0,0,0.0,1,1,TIER_2,0.936,0,1,12,0
ord_52500282,cust_757729,638.78,COD,6,0,0.0,0,1,TIER_1_METRO,0.552,0,3,13,0
ord_64515742,cust_130158,379.0,UPI,15,2,0.1333,0,4,TIER_1_METRO,0.962,2,1,5,0
ord_99877422,cust_349408,1257.09,UPI,6,0,0.0,0,1,TIER_1_METRO,0.712,0,1,10,0
ord_37010577,cust_126038,1368.13,UPI,5,0,0.0,0,1,TIER_2,0.801,0,1,0,0
ord_84863621,cust_915492,855.25,UPI,2,0,0.0,0,1,TIER_1_METRO,0.63,0,1,13,0
ord_78168486,cust_281532,3321.09,UPI,13,0,0.0,0,1,TIER_1_METRO,0.79,1,1,11,0
ord_21926106,cust_259500,1504.02,UPI,0,0,0.0,1,3,TIER_3_HIGH_RISK,0.766,3,1,4,1
ord_37676846,cust_634214,541.35,COD,1,0,0.0,0,1,TIER_2,0.509,2,2,18,1
ord_39104939,cust_223836,490.23,COD,0,0,0.0,1,1,TIER_1_METRO,0.767,2,3,11,1
ord_11992825,cust_554256,342.09,CARD,5,0,0.0,0,1,TIER_2,0.494,1,3,16,0
ord_39202247,cust_730025,266.23,UPI,0,0,0.0,1,1,TIER_2,0.772,0,1,3,0
ord_37691349,cust_875469,1321.42,COD,1,0,0.0,0,1,TIER_1_METRO,0.778,1,2,6,0
ord_33448674,cust_749899,2198.83,NETBANKING,0,0,0.0,1,1,TIER_3_HIGH_RISK,0.657,3,3,8,1
ord_33116594,cust_788427,820.2,CARD,0,0,0.0,1,1,TIER_1_METRO,0.817,0,2,1,0
ord_25915509,cust_193758,2714.05,COD,2,0,0.0,0,1,TIER_1_METRO,0.602,2,3,18,0
ord_65310468,cust_111227,775.13,CARD,0,0,0.0,1,2,TIER_2,0.68,2,1,1,0
ord_66052321,cust_982412,845.58,UPI,12,1,0.0833,0,2,TIER_1_METRO,0.772,0,1,6,0
ord_50583878,cust_713710,878.27,COD,4,0,0.0,0,1,TIER_2,0.731,1,1,1,0
ord_75034404,cust_626251,1387.56,COD,1,0,0.0,0,1,TIER_3_HIGH_RISK,0.658,0,3,15,1
ord_43559109,cust_576814,352.28,UPI,1,0,0.0,0,1,TIER_1_METRO,0.779,0,4,18,0
ord_51495670,cust_287460,249.06,UPI,0,0,0.0,1,1,TIER_1_METRO,0.974,0,1,12,0
ord_79111188,cust_673744,5937.44,COD,0,0,0.0,1,1,TIER_2,0.64,0,1,11,1
ord_98665052,cust_959434,3559.77,COD,6,2,0.3333,0,1,TIER_3_HIGH_RISK,0.612,0,3,10,1
ord_12382865,cust_859510,912.65,CARD,0,0,0.0,1,2,TIER_2,0.639,1,1,16,0
ord_20427148,cust_997937,858.98,COD,0,0,0.0,1,7,TIER_1_METRO,0.56,2,2,13,1
ord_94065081,cust_448965,2271.84,COD,1,0,0.0,0,1,TIER_3_HIGH_RISK,0.367,0,2,13,1
ord_60452378,cust_236365,798.24,COD,7,0,0.0,0,1,TIER_2,0.612,3,1,14,0
ord_95183718,cust_503036,1058.59,UPI,7,0,0.0,0,2,TIER_3_HIGH_RISK,0.79,0,1,11,0
ord_39875646,cust_786066,712.28,UPI,0,0,0.0,1,4,TIER_2,0.834,0,1,12,0
ord_61739405,cust_986837,899.21,COD,9,0,0.0,0,1,TIER_1_METRO,0.817,1,3,10,0
ord_71170759,cust_714113,1719.88,COD,3,0,0.0,0,1,TIER_2,0.831,2,2,0,0
ord_88720901,cust_591578,3260.33,COD,0,0,0.0,1,1,TIER_2,0.909,0,5,4,1
ord_85156920,cust_884446,481.7,COD,0,0,0.0,1,1,TIER_1_METRO,0.615,3,1,14,1
ord_41645971,cust_526596,485.83,COD,0,0,0.0,1,1,TIER_2,0.792,0,2,2,1
ord_44499221,cust_301657,1678.3,CARD,14,1,0.0714,0,1,TIER_1_METRO,0.768,3,1,16,0
ord_93737948,cust_829081,1303.74,UPI,6,0,0.0,0,1,TIER_1_METRO,0.479,0,1,17,0
ord_88358601,cust_314862,1324.0,COD,9,0,0.0,0,2,TIER_3_HIGH_RISK,0.64,1,1,11,0
ord_91293570,cust_280161,260.34,UPI,0,0,0.0,1,1,TIER_2,0.807,0,1,2,0
ord_79205283,cust_533525,2011.71,UPI,7,0,0.0,0,2,TIER_3_HIGH_RISK,0.263,3,1,22,1
ord_40576969,cust_718335,817.38,UPI,0,0,0.0,1,1,TIER_1_METRO,0.672,1,1,13,0
ord_61730610,cust_848839,278.22,COD,15,0,0.0,0,3,TIER_2,0.943,0,2,4,0
ord_21954802,cust_192862,727.43,UPI,9,2,0.2222,0,1,TIER_1_METRO,0.954,1,2,22,0
ord_99079814,cust_270002,645.11,COD,0,0,0.0,1,2,TIER_3_HIGH_RISK,0.694,2,1,18,0
ord_74642096,cust_280448,2916.75,COD,3,0,0.0,0,1,TIER_1_METRO,0.762,1,1,19,0
ord_88408923,cust_622471,1626.45,COD,6,0,0.0,0,1,TIER_3_HIGH_RISK,0.673,1,1,21,0
ord_77022207,cust_483987,283.62,COD,0,0,0.0,1,1,TIER_1_METRO,0.721,0,1,9,1
ord_98670888,cust_726905,420.97,NETBANKING,0,0,0.0,1,1,TIER_2,0.775,0,1,10,0
ord_27684867,cust_528718,672.49,UPI,0,0,0.0,1,3,TIER_1_METRO,0.836,0,3,2,0
ord_57826978,cust_332460,1873.49,UPI,3,1,0.3333,0,1,TIER_3_HIGH_RISK,0.827,1,1,2,0
ord_31555046,cust_122231,498.25,UPI,10,0,0.0,0,1,TIER_3_HIGH_RISK,0.262,0,1,10,0
ord_18669441,cust_983250,3896.39,UPI,3,0,0.0,0,1,TIER_1_METRO,0.777,0,1,12,0
ord_59426960,cust_666401,985.16,COD,5,1,0.2,0,1,TIER_3_HIGH_RISK,0.681,1,2,12,1
ord_65966960,cust_467401,249.0,UPI,1,0,0.0,0,3,TIER_2,0.802,0,1,16,0
ord_39367077,cust_164771,1310.82,COD,0,0,0.0,1,1,TIER_2,0.382,1,1,16,0
ord_99198594,cust_491301,1307.19,COD,3,0,0.0,0,1,TIER_1_METRO,0.518,0,2,14,1
ord_11041431,cust_388394,1087.5,COD,2,0,0.0,0,1,TIER_3_HIGH_RISK,0.587,1,1,5,1
ord_16141018,cust_138930,882.81,COD,2,0,0.0,0,1,TIER_1_METRO,0.511,0,2,9,0
ord_74365536,cust_708084,3544.31,COD,6,0,0.0,0,1,TIER_3_HIGH_RISK,0.552,0,1,5,0
ord_31501260,cust_560650,998.95,COD,6,0,0.0,0,1,TIER_1_METRO,0.926,0,1,6,0
ord_53148703,cust_787933,933.51,NETBANKING,0,0,0.0,1,1,TIER_3_HIGH_RISK,0.568,1,1,20,0
ord_11037904,cust_354031,1263.12,UPI,0,0,0.0,1,2,TIER_2,0.448,1,1,19,0
ord_61014693,cust_610699,496.93,UPI,9,0,0.0,0,1,TIER_1_METRO,0.757,0,1,21,0
ord_89243800,cust_304463,842.25,COD,0,0,0.0,1,1,TIER_3_HIGH_RISK,0.156,0,3,13,1
ord_40270785,cust_441541,271.16,UPI,0,0,0.0,1,1,TIER_2,0.884,0,1,3,1
ord_54653148,cust_354259,475.73,COD,0,0,0.0,1,2,TIER_2,0.887,1,1,8,1
ord_52714708,cust_679823,1589.39,CARD,9,0,0.0,0,1,TIER_1_METRO,0.827,0,1,6,0
ord_24765065,cust_738779,1445.1,COD,0,0,0.0,1,1,TIER_1_METRO,0.825,1,1,3,1
ord_54120080,cust_461116,672.95,UPI,0,0,0.0,1,1,TIER_1_METRO,0.832,0,1,8,0
ord_65842822,cust_914822,1197.86,COD,3,0,0.0,0,1,TIER_1_METRO,0.872,0,1,19,1
ord_51228931,cust_878711,2131.36,NETBANKING,8,0,0.0,0,1,TIER_3_HIGH_RISK,0.711,0,2,14,0
ord_56861389,cust_670197,1341.43,UPI,0,0,0.0,1,1,TIER_1_METRO,0.865,2,1,18,0
ord_72904494,cust_827344,1097.38,COD,0,0,0.0,1,1,TIER_2,0.687,0,1,22,0
ord_34349707,cust_884077,732.87,UPI,0,0,0.0,1,2,TIER_2,0.702,2,1,9,0
ord_79778859,cust_184358,249.0,UPI,0,0,0.0,1,1,TIER_1_METRO,0.91,2,1,11,0
ord_20848680,cust_400279,321.02,CARD,3,0,0.0,0,1,TIER_1_METRO,0.784,1,1,22,0
ord_46425691,cust_429326,1602.57,UPI,3,0,0.0,0,2,TIER_1_METRO,0.634,0,1,0,0
ord_83706383,cust_886526,2753.0,UPI,3,1,0.3333,0,5,TIER_2,0.668,2,1,3,1
ord_91500098,cust_478080,923.37,COD,0,0,0.0,1,2,TIER_3_HIGH_RISK,0.632,0,1,0,1
ord_10190477,cust_682708,760.11,COD,0,0,0.0,1,1,TIER_1_METRO,0.644,1,1,3,1
ord_81199481,cust_965523,965.3,UPI,0,0,0.0,1,7,TIER_2,0.858,0,1,19,0
ord_47632148,cust_592762,4253.21,UPI,1,0,0.0,0,1,TIER_1_METRO,0.834,0,2,8,0
ord_24842498,cust_516650,279.27,COD,7,0,0.0,0,1,TIER_3_HIGH_RISK,0.816,0,1,19,0
ord_57670630,cust_601554,5876.91,COD,2,0,0.0,0,2,TIER_2,0.845,0,2,9,1
ord_68272527,cust_639006,249.0,COD,2,0,0.0,0,1,TIER_1_METRO,0.845,0,1,17,0
ord_41639355,cust_921258,3511.82,CARD,0,0,0.0,1,1,TIER_2,0.858,0,1,9,0
ord_92096675,cust_155037,1878.19,COD,4,0,0.0,0,1,TIER_1_METRO,0.914,0,1,20,0
ord_14775833,cust_838142,469.44,COD,0,0,0.0,1,2,TIER_1_METRO,0.685,0,2,10,0
ord_81719010,cust_311299,1030.42,UPI,0,0,0.0,1,3,TIER_1_METRO,0.874,1,1,23,0
ord_82502197,cust_869709,763.98,COD,13,0,0.0,0,1,TIER_2,0.881,0,1,4,0
ord_66198293,cust_289721,523.36,COD,0,0,0.0,1,1,TIER_1_METRO,0.926,0,1,11,0
ord_28750087,cust_638889,1449.53,COD,9,0,0.0,0,1,TIER_2,0.815,0,1,14,1
ord_12249476,cust_939750,483.97,NETBANKING,7,0,0.0,0,3,TIER_3_HIGH_RISK,0.646,0,1,20,0
ord_96266692,cust_390182,1450.58,COD,0,0,0.0,1,1,TIER_2,0.732,2,1,8,0
ord_47770077,cust_576669,1333.89,CARD,0,0,0.0,1,1,TIER_1_METRO,0.823,0,3,4,0
ord_66575031,cust_583943,2553.59,COD,6,0,0.0,0,2,TIER_1_METRO,0.662,0,1,12,0
ord_21292148,cust_319643,5709.5,COD,0,0,0.0,1,1,TIER_3_HIGH_RISK,0.687,0,1,13,1
ord_60772816,cust_410745,304.77,COD,0,0,0.0,1,1,TIER_1_METRO,0.623,0,1,2,1
ord_70574669,cust_872871,895.53,UPI,0,0,0.0,1,1,TIER_2,0.59,0,3,17,1
ord_65194542,cust_656888,3210.67,COD,2,1,0.5,0,2,TIER_1_METRO,0.945,0,1,15,1
ord_95129374,cust_611048,812.62,NETBANKING,5,0,0.0,0,1,TIER_2,0.83,0,1,15,0
ord_53167333,cust_148392,406.59,COD,11,0,0.0,0,1,TIER_1_METRO,0.599,0,4,6,0
ord_42972639,cust_228840,1090.37,UPI,0,0,0.0,1,1,TIER_1_METRO,0.538,1,1,9,0
ord_38887817,cust_159117,895.38,UPI,0,0,0.0,1,1,TIER_1_METRO,0.82,0,1,21,0
ord_72008816,cust_929308,1991.75,COD,0,0,0.0,1,1,TIER_1_METRO,0.743,1,1,10,0
ord_69971478,cust_338691,794.22,COD,2,0,0.0,0,1,TIER_2,0.741,0,1,2,0
ord_90244867,cust_157755,1710.73,UPI,5,0,0.0,0,2,TIER_2,0.735,1,4,10,0
ord_95432637,cust_791214,1149.96,CARD,0,0,0.0,1,1,TIER_1_METRO,0.716,0,1,4,0
ord_93149786,cust_548431,698.43,UPI,4,0,0.0,0,1,TIER_2,0.807,1,1,5,0
ord_88323679,cust_125158,2294.07,CARD,4,0,0.0,0,2,TIER_2,0.937,0,1,22,0
ord_40674998,cust_569896,1362.27,COD,3,1,0.3333,0,1,TIER_1_METRO,0.925,1,2,4,0
ord_65387477,cust_471719,1568.45,CARD,0,0,0.0,1,1,TIER_1_METRO,0.93,0,2,13,0
ord_24410098,cust_366220,4482.48,COD,2,0,0.0,0,4,TIER_3_HIGH_RISK,0.874,0,1,11,1
ord_77259517,cust_850374,1665.07,COD,0,0,0.0,1,1,TIER_2,0.911,0,3,16,0
ord_70331499,cust_263277,1899.7,COD,0,0,0.0,1,1,TIER_3_HIGH_RISK,0.899,0,2,14,1
ord_45154340,cust_779093,1046.03,COD,4,0,0.0,0,1,TIER_1_METRO,0.751,0,1,3,0
ord_90946128,cust_363035,1651.23,COD,0,0,0.0,1,2,TIER_1_METRO,0.814,0,1,2,0
ord_23593077,cust_710090,909.83,NETBANKING,21,1,0.0476,0,1,TIER_1_METRO,0.849,1,1,16,0
ord_98677962,cust_983247,901.61,CARD,3,0,0.0,0,4,TIER_3_HIGH_RISK,0.545,1,1,8,1
ord_30453640,cust_140185,2343.62,COD,2,0,0.0,0,2,TIER_3_HIGH_RISK,0.684,3,1,8,1
ord_27810471,cust_230775,928.28,UPI,4,0,0.0,0,1,TIER_3_HIGH_RISK,0.636,1,2,7,0
ord_65831368,cust_373485,639.3,UPI,0,0,0.0,1,1,TIER_1_METRO,0.875,0,2,6,0
ord_33352915,cust_649547,3377.47,UPI,7,3,0.4286,0,1,TIER_2,0.666,0,2,16,0
ord_10715295,cust_941252,1460.3,COD,6,1,0.1667,0,1,TIER_1_METRO,0.842,2,5,23,0
ord_53137537,cust_723579,1228.74,UPI,0,0,0.0,1,1,TIER_1_METRO,0.815,0,1,2,0
ord_43734548,cust_575344,698.16,COD,7,0,0.0,0,1,TIER_2,0.873,1,1,4,0
ord_27486878,cust_411847,795.13,UPI,0,0,0.0,1,1,TIER_2,0.586,0,1,5,0
ord_26600352,cust_135094,3019.76,UPI,0,0,0.0,1,1,TIER_3_HIGH_RISK,0.678,0,1,0,0
ord_57582023,cust_994199,1951.14,COD,6,0,0.0,0,1,TIER_1_METRO,0.725,1,2,11,0
ord_63867091,cust_786592,851.34,UPI,0,0,0.0,1,1,TIER_2,0.671,1,1,4,0
ord_37127984,cust_875035,614.21,COD,0,0,0.0,1,2,TIER_3_HIGH_RISK,0.685,0,1,4,0
ord_84282741,cust_223299,425.98,UPI,25,2,0.08,0,1,TIER_2,0.625,0,1,3,0
ord_74121675,cust_730100,704.72,COD,0,0,0.0,1,2,TIER_1_METRO,0.478,2,1,6,1
ord_68765512,cust_717465,2112.8,CARD,0,0,0.0,1,1,TIER_3_HIGH_RISK,0.713,1,1,20,1
ord_85211737,cust_220754,1061.35,CARD,0,0,0.0,1,4,TIER_2,0.859,0,3,10,1
ord_29065229,cust_223731,306.31,COD,0,0,0.0,1,1,TIER_2,0.424,2,2,11,0
ord_77946740,cust_565386,315.96,CARD,0,0,0.0,1,1,TIER_1_METRO,0.652,0,1,11,0
ord_46968086,cust_852758,1571.4,COD,9,2,0.2222,0,1,TIER_2,0.754,0,1,6,1
ord_92386751,cust_980872,1011.72,CARD,0,0,0.0,1,3,TIER_3_HIGH_RISK,0.433,0,1,7,1
ord_28992383,cust_383728,1153.69,COD,14,0,0.0,0,1,TIER_1_METRO,0.813,0,1,7,0
ord_12960841,cust_206360,565.26,CARD,9,0,0.0,0,1,TIER_1_METRO,0.866,2,1,3,0
ord_84293979,cust_967595,1596.61,UPI,27,7,0.2593,0,1,TIER_2,0.895,0,1,15,0
ord_82665316,cust_970399,4459.95,UPI,14,0,0.0,0,2,TIER_1_METRO,0.966,1,1,20,0
ord_49816526,cust_749194,2652.81,NETBANKING,3,0,0.0,0,2,TIER_1_METRO,0.737,1,2,23,0
ord_89605436,cust_899848,2228.41,COD,0,0,0.0,1,1,TIER_3_HIGH_RISK,0.72,0,3,17,1
ord_42672748,cust_552219,1844.19,COD,0,0,0.0,1,1,TIER_1_METRO,0.843,1,1,2,0
ord_75595739,cust_459057,793.21,COD,1,0,0.0,0,1,TIER_1_METRO,0.7,0,1,4,0
ord_15770938,cust_957555,1626.59,COD,12,0,0.0,0,1,TIER_3_HIGH_RISK,0.615,0,1,6,0
ord_23327766,cust_196742,4303.02,COD,3,0,0.0,0,1,TIER_1_METRO,0.898,1,1,6,1
ord_94538835,cust_242512,1441.53,UPI,0,0,0.0,1,1,TIER_1_METRO,0.869,1,2,8,0
ord_96288194,cust_376674,487.61,CARD,0,0,0.0,1,1,TIER_1_METRO,0.675,1,1,6,0
ord_15132869,cust_642118,1714.68,COD,0,0,0.0,1,1,TIER_1_METRO,0.77,2,1,21,0
ord_50506207,cust_433857,349.62,COD,3,0,0.0,0,7,TIER_3_HIGH_RISK,0.484,0,2,11,1
ord_19195168,cust_463357,816.76,UPI,9,0,0.0,0,1,TIER_3_HIGH_RISK,0.666,0,1,23,0
ord_67954168,cust_456166,5160.91,COD,2,0,0.0,0,1,TIER_3_HIGH_RISK,0.729,0,2,10,1
ord_64403298,cust_718725,2335.46,COD,0,0,0.0,1,1,TIER_1_METRO,0.616,0,1,9,0
ord_49201676,cust_102479,3004.65,COD,3,0,0.0,0,1,TIER_3_HIGH_RISK,0.468,0,3,7,1
ord_32039005,cust_328861,2839.39,UPI,1,0,0.0,0,1,TIER_1_METRO,0.862,0,2,2,0
ord_85230621,cust_934754,3416.54,COD,0,0,0.0,1,1,TIER_2,0.971,0,3,3,1
ord_55444007,cust_782701,1457.1,UPI,0,0,0.0,1,5,TIER_3_HIGH_RISK,0.681,0,1,11,1
ord_53635777,cust_393144,5728.38,NETBANKING,1,0,0.0,0,1,TIER_1_METRO,0.867,0,1,10,0
ord_99721850,cust_743312,884.77,COD,6,0,0.0,0,1,TIER_2,0.955,0,1,18,0
ord_35707713,cust_662162,998.62,COD,1,0,0.0,0,1,TIER_3_HIGH_RISK,0.747,1,1,21,0
ord_48456876,cust_175675,920.46,UPI,0,0,0.0,1,1,TIER_2,0.967,2,3,12,0
ord_41564551,cust_132205,1005.62,UPI,1,0,0.0,0,1,TIER_1_METRO,0.858,0,1,12,0
ord_44687675,cust_484287,446.05,CARD,5,0,0.0,0,1,TIER_2,0.802,1,2,16,0
ord_39696625,cust_284307,1274.46,COD,3,1,0.3333,0,1,TIER_2,0.586,1,1,13,0
ord_88950022,cust_330582,1770.21,COD,0,0,0.0,1,1,TIER_3_HIGH_RISK,0.598,0,2,4,1
ord_86696582,cust_707092,249.0,UPI,4,0,0.0,0,2,TIER_2,0.487,0,1,12,0
ord_87031056,cust_217928,1195.08,UPI,2,0,0.0,0,3,TIER_1_METRO,0.638,0,1,13,0
ord_38872553,cust_594957,1422.93,UPI,0,0,0.0,1,1,TIER_2,0.636,0,1,18,0
ord_34899065,cust_306823,1032.87,COD,5,0,0.0,0,2,TIER_1_METRO,0.668,0,1,22,0
ord_47729297,cust_306724,1373.63,COD,0,0,0.0,1,5,TIER_1_METRO,0.638,1,1,5,1
ord_96986866,cust_336424,1587.0,COD,6,0,0.0,0,4,TIER_1_METRO,0.941,0,1,15,0
ord_56762756,cust_862380,449.08,UPI,6,0,0.0,0,1,TIER_1_METRO,0.785,1,1,1,0
ord_39284132,cust_632195,1891.71,COD,5,0,0.0,0,1,TIER_2,0.846,0,2,15,0
ord_43978002,cust_493327,1199.92,COD,3,0,0.0,0,1,TIER_2,0.827,0,1,18,0
ord_88830168,cust_982564,1012.04,UPI,0,0,0.0,1,2,TIER_1_METRO,0.87,0,1,21,0
ord_46855538,cust_388334,1868.08,COD,0,0,0.0,1,1,TIER_1_METRO,0.703,2,1,21,1
ord_73131845,cust_282639,994.36,COD,0,0,0.0,1,1,TIER_1_METRO,0.558,2,2,11,1
ord_24154683,cust_962320,798.01,UPI,4,0,0.0,0,2,TIER_3_HIGH_RISK,0.724,1,1,4,0
ord_72640623,cust_112453,864.56,CARD,0,0,0.0,1,1,TIER_3_HIGH_RISK,0.695,0,1,2,1
ord_81209537,cust_699865,627.81,COD,1,0,0.0,0,1,TIER_2,0.798,1,2,18,0
ord_65073945,cust_721141,1952.42,UPI,0,0,0.0,1,1,TIER_1_METRO,0.989,0,1,19,0
ord_41886947,cust_214688,1685.28,UPI,9,0,0.0,0,2,TIER_2,0.842,0,1,8,0
ord_27015582,cust_737173,624.04,COD,4,0,0.0,0,1,TIER_1_METRO,0.944,0,1,5,0
ord_67101200,cust_839378,1234.03,CARD,1,0,0.0,0,1,TIER_2,0.545,0,1,5,0
ord_12853507,cust_150650,1138.09,COD,2,1,0.5,0,1,TIER_1_METRO,0.849,2,1,0,0
ord_85643942,cust_830456,1851.21,COD,0,0,0.0,1,1,TIER_1_METRO,0.7,0,1,9,1
ord_71669148,cust_652689,731.97,NETBANKING,0,0,0.0,1,1,TIER_2,0.377,0,1,13,0
ord_22655740,cust_749166,2967.16,COD,9,1,0.1111,0,1,TIER_1_METRO,0.816,0,1,17,0
ord_63509641,cust_977944,2001.34,COD,8,0,0.0,0,1,TIER_1_METRO,0.679,2,1,18,0
ord_50261864,cust_559091,1189.33,UPI,0,0,0.0,1,5,TIER_3_HIGH_RISK,0.597,0,1,14,1
ord_89110216,cust_280060,1736.87,UPI,0,0,0.0,1,7,TIER_2,0.781,2,2,0,1
ord_46753179,cust_854936,518.0,COD,9,1,0.1111,0,1,TIER_2,0.697,2,5,4,1
ord_85118156,cust_359153,599.39,CARD,0,0,0.0,1,1,TIER_2,0.921,0,1,0,0
ord_32736091,cust_805314,2936.56,COD,0,0,0.0,1,1,TIER_3_HIGH_RISK,0.872,0,2,17,1
ord_91293804,cust_419292,1421.25,UPI,3,1,0.3333,0,1,TIER_2,0.985,1,3,22,0
ord_36575101,cust_313756,2957.28,COD,0,0,0.0,1,1,TIER_2,0.827,1,1,20,1
ord_92304617,cust_604593,1066.0,COD,20,0,0.0,0,1,TIER_1_METRO,0.628,1,1,19,0
ord_15194914,cust_531083,2226.84,CARD,13,0,0.0,0,2,TIER_3_HIGH_RISK,0.696,1,1,6,0
ord_53481867,cust_487438,380.41,UPI,0,0,0.0,1,1,TIER_1_METRO,0.927,0,1,8,0
ord_17356505,cust_424237,867.33,UPI,10,0,0.0,0,1,TIER_1_METRO,0.928,1,1,22,0
ord_68685855,cust_365467,2697.87,COD,3,0,0.0,0,1,TIER_2,0.939,1,1,16,0
ord_56918818,cust_813934,689.62,COD,0,0,0.0,1,2,TIER_3_HIGH_RISK,0.658,2,1,13,1
ord_47003110,cust_892904,2001.91,COD,6,0,0.0,0,1,TIER_3_HIGH_RISK,0.481,0,2,2,1
ord_33340093,cust_453123,1135.74,NETBANKING,0,0,0.0,1,1,TIER_3_HIGH_RISK,0.785,0,5,23,1
ord_20387155,cust_594805,467.78,UPI,2,0,0.0,0,1,TIER_2,0.753,0,1,20,0
ord_39969114,cust_371280,817.68,COD,0,0,0.0,1,2,TIER_2,0.5,2,1,7,1
ord_76927749,cust_850377,2597.81,COD,4,0,0.0,0,3,TIER_3_HIGH_RISK,0.466,1,1,11,1
ord_83092807,cust_741383,555.14,COD,3,0,0.0,0,1,TIER_2,0.612,0,1,14,0
ord_90539718,cust_832048,1526.91,UPI,8,0,0.0,0,1,TIER_1_METRO,0.888,3,1,0,0
ord_62790195,cust_998671,2518.95,UPI,0,0,0.0,1,1,TIER_3_HIGH_RISK,0.718,2,1,3,0
ord_25702852,cust_217639,2960.26,UPI,2,1,0.5,0,3,TIER_1_METRO,0.742,3,2,16,1
ord_87138704,cust_902560,3468.42,COD,3,0,0.0,0,1,TIER_1_METRO,0.758,0,3,9,0
ord_82347195,cust_311293,1709.88,COD,12,0,0.0,0,1,TIER_3_HIGH_RISK,0.658,3,3,7,1
ord_51637100,cust_849567,551.08,COD,9,2,0.2222,0,1,TIER_2,0.897,2,2,12,1
ord_28138519,cust_633893,1591.44,CARD,0,0,0.0,1,1,TIER_1_METRO,0.975,1,2,20,0
ord_88518263,cust_891329,1032.98,COD,2,1,0.5,0,1,TIER_1_METRO,0.594,3,1,5,1
ord_54467502,cust_681753,2392.06,UPI,8,1,0.125,0,7,TIER_1_METRO,0.759,0,2,9,1
ord_36613746,cust_632290,3606.23,UPI,2,0,0.0,0,1,TIER_3_HIGH_RISK,0.661,0,1,0,0
ord_26413486,cust_642659,635.87,CARD,0,0,0.0,1,3,TIER_1_METRO,0.815,0,2,12,0
ord_11539152,cust_602912,1128.39,UPI,2,0,0.0,0,1,TIER_1_METRO,0.977,0,1,5,0
ord_84341404,cust_548920,874.91,COD,0,0,0.0,1,1,TIER_3_HIGH_RISK,0.518,2,1,14,1
ord_63448821,cust_478808,1568.95,UPI,4,0,0.0,0,1,TIER_3_HIGH_RISK,0.706,0,1,3,0
ord_59086097,cust_696285,1522.29,COD,17,0,0.0,0,1,TIER_3_HIGH_RISK,0.648,2,2,13,0
ord_79334164,cust_162969,864.8,COD,4,0,0.0,0,1,TIER_1_METRO,0.867,1,2,1,0
ord_77960025,cust_595407,2790.69,UPI,12,1,0.0833,0,1,TIER_1_METRO,0.859,0,1,1,0
ord_15568250,cust_569082,1476.88,COD,6,0,0.0,0,1,TIER_1_METRO,0.819,0,1,22,0
ord_75320186,cust_484691,286.45,UPI,2,0,0.0,0,1,TIER_1_METRO,0.846,0,4,1,0
ord_52537345,cust_529387,865.56,COD,1,0,0.0,0,4,TIER_2,0.933,2,1,7,1
ord_78304749,cust_427535,783.71,COD,14,0,0.0,0,2,TIER_2,0.678,1,1,7,1
ord_55515441,cust_782466,1728.79,COD,0,0,0.0,1,1,TIER_1_METRO,0.56,0,3,16,0
ord_79115675,cust_772153,1390.59,UPI,18,0,0.0,0,1,TIER_3_HIGH_RISK,0.525,0,1,23,0
ord_23180114,cust_853132,1399.9,COD,3,1,0.3333,0,1,TIER_1_METRO,0.768,0,1,23,1
ord_40955478,cust_413743,1420.29,UPI,0,0,0.0,1,2,TIER_2,0.764,2,4,2,1
ord_19459412,cust_796771,1574.56,CARD,1,1,1.0,0,1,TIER_3_HIGH_RISK,0.563,1,2,1,1
ord_26894585,cust_524787,2449.35,COD,0,0,0.0,1,1,TIER_2,0.728,2,1,3,1
ord_29507718,cust_957370,551.63,NETBANKING,0,0,0.0,1,1,TIER_2,0.749,1,1,9,0
ord_66294061,cust_896228,941.97,UPI,0,0,0.0,1,1,TIER_1_METRO,0.897,0,2,16,0
ord_53626004,cust_440387,304.6,COD,12,0,0.0,0,1,TIER_2,0.71,0,1,1,0
ord_28100699,cust_771142,1988.59,CARD,0,0,0.0,1,1,TIER_1_METRO,0.807,3,1,15,0
ord_24165740,cust_896728,860.75,UPI,0,0,0.0,1,1,TIER_1_METRO,0.822,2,1,5,0
ord_86647599,cust_167484,1565.98,NETBANKING,0,0,0.0,1,1,TIER_2,0.858,0,1,20,0
ord_37695858,cust_391456,2209.84,UPI,0,0,0.0,1,2,TIER_1_METRO,0.77,1,2,11,0
ord_70738589,cust_227162,2844.46,COD,2,0,0.0,0,5,TIER_2,0.617,0,4,4,1
ord_95390464,cust_397203,579.46,NETBANKING,3,1,0.3333,0,1,TIER_3_HIGH_RISK,0.569,0,1,22,1
ord_89562444,cust_364186,513.05,COD,2,0,0.0,0,2,TIER_1_METRO,0.929,1,1,21,0
ord_77505910,cust_470427,1720.28,UPI,0,0,0.0,1,1,TIER_2,0.805,3,1,18,1
ord_35061958,cust_606911,1271.16,COD,2,0,0.0,0,1,TIER_1_METRO,0.935,2,1,7,0
ord_41044489,cust_927909,870.92,UPI,7,0,0.0,0,1,TIER_3_HIGH_RISK,0.771,0,1,9,0
ord_81647711,cust_898001,2287.17,COD,5,0,0.0,0,1,TIER_2,0.871,0,1,23,0
ord_82555305,cust_857758,1677.84,COD,0,0,0.0,1,3,TIER_2,0.72,1,1,6,1
ord_73105480,cust_192930,1811.04,COD,0,0,0.0,1,1,TIER_1_METRO,0.789,1,1,12,1
ord_31849453,cust_904310,550.97,CARD,0,0,0.0,1,2,TIER_2,0.919,0,1,3,0
ord_98511758,cust_739157,1121.95,COD,0,0,0.0,1,1,TIER_1_METRO,0.747,1,1,22,0
ord_25711072,cust_219233,3367.18,NETBANKING,9,1,0.1111,0,2,TIER_2,0.779,1,1,13,0
ord_14862944,cust_784764,359.32,UPI,0,0,0.0,1,1,TIER_1_METRO,0.559,0,2,10,0
ord_55961405,cust_957887,4307.84,COD,0,0,0.0,1,1,TIER_2,0.967,0,3,13,0
ord_41301473,cust_209955,601.59,UPI,2,0,0.0,0,2,TIER_2,0.953,0,1,9,0
ord_48144196,cust_674342,1524.82,COD,0,0,0.0,1,1,TIER_2,0.869,0,1,7,0
ord_53864712,cust_210949,503.59,CARD,15,5,0.3333,0,1,TIER_1_METRO,0.944,0,1,11,0
ord_72039407,cust_501252,956.32,COD,0,0,0.0,1,1,TIER_1_METRO,0.641,2,1,15,1
ord_70186000,cust_125622,1593.71,COD,0,0,0.0,1,1,TIER_1_METRO,0.842,0,1,17,0
ord_85497681,cust_721597,2106.11,COD,2,0,0.0,0,1,TIER_1_METRO,0.909,0,1,4,0
ord_58900483,cust_554111,3280.4,COD,4,0,0.0,0,1,TIER_2,0.881,0,1,20,1
ord_73394058,cust_943855,551.42,UPI,0,0,0.0,1,1,TIER_3_HIGH_RISK,0.819,2,3,20,0
ord_51588083,cust_817218,1787.08,COD,0,0,0.0,1,1,TIER_3_HIGH_RISK,0.529,1,1,0,0
ord_99603547,cust_567741,1145.94,NETBANKING,0,0,0.0,1,2,TIER_2,0.824,0,1,21,1
ord_21462734,cust_269164,1880.57,UPI,1,1,1.0,0,1,TIER_3_HIGH_RISK,0.802,3,3,20,1
ord_59437769,cust_606399,3005.66,COD,12,0,0.0,0,1,TIER_2,0.916,2,1,4,0
ord_67510208,cust_802105,3224.54,COD,0,0,0.0,1,1,TIER_3_HIGH_RISK,0.767,2,1,15,1
ord_41496649,cust_149649,519.15,UPI,6,0,0.0,0,2,TIER_3_HIGH_RISK,0.492,0,1,7,0
ord_88678335,cust_856362,1007.83,COD,0,0,0.0,1,1,TIER_1_METRO,0.876,0,3,7,0
ord_10037361,cust_144935,832.06,UPI,3,1,0.3333,0,1,TIER_1_METRO,0.782,2,1,7,0
ord_19978954,cust_669488,1582.02,COD,8,0,0.0,0,1,TIER_3_HIGH_RISK,0.494,2,1,7,0
ord_88883510,cust_800323,1712.32,UPI,0,0,0.0,1,1,TIER_3_HIGH_RISK,0.626,0,1,17,0
ord_85585217,cust_750489,2075.25,UPI,7,0,0.0,0,1,TIER_1_METRO,0.865,0,1,23,0
ord_53922786,cust_149849,2874.9,COD,0,0,0.0,1,2,TIER_1_METRO,0.845,1,5,12,0
ord_85621550,cust_527445,1124.08,COD,0,0,0.0,1,1,TIER_2,0.929,0,1,8,0
ord_42447283,cust_771666,4283.13,UPI,0,0,0.0,1,1,TIER_1_METRO,0.556,2,2,16,0
ord_15939334,cust_248310,1595.89,UPI,0,0,0.0,1,1,TIER_1_METRO,0.578,0,2,22,0
ord_49524109,cust_750475,2948.86,COD,0,0,0.0,1,1,TIER_1_METRO,0.927,0,1,9,0
ord_82178262,cust_685202,1142.16,CARD,3,0,0.0,0,2,TIER_3_HIGH_RISK,0.519,1,1,19,1
ord_70141083,cust_742924,2683.96,COD,0,0,0.0,1,3,TIER_1_METRO,0.929,0,1,8,1
ord_21416757,cust_648892,2172.57,COD,3,0,0.0,0,1,TIER_3_HIGH_RISK,0.621,0,1,15,1
ord_41249635,cust_314062,1934.02,UPI,0,0,0.0,1,2,TIER_2,0.753,0,2,12,0
ord_16287206,cust_758206,818.04,UPI,12,0,0.0,0,2,TIER_2,0.935,0,2,10,0
ord_13275072,cust_814355,2585.81,UPI,5,0,0.0,0,1,TIER_1_METRO,0.716,2,1,18,0
ord_55154248,cust_743634,1431.24,CARD,0,0,0.0,1,1,TIER_1_METRO,0.867,0,3,21,0
ord_19254404,cust_294080,309.8,UPI,8,1,0.125,0,2,TIER_1_METRO,0.783,0,1,16,0
ord_33877268,cust_974403,2217.9,COD,0,0,0.0,1,1,TIER_2,0.817,2,3,2,1
ord_70350625,cust_828770,1265.79,UPI,0,0,0.0,1,1,TIER_3_HIGH_RISK,0.688,2,1,6,1
ord_21364638,cust_128704,3857.44,CARD,0,0,0.0,1,1,TIER_2,0.759,0,1,22,0
ord_88957296,cust_817972,384.65,COD,13,0,0.0,0,5,TIER_3_HIGH_RISK,0.433,0,1,9,1
ord_61383276,cust_962028,853.28,COD,7,0,0.0,0,1,TIER_3_HIGH_RISK,0.767,0,2,4,0
ord_11435367,cust_526185,963.58,COD,7,0,0.0,0,4,TIER_2,0.786,2,1,18,1
ord_38516890,cust_269720,563.66,COD,0,0,0.0,1,2,TIER_2,0.372,0,1,20,0
ord_68329429,cust_689324,1984.76,COD,0,0,0.0,1,1,TIER_1_METRO,0.791,0,3,3,1
ord_85883685,cust_500237,1241.66,UPI,5,1,0.2,0,2,TIER_2,0.837,0,1,12,0
ord_94680958,cust_144764,4461.4,UPI,7,1,0.1429,0,1,TIER_1_METRO,0.736,0,3,14,0
ord_40392785,cust_272781,2610.02,UPI,0,0,0.0,1,1,TIER_3_HIGH_RISK,0.734,1,2,22,1
ord_37387010,cust_511234,7055.99,UPI,9,1,0.1111,0,1,TIER_1_METRO,0.61,0,1,16,0
ord_19449136,cust_274606,2346.07,UPI,0,0,0.0,1,5,TIER_2,0.918,0,5,7,0
ord_71051512,cust_149592,1341.67,COD,4,0,0.0,0,1,TIER_2,0.645,1,2,14,0
ord_72284302,cust_659107,573.25,UPI,2,0,0.0,0,1,TIER_3_HIGH_RISK,0.407,2,2,11,0
ord_81997226,cust_565058,705.75,UPI,7,0,0.0,0,2,TIER_2,0.969,1,1,13,0
ord_23398275,cust_534610,1650.1,UPI,5,0,0.0,0,1,TIER_2,0.699,0,2,9,0
ord_85847540,cust_487900,2518.17,COD,10,0,0.0,0,4,TIER_3_HIGH_RISK,0.49,2,1,14,1
ord_36191539,cust_999497,1396.59,UPI,3,0,0.0,0,1,TIER_3_HIGH_RISK,0.684,1,1,3,1
ord_69171413,cust_753980,1447.22,UPI,8,0,0.0,0,5,TIER_2,0.888,3,2,19,0
ord_74128397,cust_962735,2570.68,UPI,2,0,0.0,0,4,TIER_2,0.92,0,2,15,0
ord_71867035,cust_538701,288.64,COD,0,0,0.0,1,1,TIER_2,0.866,0,1,9,1
ord_32323902,cust_154457,1122.74,UPI,0,0,0.0,1,1,TIER_1_METRO,0.514,0,1,12,0
ord_92829729,cust_387604,3357.65,COD,0,0,0.0,1,1,TIER_1_METRO,0.806,0,2,10,0
ord_65145321,cust_175952,1782.61,UPI,4,0,0.0,0,1,TIER_2,0.819,0,5,12,0
ord_61640044,cust_875411,412.65,UPI,6,0,0.0,0,1,TIER_3_HIGH_RISK,0.811,0,3,20,0
ord_79653170,cust_579129,1290.56,UPI,6,0,0.0,0,1,TIER_3_HIGH_RISK,0.524,0,1,0,0
ord_60596687,cust_322452,960.1,UPI,0,0,0.0,1,1,TIER_1_METRO,0.528,1,1,7,0
ord_72190751,cust_187388,1139.08,COD,0,0,0.0,1,1,TIER_1_METRO,0.928,0,1,23,0
ord_45640604,cust_134018,752.74,UPI,8,0,0.0,0,1,TIER_2,0.837,1,1,8,0
ord_54758303,cust_771577,1023.79,UPI,12,1,0.0833,0,1,TIER_3_HIGH_RISK,0.605,0,1,12,0
ord_53467245,cust_358312,274.23,UPI,10,0,0.0,0,1,TIER_2,0.818,1,3,0,0
ord_28994397,cust_111957,666.1,UPI,2,0,0.0,0,1,TIER_1_METRO,0.837,2,2,17,0
ord_12933361,cust_308358,4046.35,COD,0,0,0.0,1,1,TIER_2,0.886,0,2,15,0
ord_14464344,cust_845870,1251.29,UPI,15,2,0.1333,0,1,TIER_2,0.752,0,2,14,0
ord_23196706,cust_360408,1194.72,UPI,17,0,0.0,0,1,TIER_2,0.807,2,1,16,0
ord_13698538,cust_148814,994.22,COD,0,0,0.0,1,1,TIER_1_METRO,0.757,1,1,3,0
ord_38817246,cust_354398,4084.03,CARD,4,0,0.0,0,1,TIER_2,0.524,1,1,2,0
ord_31513632,cust_842474,546.76,COD,3,0,0.0,0,2,TIER_1_METRO,0.903,2,4,18,1
ord_98169744,cust_354935,1009.19,UPI,12,0,0.0,0,1,TIER_2,0.906,1,3,1,0
ord_73607605,cust_222388,2105.25,COD,0,0,0.0,1,1,TIER_2,0.738,2,1,9,0
ord_24160134,cust_913152,1573.56,COD,0,0,0.0,1,1,TIER_1_METRO,0.66,0,1,9,0
ord_69996376,cust_511973,466.23,UPI,4,0,0.0,0,1,TIER_3_HIGH_RISK,0.602,0,1,22,0
ord_68437573,cust_289001,1921.95,UPI,2,0,0.0,0,2,TIER_2,0.86,0,3,12,0
ord_79962365,cust_729036,350.31,COD,18,0,0.0,0,1,TIER_2,0.901,0,3,10,1
ord_24299385,cust_216048,762.59,COD,5,0,0.0,0,2,TIER_1_METRO,0.686,1,3,16,0
ord_72612095,cust_469956,1332.22,UPI,1,0,0.0,0,1,TIER_1_METRO,0.448,1,3,6,0
ord_23422577,cust_920916,2777.63,UPI,0,0,0.0,1,2,TIER_1_METRO,0.491,0,5,1,0
ord_34467331,cust_314514,2073.74,UPI,7,1,0.1429,0,2,TIER_2,0.897,0,1,18,0
ord_14474445,cust_435262,1274.83,COD,4,0,0.0,0,2,TIER_1_METRO,0.679,0,5,12,0
ord_48435211,cust_981834,1550.99,COD,5,0,0.0,0,1,TIER_2,0.63,1,1,10,0
ord_56003901,cust_591986,1121.77,CARD,5,0,0.0,0,1,TIER_3_HIGH_RISK,0.666,1,1,10,0
ord_83141283,cust_326560,833.77,UPI,6,0,0.0,0,1,TIER_1_METRO,0.989,1,2,8,0
ord_74360247,cust_887176,1081.66,UPI,0,0,0.0,1,3,TIER_2,0.841,1,4,12,0
ord_57246348,cust_453923,744.7,UPI,1,0,0.0,0,1,TIER_1_METRO,0.717,0,8,3,0
ord_71039730,cust_853467,3748.66,COD,22,1,0.0455,0,1,TIER_1_METRO,0.693,0,1,14,0
ord_79415512,cust_784440,3790.8,COD,10,0,0.0,0,1,TIER_2,0.551,1,3,14,0
ord_54288210,cust_846572,3586.0,COD,6,0,0.0,0,1,TIER_1_METRO,0.695,0,1,23,0
ord_77964107,cust_190037,2101.3,CARD,15,2,0.1333,0,1,TIER_1_METRO,0.638,0,2,0,1
ord_46786884,cust_996553,2275.85,UPI,16,1,0.0625,0,1,TIER_1_METRO,0.389,1,1,3,0
ord_73818961,cust_108583,249.0,COD,0,0,0.0,1,1,TIER_2,0.562,1,3,11,1
ord_10674075,cust_142530,1074.54,UPI,0,0,0.0,1,1,TIER_1_METRO,0.808,0,1,7,0
ord_32910282,cust_638359,1087.47,COD,5,1,0.2,0,2,TIER_2,0.617,1,2,16,0
ord_72194931,cust_443190,4184.9,UPI,0,0,0.0,1,1,TIER_1_METRO,0.752,2,1,23,0
ord_90947292,cust_843919,1555.21,COD,0,0,0.0,1,2,TIER_1_METRO,0.945,1,1,21,0
ord_38052393,cust_309843,4781.39,CARD,7,0,0.0,0,1,TIER_1_METRO,0.66,0,2,14,0
ord_23772237,cust_279913,249.0,UPI,3,0,0.0,0,5,TIER_3_HIGH_RISK,0.732,0,3,12,1
ord_65013899,cust_844030,1322.17,COD,1,0,0.0,0,1,TIER_1_METRO,0.95,1,1,14,0
ord_70653149,cust_709694,707.6,UPI,3,0,0.0,0,2,TIER_1_METRO,0.655,2,1,10,0
ord_52258657,cust_831401,1704.61,UPI,0,0,0.0,1,1,TIER_2,0.933,0,3,21,1
ord_14183839,cust_929722,827.17,CARD,0,0,0.0,1,1,TIER_3_HIGH_RISK,0.701,1,2,10,0
ord_60806795,cust_758934,3259.86,COD,6,0,0.0,0,1,TIER_2,0.794,0,5,5,0
ord_13800986,cust_123731,518.88,CARD,9,1,0.1111,0,3,TIER_1_METRO,0.877,1,1,19,0
ord_79853550,cust_983216,3827.45,COD,0,0,0.0,1,1,TIER_1_METRO,0.519,3,2,7,1
ord_87472232,cust_770179,2568.24,COD,0,0,0.0,1,1,TIER_2,0.823,0,2,23,0
ord_32048729,cust_242003,371.73,UPI,12,1,0.0833,0,1,TIER_2,0.933,1,1,20,1
ord_97255618,cust_239771,1095.54,COD,0,0,0.0,1,1,TIER_3_HIGH_RISK,0.808,1,1,23,1
ord_40450573,cust_999683,463.27,UPI,4,0,0.0,0,1,TIER_1_METRO,0.627,2,3,4,0
ord_53151612,cust_318729,607.52,COD,4,2,0.5,0,1,TIER_2,0.935,1,1,16,0
ord_13901403,cust_577563,1586.1,COD,15,0,0.0,0,1,TIER_3_HIGH_RISK,0.251,0,1,22,1
ord_70084615,cust_473555,585.83,UPI,6,0,0.0,0,1,TIER_1_METRO,0.961,1,2,6,0
ord_56023594,cust_242675,1369.12,UPI,10,0,0.0,0,2,TIER_1_METRO,0.692,0,2,10,0
ord_67797087,cust_165265,1105.17,COD,0,0,0.0,1,1,TIER_1_METRO,0.608,2,1,1,0
ord_17231445,cust_806625,1160.56,UPI,0,0,0.0,1,1,TIER_1_METRO,0.666,3,1,15,1
ord_15446342,cust_740477,1651.32,COD,2,0,0.0,0,1,TIER_1_METRO,0.58,1,1,7,0
ord_85278047,cust_650757,722.83,UPI,0,0,0.0,1,1,TIER_1_METRO,0.737,1,2,3,0
ord_55122928,cust_505895,1550.29,COD,9,0,0.0,0,1,TIER_1_METRO,0.94,0,2,15,0
ord_54401924,cust_137459,288.7,COD,3,0,0.0,0,1,TIER_2,0.79,0,1,6,0
ord_19492989,cust_178944,2953.33,COD,10,1,0.1,0,2,TIER_2,0.776,0,3,1,1
ord_18550162,cust_506946,913.83,COD,0,0,0.0,1,1,TIER_1_METRO,0.736,0,1,4,0
ord_87571418,cust_583304,1260.18,COD,5,0,0.0,0,1,TIER_1_METRO,0.93,0,1,1,0
ord_50278936,cust_812203,278.04,COD,0,0,0.0,1,1,TIER_2,0.767,2,2,22,0
ord_75135063,cust_676306,379.53,UPI,0,0,0.0,1,1,TIER_1_METRO,0.94,0,1,17,0
ord_70690177,cust_795902,951.09,COD,9,0,0.0,0,2,TIER_3_HIGH_RISK,0.47,2,1,16,1
ord_48965695,cust_855584,879.79,UPI,0,0,0.0,1,2,TIER_3_HIGH_RISK,0.734,1,8,7,1
ord_34363941,cust_182673,1125.71,NETBANKING,15,2,0.1333,0,3,TIER_1_METRO,0.828,0,1,8,0
ord_18505089,cust_650261,2434.77,UPI,8,1,0.125,0,1,TIER_2,0.636,1,1,20,0
ord_74744673,cust_130401,1476.58,UPI,2,0,0.0,0,1,TIER_1_METRO,0.844,3,1,8,0
ord_85412007,cust_194328,4214.05,UPI,3,0,0.0,0,4,TIER_1_METRO,0.827,0,3,1,1
ord_31383518,cust_849088,771.65,COD,4,0,0.0,0,1,TIER_2,0.739,0,3,23,0
ord_21337879,cust_825717,445.89,COD,5,0,0.0,0,2,TIER_1_METRO,0.854,1,1,3,0
ord_30809587,cust_495324,677.29,CARD,0,0,0.0,1,1,TIER_1_METRO,0.908,2,2,19,1
ord_21984398,cust_561110,1376.89,COD,2,0,0.0,0,1,TIER_2,0.608,3,1,11,1
ord_68030460,cust_144494,1393.3,COD,0,0,0.0,1,1,TIER_1_METRO,0.865,0,2,15,0
ord_96463233,cust_363409,2464.91,CARD,1,0,0.0,0,1,TIER_3_HIGH_RISK,0.454,2,1,16,0
ord_43891894,cust_927435,1587.34,COD,13,1,0.0769,0,1,TIER_3_HIGH_RISK,0.733,0,1,11,1
ord_38417654,cust_149460,1549.38,COD,1,0,0.0,0,1,TIER_2,0.895,0,1,19,0
ord_67805563,cust_193566,1357.97,UPI,17,1,0.0588,0,1,TIER_2,0.833,2,1,9,0
ord_31813333,cust_451362,1051.27,UPI,0,0,0.0,1,1,TIER_2,0.803,0,1,14,0
ord_98458610,cust_735136,303.67,UPI,3,0,0.0,0,1,TIER_3_HIGH_RISK,0.783,3,1,19,1
ord_42788085,cust_922317,4949.99,COD,0,0,0.0,1,1,TIER_2,0.766,0,1,22,0
ord_77009689,cust_139305,977.34,UPI,0,0,0.0,1,1,TIER_2,0.671,1,2,21,0
ord_25757040,cust_517485,1005.23,CARD,0,0,0.0,1,1,TIER_1_METRO,0.924,2,2,5,0
ord_83805443,cust_791794,1570.77,UPI,6,1,0.1667,0,1,TIER_2,0.87,1,1,1,0
ord_39356985,cust_170160,776.38,COD,10,0,0.0,0,1,TIER_2,0.777,2,2,13,0
ord_85228227,cust_682061,4769.61,UPI,11,2,0.1818,0,1,TIER_1_METRO,0.631,0,1,9,0
ord_47394405,cust_382224,3639.91,COD,3,0,0.0,0,4,TIER_3_HIGH_RISK,0.187,3,1,4,1
ord_45204166,cust_165711,601.7,COD,0,0,0.0,1,1,TIER_2,0.534,3,1,17,1
ord_23131778,cust_872528,1438.14,COD,4,0,0.0,0,1,TIER_3_HIGH_RISK,0.737,0,1,19,0
ord_43389158,cust_896651,503.73,COD,0,0,0.0,1,1,TIER_2,0.714,3,1,2,0
ord_46286070,cust_800526,656.67,CARD,0,0,0.0,1,4,TIER_2,0.746,1,1,7,1
ord_11247752,cust_426722,883.65,COD,0,0,0.0,1,1,TIER_2,0.735,0,1,3,1
ord_15786265,cust_114990,1880.44,COD,14,0,0.0,0,1,TIER_1_METRO,0.804,3,1,6,0
ord_12904814,cust_747764,1878.56,UPI,5,0,0.0,0,1,TIER_1_METRO,0.496,1,1,3,0
ord_43604200,cust_137869,1545.16,COD,6,0,0.0,0,1,TIER_2,0.782,0,3,22,0
ord_91942765,cust_804914,2710.51,COD,0,0,0.0,1,1,TIER_3_HIGH_RISK,0.768,1,4,11,1
ord_57914328,cust_599668,393.9,UPI,6,2,0.3333,0,2,TIER_1_METRO,0.386,0,2,11,1
ord_18181883,cust_438781,821.48,COD,0,0,0.0,1,1,TIER_3_HIGH_RISK,0.867,0,2,14,1
ord_91560164,cust_923424,2870.88,COD,7,0,0.0,0,1,TIER_1_METRO,0.934,0,1,22,0
ord_85111483,cust_591582,433.96,CARD,6,0,0.0,0,1,TIER_3_HIGH_RISK,0.746,0,1,20,0
ord_88945753,cust_170825,476.49,COD,7,0,0.0,0,1,TIER_2,0.899,2,1,0,0
ord_36774619,cust_292974,1148.6,UPI,0,0,0.0,1,1,TIER_1_METRO,0.848,1,1,16,0
ord_73082456,cust_278388,278.21,UPI,3,0,0.0,0,1,TIER_3_HIGH_RISK,0.15,1,5,0,1
ord_65454431,cust_833838,570.98,COD,2,0,0.0,0,1,TIER_3_HIGH_RISK,0.76,0,4,16,1
ord_28127203,cust_952083,1136.31,COD,0,0,0.0,1,1,TIER_3_HIGH_RISK,0.615,0,5,8,1
ord_84398029,cust_866032,301.38,NETBANKING,0,0,0.0,1,1,TIER_1_METRO,0.538,0,2,17,0
ord_87870420,cust_316585,1026.87,UPI,5,0,0.0,0,1,TIER_1_METRO,0.881,1,4,6,0
ord_87742372,cust_738053,904.05,UPI,0,0,0.0,1,1,TIER_2,0.805,2,1,12,0
ord_60763061,cust_865167,993.53,COD,14,1,0.0714,0,3,TIER_1_METRO,0.935,0,1,10,0
ord_65341816,cust_400374,2806.97,COD,0,0,0.0,1,1,TIER_3_HIGH_RISK,0.674,0,1,20,1
ord_77318584,cust_907503,401.87,COD,0,0,0.0,1,1,TIER_1_METRO,0.61,0,1,15,0
ord_30803158,cust_694351,1189.65,UPI,0,0,0.0,1,1,TIER_1_METRO,0.618,0,1,21,0
ord_24042008,cust_584023,4145.17,CARD,0,0,0.0,1,1,TIER_2,0.709,0,4,10,0
ord_56465821,cust_696364,531.06,COD,0,0,0.0,1,1,TIER_3_HIGH_RISK,0.698,0,1,2,1
ord_64494867,cust_619764,2578.29,UPI,0,0,0.0,1,1,TIER_3_HIGH_RISK,0.275,0,1,12,1
ord_20528294,cust_621564,324.18,UPI,6,0,0.0,0,1,TIER_1_METRO,0.86,1,1,15,0
ord_41382041,cust_375212,1199.27,UPI,4,1,0.25,0,2,TIER_1_METRO,0.823,3,2,9,0
ord_21606243,cust_468121,783.39,UPI,2,0,0.0,0,2,TIER_1_METRO,0.999,2,1,1,0
ord_66426547,cust_991856,332.47,NETBANKING,0,0,0.0,1,4,TIER_1_METRO,0.424,0,1,14,1
ord_90375205,cust_999429,2207.92,COD,11,0,0.0,0,1,TIER_2,0.284,0,1,19,0
ord_69798818,cust_387669,1001.96,UPI,0,0,0.0,1,1,TIER_2,0.596,1,1,14,0
ord_56467514,cust_794402,2032.56,UPI,13,0,0.0,0,1,TIER_3_HIGH_RISK,0.794,0,2,7,0
ord_61187343,cust_371367,1304.38,NETBANKING,0,0,0.0,1,1,TIER_1_METRO,0.837,0,1,14,0
ord_74209645,cust_694318,2182.81,COD,0,0,0.0,1,1,TIER_1_METRO,0.746,1,3,22,0
ord_73780724,cust_367280,1172.64,COD,0,0,0.0,1,1,TIER_2,0.434,0,1,20,1
ord_16900725,cust_461970,1352.89,CARD,0,0,0.0,1,2,TIER_3_HIGH_RISK,0.66,0,1,6,1
ord_60528818,cust_542850,4423.9,COD,14,0,0.0,0,1,TIER_1_METRO,0.648,0,2,20,0
ord_31900146,cust_829391,1649.83,COD,4,0,0.0,0,1,TIER_1_METRO,0.833,0,3,5,0
ord_35461039,cust_827967,1491.66,COD,5,0,0.0,0,1,TIER_3_HIGH_RISK,0.399,0,4,21,1
ord_17971379,cust_449207,249.0,COD,0,0,0.0,1,1,TIER_2,0.422,2,1,1,0
ord_22277440,cust_711345,2622.83,CARD,3,0,0.0,0,1,TIER_2,0.938,1,1,6,0
ord_35916606,cust_385725,273.87,NETBANKING,0,0,0.0,1,3,TIER_2,0.721,1,1,2,1
ord_75207703,cust_631322,1328.38,UPI,2,0,0.0,0,1,TIER_2,0.895,0,1,19,1
ord_13031863,cust_644409,2301.87,CARD,0,0,0.0,1,1,TIER_2,0.889,0,2,13,0
ord_42038060,cust_160285,1146.6,COD,0,0,0.0,1,2,TIER_2,0.873,0,2,3,1
ord_89784284,cust_662746,2236.66,UPI,11,1,0.0909,0,1,TIER_1_METRO,0.895,2,1,9,0
ord_38573090,cust_598909,1254.24,CARD,14,1,0.0714,0,2,TIER_3_HIGH_RISK,0.837,0,1,22,0
ord_14816129,cust_897784,703.62,UPI,11,1,0.0909,0,1,TIER_1_METRO,0.814,3,1,1,0
ord_88462955,cust_566202,2613.8,COD,0,0,0.0,1,1,TIER_1_METRO,0.919,1,2,21,0
ord_72364649,cust_913162,781.79,UPI,5,1,0.2,0,1,TIER_1_METRO,0.832,0,3,20,0
ord_36502745,cust_341830,5861.1,COD,9,1,0.1111,0,1,TIER_1_METRO,0.994,0,1,0,0
ord_70614215,cust_980658,2196.89,UPI,8,0,0.0,0,1,TIER_2,0.876,1,3,17,0
ord_58939582,cust_379860,1987.75,NETBANKING,0,0,0.0,1,1,TIER_3_HIGH_RISK,0.781,2,1,14,0
ord_55790115,cust_665992,273.81,UPI,7,0,0.0,0,2,TIER_2,0.721,1,1,19,0
ord_35038411,cust_901537,1354.67,COD,0,0,0.0,1,1,TIER_1_METRO,0.57,1,3,13,0
ord_23490091,cust_843847,1240.9,CARD,7,0,0.0,0,1,TIER_3_HIGH_RISK,0.756,1,4,1,0
ord_14859648,cust_258456,725.26,UPI,0,0,0.0,1,1,TIER_1_METRO,0.748,0,2,9,0
ord_19155359,cust_454449,3341.24,UPI,1,0,0.0,0,2,TIER_1_METRO,0.724,2,1,1,0
ord_80150522,cust_773161,852.38,UPI,0,0,0.0,1,3,TIER_2,0.912,1,2,6,0
ord_49241473,cust_309611,731.81,COD,0,0,0.0,1,1,TIER_1_METRO,0.891,1,1,4,0
ord_58673237,cust_353928,352.19,UPI,10,1,0.1,0,1,TIER_2,0.673,1,8,0,1
ord_57831146,cust_484938,1664.01,COD,3,0,0.0,0,1,TIER_3_HIGH_RISK,0.514,1,2,18,0
ord_69323547,cust_386102,637.35,COD,7,0,0.0,0,1,TIER_2,0.6,0,2,2,0
ord_87097920,cust_761311,598.42,UPI,1,0,0.0,0,1,TIER_2,0.787,0,1,8,0
ord_19322004,cust_963611,4276.15,COD,5,1,0.2,0,1,TIER_1_METRO,0.914,0,1,15,1
ord_80403606,cust_198525,1198.4,COD,6,0,0.0,0,1,TIER_1_METRO,0.917,2,1,22,0
ord_38549561,cust_476140,1443.2,COD,0,0,0.0,1,1,TIER_3_HIGH_RISK,0.623,2,2,8,1
ord_88783221,cust_765522,1235.09,COD,0,0,0.0,1,1,TIER_1_METRO,0.654,1,1,1,0
ord_91540863,cust_465330,2764.68,CARD,2,0,0.0,0,2,TIER_1_METRO,0.474,0,3,22,0
ord_53099583,cust_959055,2017.48,UPI,2,0,0.0,0,1,TIER_3_HIGH_RISK,0.816,0,2,18,0
ord_53156515,cust_895063,870.98,COD,4,0,0.0,0,1,TIER_2,0.767,0,2,11,0
ord_22992054,cust_354928,2820.12,CARD,0,0,0.0,1,1,TIER_2,0.772,0,1,18,0
ord_68438965,cust_725329,1329.85,COD,0,0,0.0,1,2,TIER_1_METRO,0.834,2,1,21,1
ord_49068646,cust_432744,367.64,COD,7,1,0.1429,0,1,TIER_2,0.936,0,3,20,0
ord_90406830,cust_240229,634.97,COD,6,0,0.0,0,1,TIER_2,0.786,2,1,5,0
ord_97169367,cust_516786,540.25,UPI,10,0,0.0,0,2,TIER_1_METRO,0.831,2,1,1,0
ord_29145109,cust_623343,2824.14,UPI,0,0,0.0,1,3,TIER_1_METRO,0.801,0,2,19,1
ord_57427053,cust_494879,415.35,COD,0,0,0.0,1,1,TIER_3_HIGH_RISK,0.602,0,2,14,1
ord_44867175,cust_412732,976.75,CARD,5,0,0.0,0,1,TIER_1_METRO,0.863,1,2,18,0
ord_68075712,cust_498759,932.21,COD,0,0,0.0,1,1,TIER_1_METRO,0.776,1,1,9,0
ord_45569506,cust_632187,1319.13,UPI,0,0,0.0,1,1,TIER_2,0.633,0,4,23,0
ord_40503180,cust_950766,506.8,COD,10,1,0.1,0,1,TIER_1_METRO,0.763,1,1,21,0
ord_96012533,cust_650808,561.5,UPI,11,0,0.0,0,2,TIER_1_METRO,0.954,0,3,18,0
ord_27353731,cust_831685,1519.07,UPI,7,0,0.0,0,3,TIER_1_METRO,0.902,2,1,7,0
ord_53300173,cust_241123,1454.96,COD,0,0,0.0,1,1,TIER_2,0.805,0,2,16,1
ord_10049976,cust_316937,1821.86,UPI,1,0,0.0,0,2,TIER_3_HIGH_RISK,0.592,0,2,22,0
ord_71025545,cust_386881,1510.24,UPI,0,0,0.0,1,1,TIER_2,0.66,1,3,22,1
ord_20556086,cust_322182,751.84,UPI,3,0,0.0,0,1,TIER_2,0.964,0,2,14,0
ord_38563971,cust_706070,663.13,UPI,0,0,0.0,1,1,TIER_3_HIGH_RISK,0.872,1,1,5,0
ord_16941245,cust_189751,1170.95,UPI,2,0,0.0,0,2,TIER_1_METRO,0.763,1,1,21,0
ord_78637338,cust_669609,1516.22,COD,0,0,0.0,1,1,TIER_1_METRO,0.71,0,1,1,1
ord_38666799,cust_205866,7984.3,UPI,0,0,0.0,1,1,TIER_3_HIGH_RISK,0.753,0,1,4,0
ord_80663246,cust_586163,465.9,UPI,11,4,0.3636,0,2,TIER_2,0.778,0,1,3,1
ord_55788106,cust_753408,2041.03,COD,0,0,0.0,1,1,TIER_2,0.858,0,1,1,0
ord_51006179,cust_847967,641.92,COD,10,1,0.1,0,1,TIER_2,0.716,3,2,2,1
ord_89707451,cust_779405,3878.66,UPI,2,0,0.0,0,1,TIER_2,0.84,0,1,15,0
ord_73072616,cust_760980,618.12,COD,13,1,0.0769,0,2,TIER_3_HIGH_RISK,0.451,0,1,9,0
ord_84160262,cust_985209,1000.29,UPI,4,0,0.0,0,1,TIER_1_METRO,0.935,0,1,18,0
ord_63038781,cust_770432,2634.11,COD,2,0,0.0,0,5,TIER_3_HIGH_RISK,0.794,2,2,9,1
ord_44091076,cust_655284,798.73,COD,14,0,0.0,0,1,TIER_2,0.207,2,1,15,0
ord_49873085,cust_366714,4720.97,COD,2,0,0.0,0,7,TIER_2,0.808,1,2,14,1
ord_13388445,cust_687699,4254.9,COD,0,0,0.0,1,7,TIER_1_METRO,0.675,1,1,6,1
ord_33641763,cust_839778,648.62,COD,5,1,0.2,0,1,TIER_1_METRO,0.704,1,2,6,1
ord_80549727,cust_225451,1035.03,COD,5,0,0.0,0,2,TIER_2,0.554,0,2,18,1
ord_29759626,cust_779044,3801.12,COD,2,0,0.0,0,1,TIER_1_METRO,0.882,0,4,2,1
ord_85761695,cust_434348,2635.87,COD,8,2,0.25,0,1,TIER_2,0.61,0,1,17,1
ord_42800599,cust_251944,743.85,COD,0,0,0.0,1,1,TIER_1_METRO,0.924,3,2,9,0
ord_78155115,cust_405963,1008.17,CARD,18,0,0.0,0,2,TIER_2,0.82,1,2,16,0
ord_26448425,cust_666608,1672.66,COD,0,0,0.0,1,1,TIER_3_HIGH_RISK,0.416,0,3,19,1
ord_12625263,cust_301549,836.74,UPI,4,0,0.0,0,1,TIER_2,0.977,2,1,20,0
ord_74194661,cust_873790,1365.19,COD,0,0,0.0,1,1,TIER_1_METRO,0.695,0,1,15,0
ord_60723318,cust_212692,1374.79,UPI,7,0,0.0,0,1,TIER_3_HIGH_RISK,0.656,2,1,16,0
ord_47937462,cust_314589,1425.48,UPI,5,0,0.0,0,1,TIER_2,0.852,0,3,19,0
ord_17517201,cust_326073,2500.88,NETBANKING,4,0,0.0,0,2,TIER_3_HIGH_RISK,0.716,0,1,14,0
ord_68983224,cust_832555,328.21,CARD,9,2,0.2222,0,2,TIER_2,0.847,0,1,1,0
ord_86887974,cust_975495,1086.89,CARD,0,0,0.0,1,1,TIER_2,0.842,1,1,12,0
ord_29654884,cust_504050,1402.78,UPI,0,0,0.0,1,1,TIER_1_METRO,0.477,2,1,17,1
ord_19548310,cust_919988,1957.99,COD,0,0,0.0,1,1,TIER_1_METRO,0.804,3,2,18,0
ord_16423959,cust_158914,501.14,UPI,0,0,0.0,1,1,TIER_2,0.845,2,1,22,0
ord_71107292,cust_427282,3213.9,UPI,2,0,0.0,0,1,TIER_1_METRO,0.81,0,2,3,0
ord_86067689,cust_369999,2030.3,COD,10,1,0.1,0,1,TIER_3_HIGH_RISK,0.819,3,2,12,1
ord_80572451,cust_951539,761.86,COD,14,0,0.0,0,1,TIER_1_METRO,0.957,0,2,2,0
ord_14276945,cust_179951,944.83,COD,5,0,0.0,0,4,TIER_1_METRO,0.733,3,4,22,0
ord_86236498,cust_335553,370.12,UPI,1,0,0.0,0,1,TIER_1_METRO,0.68,2,1,14,0
ord_86858897,cust_689848,444.32,NETBANKING,10,0,0.0,0,1,TIER_3_HIGH_RISK,0.784,1,1,6,0
ord_35260526,cust_462793,710.73,CARD,9,0,0.0,0,1,TIER_1_METRO,0.579,0,1,5,0
ord_17797698,cust_779760,1051.89,UPI,3,0,0.0,0,1,TIER_1_METRO,0.892,1,1,3,0
ord_22859305,cust_265205,1000.9,CARD,0,0,0.0,1,1,TIER_3_HIGH_RISK,0.732,1,1,13,0
ord_94749483,cust_220918,2253.62,UPI,0,0,0.0,1,3,TIER_3_HIGH_RISK,0.576,2,1,13,1
ord_93296888,cust_209002,3179.83,COD,0,0,0.0,1,1,TIER_3_HIGH_RISK,0.702,0,1,15,1
ord_60847679,cust_974325,818.9,NETBANKING,7,0,0.0,0,1,TIER_1_METRO,0.887,0,2,17,0
ord_55859287,cust_449652,378.53,COD,11,0,0.0,0,1,TIER_3_HIGH_RISK,0.718,0,1,17,0
ord_20669435,cust_252931,2035.74,UPI,15,0,0.0,0,1,TIER_1_METRO,0.82,0,1,11,0
ord_62839391,cust_388136,1074.85,CARD,0,0,0.0,1,1,TIER_3_HIGH_RISK,0.627,1,1,5,0
ord_81819939,cust_851419,962.63,COD,5,1,0.2,0,1,TIER_2,0.798,1,1,13,1
ord_37229553,cust_554633,628.37,COD,0,0,0.0,1,1,TIER_1_METRO,0.603,0,3,18,0
ord_12107154,cust_713687,1529.55,COD,5,0,0.0,0,3,TIER_3_HIGH_RISK,0.668,0,1,23,0
ord_65679345,cust_594631,534.96,UPI,0,0,0.0,1,2,TIER_2,0.671,0,2,6,0
ord_63910126,cust_979484,1007.16,COD,5,0,0.0,0,1,TIER_2,0.746,2,1,16,0
ord_91828695,cust_417402,1011.4,UPI,0,0,0.0,1,1,TIER_1_METRO,0.576,0,1,20,0
ord_75065901,cust_220384,2056.1,COD,0,0,0.0,1,2,TIER_2,0.744,0,5,9,1
ord_86639082,cust_522504,2410.95,UPI,0,0,0.0,1,1,TIER_2,0.817,0,1,10,0
ord_76777436,cust_749307,3107.73,UPI,5,0,0.0,0,2,TIER_1_METRO,0.854,0,1,23,0
ord_20833583,cust_573061,1155.43,UPI,0,0,0.0,1,2,TIER_1_METRO,0.695,0,1,11,0
ord_21652065,cust_721688,302.92,COD,0,0,0.0,1,2,TIER_3_HIGH_RISK,0.397,0,1,9,1
ord_98140364,cust_986714,1123.86,COD,6,0,0.0,0,1,TIER_3_HIGH_RISK,0.647,0,2,19,1
ord_97841624,cust_168858,1023.45,UPI,0,0,0.0,1,4,TIER_1_METRO,0.582,2,1,18,1
ord_57833579,cust_840321,449.08,NETBANKING,8,0,0.0,0,1,TIER_3_HIGH_RISK,0.606,1,1,4,0
ord_82562038,cust_837392,2663.96,COD,13,0,0.0,0,2,TIER_2,0.756,0,1,8,0
ord_14338843,cust_784550,2989.31,UPI,2,0,0.0,0,4,TIER_3_HIGH_RISK,0.282,1,3,5,1
ord_12906492,cust_330882,2095.55,UPI,5,1,0.2,0,1,TIER_2,0.572,1,1,19,1
ord_10529525,cust_832444,1282.63,COD,10,0,0.0,0,1,TIER_2,0.753,1,1,19,0
ord_74528007,cust_156152,2066.13,COD,0,0,0.0,1,1,TIER_1_METRO,0.75,0,3,4,1
ord_57366846,cust_725921,621.71,CARD,0,0,0.0,1,1,TIER_1_METRO,0.636,1,3,8,1
ord_69134883,cust_849760,396.59,UPI,0,0,0.0,1,1,TIER_3_HIGH_RISK,0.822,1,1,6,1
ord_38699540,cust_226691,1912.57,COD,1,0,0.0,0,2,TIER_1_METRO,0.328,2,4,6,0
ord_47407753,cust_476556,2417.04,COD,0,0,0.0,1,1,TIER_2,0.729,1,1,16,0
ord_19625105,cust_199770,1079.29,NETBANKING,0,0,0.0,1,2,TIER_3_HIGH_RISK,0.662,3,2,12,0
ord_67593159,cust_161516,2690.84,UPI,0,0,0.0,1,1,TIER_3_HIGH_RISK,0.741,2,1,8,1
ord_42983655,cust_638575,692.77,UPI,3,0,0.0,0,1,TIER_1_METRO,0.736,0,1,22,0
ord_97144025,cust_442406,6481.1,UPI,4,0,0.0,0,2,TIER_2,0.848,2,1,4,0
ord_27735317,cust_399347,2253.18,COD,0,0,0.0,1,1,TIER_1_METRO,0.872,0,2,7,0
ord_80972908,cust_981380,1758.41,CARD,2,0,0.0,0,1,TIER_1_METRO,0.873,2,2,23,0
ord_41634412,cust_126866,4085.99,UPI,0,0,0.0,1,1,TIER_1_METRO,0.774,1,1,1,0
ord_23476005,cust_501345,749.07,COD,8,0,0.0,0,1,TIER_2,0.884,0,2,23,0
ord_99306521,cust_474562,1285.79,UPI,0,0,0.0,1,1,TIER_1_METRO,0.797,1,1,15,0
ord_57556634,cust_543915,468.88,UPI,6,0,0.0,0,2,TIER_1_METRO,0.91,0,1,0,0
ord_49541461,cust_955633,1312.67,COD,9,2,0.2222,0,1,TIER_2,0.645,1,1,3,1
ord_40147291,cust_728292,1522.43,UPI,3,0,0.0,0,1,TIER_1_METRO,0.881,1,2,18,0
ord_98494554,cust_963996,4383.29,COD,0,0,0.0,1,2,TIER_3_HIGH_RISK,0.541,1,2,11,1
ord_94648451,cust_262650,902.55,NETBANKING,0,0,0.0,1,1,TIER_1_METRO,0.705,0,2,18,0
ord_57298477,cust_842941,583.45,UPI,18,1,0.0556,0,1,TIER_2,0.657,3,1,7,0
ord_89985033,cust_869855,1592.34,CARD,20,2,0.1,0,1,TIER_2,0.878,2,3,23,0
ord_32821211,cust_835956,1597.69,UPI,12,0,0.0,0,2,TIER_1_METRO,0.71,1,1,7,0
ord_24986157,cust_965075,1120.39,COD,0,0,0.0,1,1,TIER_1_METRO,0.696,2,3,16,0
ord_41616374,cust_726880,855.38,UPI,9,0,0.0,0,1,TIER_2,0.542,1,2,2,0
ord_16852902,cust_244582,912.46,CARD,8,0,0.0,0,1,TIER_2,0.947,0,2,11,0
ord_37553666,cust_375055,2795.67,UPI,4,0,0.0,0,1,TIER_1_METRO,0.883,0,1,1,0
ord_87180450,cust_640856,1459.32,COD,0,0,0.0,1,1,TIER_3_HIGH_RISK,0.578,0,1,22,1
ord_69115024,cust_820614,2657.8,COD,0,0,0.0,1,2,TIER_1_METRO,0.819,0,1,2,0
ord_89723877,cust_246162,1287.72,COD,0,0,0.0,1,2,TIER_3_HIGH_RISK,0.715,2,1,19,1
ord_24073601,cust_515290,451.32,CARD,9,0,0.0,0,1,TIER_1_METRO,0.947,3,1,10,0
ord_50516543,cust_536850,1258.82,UPI,20,3,0.15,0,1,TIER_1_METRO,0.8,1,1,16,0
ord_81037272,cust_295619,1046.19,UPI,8,1,0.125,0,1,TIER_2,0.909,0,1,7,0
ord_57655757,cust_528546,902.43,UPI,0,0,0.0,1,1,TIER_1_METRO,0.903,0,1,22,0
ord_72289191,cust_583430,610.16,COD,16,2,0.125,0,1,TIER_1_METRO,0.889,1,3,10,1
ord_11992719,cust_571530,1859.37,NETBANKING,5,0,0.0,0,1,TIER_2,0.848,1,1,13,0
ord_67488951,cust_324903,614.3,COD,13,0,0.0,0,1,TIER_1_METRO,0.909,0,2,23,0
ord_39088574,cust_411438,447.98,COD,4,1,0.25,0,1,TIER_2,0.636,2,4,20,1
ord_83343975,cust_822779,2335.45,UPI,0,0,0.0,1,1,TIER_2,0.803,0,1,11,0
ord_10003212,cust_145610,4370.68,COD,1,0,0.0,0,2,TIER_2,0.574,0,1,7,1
ord_53026128,cust_411509,1969.82,UPI,0,0,0.0,1,1,TIER_2,0.53,1,1,11,0
ord_58710324,cust_836332,1496.99,CARD,0,0,0.0,1,1,TIER_1_METRO,0.692,0,2,10,0
ord_39908080,cust_526904,1193.89,COD,4,0,0.0,0,1,TIER_2,0.657,2,1,5,0
ord_59873778,cust_351775,249.0,NETBANKING,5,0,0.0,0,1,TIER_3_HIGH_RISK,0.791,0,2,19,0
ord_48199721,cust_709251,400.91,COD,7,1,0.1429,0,1,TIER_2,0.729,0,1,14,0
ord_36873053,cust_629254,1540.93,COD,0,0,0.0,1,1,TIER_2,0.895,0,3,2,1
ord_58655668,cust_913620,4071.66,UPI,1,0,0.0,0,2,TIER_3_HIGH_RISK,0.813,0,1,4,1
ord_94531729,cust_190214,581.0,UPI,4,0,0.0,0,1,TIER_2,0.762,0,3,14,0
ord_60335068,cust_759748,1027.87,UPI,4,1,0.25,0,1,TIER_2,0.872,0,2,1,0
ord_97638858,cust_912271,3228.86,COD,0,0,0.0,1,1,TIER_1_METRO,0.464,0,2,21,0
ord_88338390,cust_101316,1257.64,COD,0,0,0.0,1,2,TIER_2,0.915,0,4,4,1
ord_95808215,cust_890787,778.73,COD,2,0,0.0,0,1,TIER_1_METRO,0.911,3,2,6,1
ord_50682512,cust_170185,982.06,COD,0,0,0.0,1,1,TIER_2,0.934,0,2,20,0
ord_78028978,cust_288338,2492.99,COD,8,1,0.125,0,1,TIER_2,0.668,0,1,11,1
ord_81787884,cust_232645,925.86,UPI,16,4,0.25,0,1,TIER_1_METRO,0.69,0,5,19,0
ord_15368229,cust_318252,538.1,COD,0,0,0.0,1,1,TIER_3_HIGH_RISK,0.88,1,4,22,1
ord_95267253,cust_836134,386.81,CARD,0,0,0.0,1,1,TIER_1_METRO,0.963,0,8,2,0
ord_71263884,cust_887564,1553.36,COD,0,0,0.0,1,1,TIER_1_METRO,0.91,1,3,7,0
ord_44106658,cust_561373,596.08,UPI,2,0,0.0,0,1,TIER_2,0.812,2,1,17,0
ord_61731417,cust_419328,518.73,NETBANKING,8,3,0.375,0,1,TIER_2,0.827,1,1,8,0
ord_19750576,cust_486242,1806.6,COD,3,0,0.0,0,1,TIER_1_METRO,0.478,0,3,3,1
ord_89826926,cust_142747,1063.69,COD,0,0,0.0,1,1,TIER_1_METRO,0.928,0,2,7,1
ord_40991473,cust_867905,1798.1,COD,3,0,0.0,0,1,TIER_3_HIGH_RISK,0.463,0,2,9,1
ord_23026765,cust_711821,626.45,COD,0,0,0.0,1,1,TIER_1_METRO,0.847,1,1,10,1
ord_70993015,cust_723761,1860.21,UPI,5,0,0.0,0,2,TIER_1_METRO,0.838,1,1,17,0
ord_43547455,cust_306051,689.81,UPI,0,0,0.0,1,1,TIER_1_METRO,0.927,1,1,22,0
ord_72091445,cust_428885,465.06,UPI,0,0,0.0,1,2,TIER_2,0.864,1,1,16,1
ord_45079500,cust_274847,657.52,COD,0,0,0.0,1,3,TIER_1_METRO,0.354,1,2,4,0
ord_61912270,cust_283950,1143.1,UPI,10,1,0.1,0,1,TIER_1_METRO,0.925,1,2,21,0
ord_31444021,cust_119192,1042.27,COD,0,0,0.0,1,3,TIER_3_HIGH_RISK,0.662,0,1,15,1
ord_97580056,cust_369537,574.32,UPI,4,0,0.0,0,1,TIER_2,0.84,0,1,10,0
ord_47710964,cust_868378,879.58,CARD,0,0,0.0,1,2,TIER_1_METRO,0.681,1,2,4,0
ord_44626632,cust_303623,1401.69,CARD,13,2,0.1538,0,1,TIER_1_METRO,0.954,0,3,14,0
ord_62200318,cust_236322,489.72,NETBANKING,9,0,0.0,0,1,TIER_1_METRO,0.785,2,1,12,0
ord_84931500,cust_253627,676.29,UPI,3,0,0.0,0,1,TIER_1_METRO,0.721,1,1,16,0
ord_53015496,cust_611854,4166.8,UPI,2,0,0.0,0,2,TIER_2,0.761,0,1,20,1
ord_31185637,cust_228491,3274.99,COD,8,1,0.125,0,2,TIER_1_METRO,0.763,2,1,21,1
ord_94918579,cust_737559,590.62,COD,3,0,0.0,0,1,TIER_1_METRO,0.666,0,1,8,0
ord_71868747,cust_214430,4267.9,NETBANKING,0,0,0.0,1,1,TIER_2,0.411,0,3,20,1
ord_66002354,cust_317189,2073.5,COD,5,0,0.0,0,2,TIER_3_HIGH_RISK,0.863,1,2,16,0
ord_52664041,cust_326325,2071.36,COD,0,0,0.0,1,1,TIER_1_METRO,0.727,0,1,13,0
ord_82216606,cust_161852,1251.66,COD,8,3,0.375,0,1,TIER_1_METRO,0.898,0,1,14,0
ord_35732334,cust_145706,1069.16,COD,1,0,0.0,0,1,TIER_2,0.509,1,1,12,0
ord_85159269,cust_774448,249.0,UPI,0,0,0.0,1,1,TIER_1_METRO,0.536,0,1,1,0
ord_18061792,cust_274798,333.99,CARD,14,0,0.0,0,1,TIER_2,0.282,0,1,10,0
ord_71171235,cust_699435,1586.43,UPI,13,0,0.0,0,1,TIER_3_HIGH_RISK,0.744,0,2,4,0
ord_79518245,cust_134571,422.41,COD,0,0,0.0,1,1,TIER_1_METRO,0.917,0,1,20,1
ord_53578375,cust_452518,4600.42,COD,0,0,0.0,1,1,TIER_1_METRO,0.713,0,2,12,0
ord_19107338,cust_968763,3344.11,COD,6,0,0.0,0,1,TIER_1_METRO,0.625,0,1,10,0
ord_15902232,cust_654358,249.0,COD,13,1,0.0769,0,1,TIER_1_METRO,0.471,2,2,6,0
ord_94854490,cust_873158,723.12,UPI,5,0,0.0,0,1,TIER_2,0.573,0,2,6,0
ord_58257587,cust_661182,1503.0,COD,0,0,0.0,1,1,TIER_1_METRO,0.63,1,1,11,0
ord_84125475,cust_425053,761.31,CARD,10,2,0.2,0,1,TIER_1_METRO,0.774,0,3,6,1
ord_62120735,cust_918699,452.42,CARD,2,0,0.0,0,2,TIER_1_METRO,0.828,1,8,10,0
ord_39550065,cust_994933,1300.35,COD,19,2,0.1053,0,1,TIER_2,0.76,0,1,11,1
ord_14792030,cust_118934,1193.79,UPI,0,0,0.0,1,3,TIER_3_HIGH_RISK,0.451,0,2,20,1
ord_72180926,cust_429537,902.79,COD,6,0,0.0,0,1,TIER_2,0.661,2,1,17,0
ord_21047100,cust_461990,922.23,COD,2,0,0.0,0,2,TIER_3_HIGH_RISK,0.757,0,2,3,1
ord_66299981,cust_338340,2390.42,COD,6,0,0.0,0,4,TIER_1_METRO,0.795,0,1,17,0
ord_36099300,cust_515435,1104.25,COD,0,0,0.0,1,1,TIER_2,0.655,0,1,21,1
ord_15550616,cust_103543,2941.61,UPI,8,0,0.0,0,1,TIER_3_HIGH_RISK,0.808,1,1,10,0
ord_59080696,cust_309827,1289.59,COD,13,1,0.0769,0,1,TIER_1_METRO,0.533,0,1,19,1
ord_69711376,cust_330394,2436.96,COD,1,0,0.0,0,1,TIER_2,0.879,0,1,2,1
ord_98798296,cust_676228,1474.43,COD,9,0,0.0,0,1,TIER_1_METRO,0.912,3,4,16,0
ord_26708838,cust_503485,1256.98,UPI,14,0,0.0,0,5,TIER_3_HIGH_RISK,0.827,1,1,17,0
ord_17887372,cust_172968,1319.67,NETBANKING,13,2,0.1538,0,1,TIER_3_HIGH_RISK,0.468,1,2,12,1
ord_83743450,cust_423193,2199.2,COD,10,0,0.0,0,1,TIER_1_METRO,0.63,0,4,0,0
ord_61290944,cust_390530,590.26,UPI,11,0,0.0,0,1,TIER_2,0.896,1,2,15,0
ord_37692739,cust_941209,1251.02,COD,5,0,0.0,0,1,TIER_2,0.931,0,3,17,0
ord_36678907,cust_958271,2210.62,CARD,0,0,0.0,1,1,TIER_1_METRO,0.925,0,1,14,0
ord_45251584,cust_479919,1139.85,COD,9,0,0.0,0,1,TIER_2,0.967,0,2,15,0
ord_92992103,cust_659268,3021.18,COD,0,0,0.0,1,3,TIER_3_HIGH_RISK,0.706,0,5,18,1
ord_35952696,cust_913291,1426.52,UPI,0,0,0.0,1,2,TIER_3_HIGH_RISK,0.389,1,1,16,0
ord_40063151,cust_428241,1855.79,COD,3,0,0.0,0,1,TIER_2,0.83,0,1,20,0
ord_22565280,cust_163073,773.63,COD,5,0,0.0,0,1,TIER_2,0.734,0,1,9,0
ord_46345673,cust_904307,1044.08,CARD,4,1,0.25,0,2,TIER_2,0.689,2,3,1,0
ord_36630060,cust_973632,1106.77,UPI,0,0,0.0,1,2,TIER_1_METRO,0.697,0,1,17,0
ord_51844417,cust_497053,2291.71,COD,1,0,0.0,0,1,TIER_3_HIGH_RISK,0.633,1,5,6,1
ord_44539893,cust_389010,1816.51,COD,0,0,0.0,1,1,TIER_1_METRO,0.842,1,2,16,0
ord_71247832,cust_780213,1583.7,UPI,5,0,0.0,0,2,TIER_2,0.418,0,2,16,0
ord_44829066,cust_572398,1820.32,COD,8,0,0.0,0,1,TIER_1_METRO,0.784,0,2,10,0
ord_22206970,cust_991581,924.56,COD,6,0,0.0,0,2,TIER_1_METRO,0.683,1,1,0,0
ord_50143513,cust_909985,768.39,UPI,6,0,0.0,0,4,TIER_2,0.87,0,4,17,0
ord_80873920,cust_307593,569.64,UPI,2,0,0.0,0,1,TIER_2,0.595,0,2,21,0
ord_94605487,cust_105833,554.77,CARD,1,0,0.0,0,2,TIER_1_METRO,0.841,1,1,22,0
ord_48823113,cust_822271,1242.5,COD,10,2,0.2,0,1,TIER_1_METRO,0.605,0,1,1,1
ord_45283619,cust_413807,311.73,CARD,2,0,0.0,0,1,TIER_3_HIGH_RISK,0.431,1,1,12,0
ord_49692307,cust_582312,718.57,UPI,1,0,0.0,0,1,TIER_1_METRO,0.831,0,3,17,0
ord_34473802,cust_169098,2038.33,CARD,0,0,0.0,1,1,TIER_1_METRO,0.817,0,1,5,0
ord_59282339,cust_476330,692.33,UPI,7,0,0.0,0,1,TIER_1_METRO,0.682,2,2,5,0
ord_45933652,cust_580588,1064.0,COD,12,1,0.0833,0,2,TIER_1_METRO,0.937,2,2,3,0
ord_90137648,cust_474909,642.96,UPI,13,1,0.0769,0,1,TIER_2,0.782,0,2,10,0
ord_20306743,cust_651299,1812.78,COD,6,0,0.0,0,1,TIER_2,0.554,0,4,7,0
ord_99763004,cust_244121,1967.77,CARD,17,1,0.0588,0,1,TIER_3_HIGH_RISK,0.77,2,1,15,1
ord_23748382,cust_432003,1190.05,UPI,6,0,0.0,0,1,TIER_2,0.686,1,3,9,0
ord_75091864,cust_629465,2136.14,COD,11,1,0.0909,0,2,TIER_1_METRO,0.807,0,2,17,1
ord_52925139,cust_820841,1623.25,UPI,10,1,0.1,0,1,TIER_1_METRO,0.984,1,1,20,0
ord_15611544,cust_343707,306.83,UPI,8,0,0.0,0,1,TIER_3_HIGH_RISK,0.653,0,1,17,0
ord_71799966,cust_155810,1139.39,COD,16,0,0.0,0,1,TIER_3_HIGH_RISK,0.706,0,1,23,0
ord_52827417,cust_450912,530.43,CARD,0,0,0.0,1,4,TIER_1_METRO,0.959,2,1,7,1
ord_42990353,cust_189792,3566.75,UPI,0,0,0.0,1,1,TIER_1_METRO,0.72,0,1,6,0
ord_28674894,cust_898981,5015.05,COD,8,0,0.0,0,2,TIER_1_METRO,0.945,0,1,3,0
ord_67696034,cust_331944,1528.03,COD,18,4,0.2222,0,1,TIER_3_HIGH_RISK,0.718,0,1,4,1
ord_61371106,cust_815144,2056.62,UPI,0,0,0.0,1,2,TIER_2,0.92,2,1,19,1
ord_40448840,cust_995850,688.35,UPI,0,0,0.0,1,1,TIER_1_METRO,0.792,2,1,9,0
ord_22012272,cust_655476,2217.15,COD,2,0,0.0,0,1,TIER_3_HIGH_RISK,0.798,0,3,5,1
ord_17870907,cust_110910,2034.97,COD,7,2,0.2857,0,1,TIER_3_HIGH_RISK,0.405,0,1,4,0
ord_72744322,cust_700902,289.56,COD,2,0,0.0,0,7,TIER_2,0.784,1,1,16,1
ord_31959317,cust_379374,1048.04,NETBANKING,10,0,0.0,0,4,TIER_2,0.832,0,1,14,0
ord_27300102,cust_745018,1418.36,COD,7,0,0.0,0,1,TIER_2,0.907,1,1,8,0
ord_29375691,cust_648547,255.45,UPI,0,0,0.0,1,1,TIER_1_METRO,0.611,1,1,7,0
ord_99268938,cust_145950,2035.05,CARD,0,0,0.0,1,1,TIER_2,0.877,0,3,16,0
ord_25510435,cust_616655,1219.53,UPI,7,0,0.0,0,1,TIER_1_METRO,0.753,0,2,10,0
ord_15160025,cust_857438,605.59,COD,0,0,0.0,1,1,TIER_2,0.745,3,1,5,1
ord_63889337,cust_109586,917.63,COD,0,0,0.0,1,1,TIER_2,0.868,0,3,3,0
ord_40764588,cust_613311,2729.25,COD,4,0,0.0,0,1,TIER_2,0.8,1,1,9,0
ord_36468794,cust_835712,8091.55,COD,0,0,0.0,1,1,TIER_1_METRO,0.656,2,1,20,1
ord_34247687,cust_329014,831.23,COD,0,0,0.0,1,1,TIER_3_HIGH_RISK,0.484,1,1,14,1
ord_35587567,cust_536962,1114.09,UPI,0,0,0.0,1,1,TIER_3_HIGH_RISK,0.736,0,5,2,0
ord_16822603,cust_615553,1792.86,UPI,8,0,0.0,0,1,TIER_3_HIGH_RISK,0.635,0,2,0,0
ord_76544334,cust_259860,6873.81,UPI,3,0,0.0,0,1,TIER_2,0.774,0,3,16,0
ord_25074661,cust_533420,261.03,COD,6,0,0.0,0,1,TIER_2,0.874,0,1,1,0
ord_97220897,cust_852648,2037.51,UPI,3,0,0.0,0,3,TIER_3_HIGH_RISK,0.583,0,1,11,0
ord_14952505,cust_265591,3199.23,COD,0,0,0.0,1,1,TIER_1_METRO,0.671,2,2,11,0
ord_19037451,cust_244922,1228.29,COD,12,0,0.0,0,1,TIER_1_METRO,0.87,0,1,1,0
ord_69710426,cust_224826,2806.4,UPI,0,0,0.0,1,1,TIER_2,0.851,0,1,17,0
ord_88384697,cust_964192,502.92,COD,8,0,0.0,0,1,TIER_1_METRO,0.692,1,1,18,0
ord_64886352,cust_418952,596.02,CARD,11,0,0.0,0,1,TIER_3_HIGH_RISK,0.766,0,1,17,0
ord_13641771,cust_239270,6564.21,CARD,0,0,0.0,1,3,TIER_3_HIGH_RISK,0.82,0,3,6,1
ord_95407062,cust_924353,2940.97,COD,6,0,0.0,0,1,TIER_2,0.72,3,1,18,0
ord_44333537,cust_130579,249.0,UPI,14,2,0.1429,0,1,TIER_1_METRO,0.951,0,1,2,0
ord_95320716,cust_361894,461.03,CARD,0,0,0.0,1,1,TIER_1_METRO,0.929,0,2,17,0
ord_33888169,cust_151033,1154.74,COD,12,0,0.0,0,1,TIER_1_METRO,0.707,1,1,10,0
ord_53682162,cust_872467,1480.19,UPI,5,0,0.0,0,1,TIER_2,0.399,0,1,14,0
ord_63933927,cust_949608,1027.18,NETBANKING,0,0,0.0,1,1,TIER_1_METRO,0.919,1,1,17,0
ord_94607464,cust_570471,1258.89,COD,0,0,0.0,1,1,TIER_2,0.72,2,1,1,1
ord_54188812,cust_627543,663.56,COD,8,0,0.0,0,1,TIER_3_HIGH_RISK,0.822,2,1,13,0
ord_35650424,cust_701037,2462.91,UPI,1,0,0.0,0,1,TIER_1_METRO,0.968,0,2,3,0
ord_59776929,cust_880991,1974.96,COD,5,0,0.0,0,1,TIER_1_METRO,0.968,0,3,5,0
ord_30279846,cust_283293,5853.06,COD,0,0,0.0,1,1,TIER_1_METRO,0.913,2,1,6,0
ord_46159646,cust_598477,730.87,UPI,17,0,0.0,0,5,TIER_1_METRO,0.871,1,5,5,0
ord_90071947,cust_334162,2860.47,COD,8,0,0.0,0,3,TIER_2,0.736,1,1,1,1
ord_20311825,cust_980910,7292.62,CARD,0,0,0.0,1,3,TIER_1_METRO,0.808,0,1,11,0
ord_88322215,cust_670283,424.29,COD,14,1,0.0714,0,1,TIER_1_METRO,0.81,0,1,7,0
ord_13385357,cust_288961,1025.63,COD,0,0,0.0,1,2,TIER_1_METRO,0.741,0,1,12,0
ord_52553366,cust_183081,601.27,CARD,0,0,0.0,1,1,TIER_2,0.864,2,1,13,1
ord_36275064,cust_576157,2809.47,COD,0,0,0.0,1,2,TIER_2,0.912,1,2,11,1
ord_49816537,cust_679779,4990.27,COD,16,0,0.0,0,1,TIER_1_METRO,0.89,0,2,18,0
ord_32658560,cust_226530,2793.51,CARD,5,0,0.0,0,1,TIER_3_HIGH_RISK,0.731,0,2,12,0
ord_10144771,cust_177751,428.22,CARD,4,0,0.0,0,2,TIER_1_METRO,0.819,0,1,13,0
ord_89367898,cust_604316,740.53,COD,14,0,0.0,0,1,TIER_2,0.931,2,1,0,0
ord_26168345,cust_731673,369.84,NETBANKING,0,0,0.0,1,1,TIER_1_METRO,0.678,0,1,4,0
ord_77812526,cust_971652,4252.59,NETBANKING,10,2,0.2,0,1,TIER_3_HIGH_RISK,0.519,2,1,9,1
ord_78767196,cust_221232,896.92,UPI,7,0,0.0,0,1,TIER_3_HIGH_RISK,0.621,0,2,14,0
ord_37364435,cust_842021,1465.54,COD,2,0,0.0,0,2,TIER_3_HIGH_RISK,0.541,0,2,1,1
ord_67090720,cust_392881,1912.78,COD,0,0,0.0,1,2,TIER_2,0.824,0,1,5,0
ord_38997889,cust_810692,827.91,UPI,12,1,0.0833,0,2,TIER_1_METRO,0.551,0,8,21,0
ord_21927807,cust_430827,925.21,UPI,0,0,0.0,1,1,TIER_2,0.918,3,3,18,0
ord_78985200,cust_310117,403.49,UPI,6,0,0.0,0,4,TIER_2,0.689,2,1,8,0
ord_72072733,cust_350967,522.82,NETBANKING,3,0,0.0,0,1,TIER_1_METRO,0.562,1,2,23,0
ord_43826041,cust_648290,1003.41,UPI,0,0,0.0,1,1,TIER_1_METRO,0.862,0,2,15,0
ord_76948251,cust_203427,249.0,UPI,1,0,0.0,0,2,TIER_1_METRO,0.922,2,1,5,0
ord_97698277,cust_874815,4767.61,CARD,3,0,0.0,0,4,TIER_2,0.726,0,1,2,0
ord_20774240,cust_800534,923.25,CARD,0,0,0.0,1,3,TIER_1_METRO,0.699,0,3,12,1
ord_20232137,cust_705787,466.3,COD,0,0,0.0,1,1,TIER_3_HIGH_RISK,0.724,0,1,10,0
ord_46509659,cust_107826,699.78,CARD,18,0,0.0,0,1,TIER_3_HIGH_RISK,0.764,2,4,10,0
ord_91485805,cust_905378,1245.25,COD,0,0,0.0,1,1,TIER_3_HIGH_RISK,0.681,0,1,9,1
ord_50374831,cust_391220,497.78,UPI,11,1,0.0909,0,1,TIER_1_METRO,0.961,1,1,13,0
ord_61808118,cust_385950,3155.86,COD,0,0,0.0,1,1,TIER_3_HIGH_RISK,0.84,0,2,11,1
ord_39061846,cust_832267,1106.8,UPI,6,0,0.0,0,1,TIER_2,0.84,0,1,14,0
ord_92219351,cust_231607,2121.94,NETBANKING,0,0,0.0,1,1,TIER_1_METRO,0.978,1,1,6,0
ord_95235670,cust_585081,1993.26,UPI,3,0,0.0,0,2,TIER_1_METRO,0.86,0,1,11,0
ord_16783564,cust_177080,1916.55,COD,0,0,0.0,1,1,TIER_2,0.844,2,1,18,1
ord_31982813,cust_251521,755.7,COD,7,0,0.0,0,2,TIER_1_METRO,0.877,1,2,11,0
ord_49492703,cust_881863,1322.87,COD,2,0,0.0,0,1,TIER_1_METRO,0.924,1,3,15,0
ord_26394487,cust_100615,386.49,UPI,0,0,0.0,1,2,TIER_3_HIGH_RISK,0.751,1,1,12,1
ord_60662660,cust_742817,1262.73,COD,0,0,0.0,1,5,TIER_1_METRO,0.912,0,2,3,1
ord_90572446,cust_624209,2604.92,UPI,5,1,0.2,0,2,TIER_3_HIGH_RISK,0.591,0,3,22,0
ord_64935271,cust_194769,2060.73,COD,0,0,0.0,1,2,TIER_1_METRO,0.564,0,1,8,1
ord_74356138,cust_663311,408.22,UPI,0,0,0.0,1,2,TIER_1_METRO,0.949,2,1,0,0
ord_10661944,cust_125294,1608.68,COD,0,0,0.0,1,1,TIER_2,0.906,0,2,17,0
ord_21503817,cust_905997,495.64,COD,0,0,0.0,1,1,TIER_1_METRO,0.832,1,1,18,0
ord_71482337,cust_599600,7882.67,CARD,0,0,0.0,1,2,TIER_1_METRO,0.939,1,4,22,1
ord_94921488,cust_544605,1348.91,UPI,0,0,0.0,1,1,TIER_1_METRO,0.866,1,1,1,0
ord_29828838,cust_300887,1939.91,COD,0,0,0.0,1,1,TIER_3_HIGH_RISK,0.432,1,1,4,1
ord_77702955,cust_905269,876.51,CARD,0,0,0.0,1,1,TIER_1_METRO,0.771,0,2,5,0
ord_28794744,cust_748882,1203.82,COD,0,0,0.0,1,1,TIER_3_HIGH_RISK,0.525,0,1,1,1
ord_99654292,cust_457297,521.76,COD,14,0,0.0,0,3,TIER_1_METRO,0.926,3,1,16,1
ord_61897624,cust_404114,4502.84,COD,7,0,0.0,0,1,TIER_2,0.818,0,1,0,0
ord_96913960,cust_406438,6982.79,COD,4,0,0.0,0,3,TIER_1_METRO,0.676,1,1,20,0
ord_68865527,cust_251171,328.88,COD,7,0,0.0,0,5,TIER_2,0.797,0,1,20,1
ord_33991831,cust_483433,717.05,COD,0,0,0.0,1,1,TIER_2,0.769,0,1,3,0
ord_23776030,cust_175927,867.13,COD,10,3,0.3,0,1,TIER_2,0.841,0,2,4,1
ord_72745175,cust_272805,5473.1,COD,0,0,0.0,1,1,TIER_1_METRO,0.893,1,1,22,0
ord_57602635,cust_842003,1014.15,UPI,0,0,0.0,1,5,TIER_2,0.926,1,1,9,0
ord_65977460,cust_781153,957.68,UPI,2,0,0.0,0,1,TIER_3_HIGH_RISK,0.668,1,2,22,0
ord_74397086,cust_419702,463.81,COD,0,0,0.0,1,1,TIER_2,0.78,1,2,18,0
ord_51892167,cust_942982,837.62,COD,4,0,0.0,0,1,TIER_3_HIGH_RISK,0.728,1,1,3,1
ord_99472631,cust_921145,1494.99,UPI,7,1,0.1429,0,1,TIER_1_METRO,0.829,3,2,4,0
ord_91576052,cust_323626,1522.91,UPI,10,0,0.0,0,2,TIER_1_METRO,0.929,1,1,2,0
ord_48480855,cust_899089,1433.83,COD,5,0,0.0,0,3,TIER_2,0.792,0,1,9,0
ord_28301847,cust_679129,2800.92,COD,0,0,0.0,1,1,TIER_2,0.769,0,1,1,1
ord_28149286,cust_373072,937.85,UPI,3,0,0.0,0,1,TIER_2,0.875,0,1,20,0
ord_59464803,cust_123838,1183.54,COD,0,0,0.0,1,1,TIER_2,0.638,0,4,0,0
ord_21374977,cust_996972,696.39,CARD,0,0,0.0,1,2,TIER_3_HIGH_RISK,0.813,0,1,16,0
ord_92487320,cust_659758,1877.35,CARD,8,4,0.5,0,3,TIER_1_METRO,0.846,1,3,15,0
ord_50868585,cust_476968,1510.59,UPI,9,3,0.3333,0,1,TIER_3_HIGH_RISK,0.727,1,2,1,1
ord_48685563,cust_840087,1372.31,UPI,0,0,0.0,1,1,TIER_1_METRO,0.761,0,4,17,0
ord_16687666,cust_884370,1252.93,UPI,5,2,0.4,0,1,TIER_2,0.424,1,1,2,0
ord_51974581,cust_392880,3647.29,CARD,3,0,0.0,0,1,TIER_1_METRO,0.9,0,1,7,0
ord_99135417,cust_945547,690.11,COD,1,0,0.0,0,1,TIER_3_HIGH_RISK,0.629,1,2,7,1
ord_49767847,cust_266835,3222.61,COD,0,0,0.0,1,1,TIER_1_METRO,0.844,2,3,20,0
ord_91752859,cust_213076,2022.97,UPI,0,0,0.0,1,1,TIER_2,0.483,2,1,7,0
ord_12086213,cust_666423,626.88,UPI,0,0,0.0,1,2,TIER_2,0.486,0,1,13,0
ord_96686292,cust_902204,352.94,CARD,0,0,0.0,1,1,TIER_1_METRO,0.769,1,1,20,0
ord_58022891,cust_312056,2042.0,COD,4,0,0.0,0,1,TIER_2,0.665,1,2,0,0
ord_85822406,cust_707045,661.1,COD,0,0,0.0,1,1,TIER_2,0.818,2,2,23,0
ord_68701337,cust_902066,1724.05,COD,0,0,0.0,1,1,TIER_2,0.89,1,3,0,1
ord_68558971,cust_973623,1038.55,UPI,7,0,0.0,0,1,TIER_3_HIGH_RISK,0.661,0,1,22,0
ord_18429241,cust_851270,639.88,COD,2,0,0.0,0,1,TIER_3_HIGH_RISK,0.522,0,8,17,1
ord_91966182,cust_904350,1644.72,UPI,0,0,0.0,1,1,TIER_1_METRO,0.985,3,1,4,0
ord_17138512,cust_543738,7514.66,COD,4,0,0.0,0,1,TIER_1_METRO,0.524,1,3,10,0
ord_40361580,cust_981450,249.0,UPI,1,0,0.0,0,3,TIER_2,0.574,3,4,15,0
ord_61690102,cust_361536,1568.02,UPI,3,0,0.0,0,1,TIER_3_HIGH_RISK,0.434,0,1,22,0
ord_70681584,cust_238721,388.62,UPI,0,0,0.0,1,1,TIER_2,0.795,0,2,20,0
ord_86002382,cust_461363,4525.55,UPI,7,0,0.0,0,1,TIER_1_METRO,0.613,1,2,5,0
ord_93074391,cust_380350,758.99,COD,0,0,0.0,1,1,TIER_2,0.846,0,1,17,0
ord_42373165,cust_247863,2168.25,CARD,0,0,0.0,1,1,TIER_3_HIGH_RISK,0.857,0,1,20,0
ord_95071640,cust_770524,438.82,CARD,0,0,0.0,1,1,TIER_3_HIGH_RISK,0.82,0,1,3,0
ord_93211017,cust_982969,295.35,COD,6,0,0.0,0,1,TIER_2,0.854,0,1,12,1
ord_11500948,cust_768695,469.77,COD,6,0,0.0,0,1,TIER_1_METRO,0.957,0,1,16,0
ord_16725311,cust_982091,1593.18,COD,3,0,0.0,0,5,TIER_2,0.417,1,1,11,1
ord_11805808,cust_695929,1197.91,COD,0,0,0.0,1,5,TIER_2,0.967,2,1,0,1
ord_35433907,cust_821915,1589.0,UPI,7,0,0.0,0,1,TIER_1_METRO,0.558,2,1,19,0
ord_99020624,cust_365713,909.94,COD,8,0,0.0,0,1,TIER_3_HIGH_RISK,0.592,0,1,21,1
ord_88369648,cust_275918,3063.41,COD,0,0,0.0,1,2,TIER_1_METRO,0.924,0,1,20,0
ord_58068428,cust_270899,526.83,COD,2,0,0.0,0,2,TIER_1_METRO,0.791,2,1,22,0
ord_14460276,cust_516790,1830.35,UPI,3,0,0.0,0,1,TIER_2,0.671,0,4,8,0
ord_16508850,cust_160796,920.6,COD,8,1,0.125,0,1,TIER_3_HIGH_RISK,0.618,1,3,13,0
ord_55932658,cust_213436,879.56,COD,6,0,0.0,0,1,TIER_2,0.774,1,1,7,0
ord_72803546,cust_374732,392.65,CARD,9,2,0.2222,0,1,TIER_1_METRO,0.714,1,2,19,0
ord_49686062,cust_912049,814.96,CARD,0,0,0.0,1,1,TIER_3_HIGH_RISK,0.565,0,1,13,0
ord_91667272,cust_183562,1723.99,CARD,5,0,0.0,0,3,TIER_1_METRO,0.71,0,4,19,0
ord_74617617,cust_248293,3500.37,NETBANKING,4,0,0.0,0,1,TIER_3_HIGH_RISK,0.73,0,1,6,0
ord_76346143,cust_790080,380.19,UPI,4,0,0.0,0,1,TIER_2,0.815,0,1,1,0
ord_79430855,cust_458117,1021.38,UPI,0,0,0.0,1,1,TIER_1_METRO,0.92,0,1,4,0
ord_79399724,cust_881654,1299.98,CARD,18,0,0.0,0,1,TIER_1_METRO,0.853,3,2,0,0
ord_78231071,cust_617282,4342.79,NETBANKING,11,1,0.0909,0,1,TIER_3_HIGH_RISK,0.716,0,3,10,0
ord_20190880,cust_214794,530.43,COD,0,0,0.0,1,2,TIER_2,0.939,1,2,4,0
ord_15129584,cust_148196,1308.64,UPI,20,2,0.1,0,1,TIER_2,0.825,0,2,20,0
ord_86872992,cust_223307,415.64,UPI,16,0,0.0,0,1,TIER_2,0.728,0,2,4,0
ord_70619173,cust_415034,1962.05,COD,0,0,0.0,1,2,TIER_1_METRO,0.686,1,1,1,1
ord_52212634,cust_938915,502.51,CARD,4,0,0.0,0,3,TIER_2,0.634,1,4,17,0
ord_93108210,cust_625651,652.29,CARD,0,0,0.0,1,1,TIER_1_METRO,0.97,0,2,13,0
ord_76249688,cust_115565,2613.44,COD,0,0,0.0,1,1,TIER_2,0.798,0,3,20,0
ord_38487589,cust_137555,479.74,UPI,0,0,0.0,1,1,TIER_2,0.815,0,2,0,0
ord_87924587,cust_508840,4191.77,UPI,0,0,0.0,1,1,TIER_2,0.654,1,1,18,0
ord_12494903,cust_566606,2211.02,UPI,0,0,0.0,1,1,TIER_1_METRO,0.783,1,2,6,0
ord_64194613,cust_216242,818.22,UPI,3,0,0.0,0,2,TIER_1_METRO,0.892,1,1,7,0
ord_57571247,cust_782932,3108.93,COD,0,0,0.0,1,1,TIER_1_METRO,0.942,0,1,8,0
ord_28641123,cust_265529,575.85,COD,2,0,0.0,0,2,TIER_2,0.824,0,2,1,0
ord_14506371,cust_540139,522.93,UPI,13,0,0.0,0,2,TIER_2,0.689,0,1,23,0
ord_28678953,cust_238480,744.05,CARD,0,0,0.0,1,1,TIER_1_METRO,0.844,0,1,21,0
ord_76568638,cust_903517,576.89,CARD,0,0,0.0,1,1,TIER_2,0.909,0,1,10,0
ord_57044083,cust_593657,689.88,COD,12,0,0.0,0,1,TIER_2,0.973,0,1,7,0
ord_59802025,cust_709563,1179.65,UPI,0,0,0.0,1,1,TIER_3_HIGH_RISK,0.543,1,1,18,0
ord_26136571,cust_456455,1004.38,COD,0,0,0.0,1,1,TIER_1_METRO,0.933,0,2,13,0
ord_68456896,cust_815923,5168.81,COD,6,0,0.0,0,1,TIER_1_METRO,0.605,2,3,2,0
ord_13753281,cust_480946,724.76,COD,0,0,0.0,1,1,TIER_2,0.632,1,2,7,1
ord_25412384,cust_747585,1609.02,UPI,0,0,0.0,1,4,TIER_1_METRO,0.633,0,1,18,0
ord_96541045,cust_359040,1681.93,UPI,0,0,0.0,1,1,TIER_2,0.845,1,3,22,0
ord_75452592,cust_982787,1681.2,COD,7,2,0.2857,0,3,TIER_1_METRO,0.791,0,1,8,1
ord_93577654,cust_397567,3018.09,COD,0,0,0.0,1,2,TIER_3_HIGH_RISK,0.171,1,1,18,1
ord_90764298,cust_567448,1346.58,UPI,0,0,0.0,1,2,TIER_3_HIGH_RISK,0.766,1,1,17,0
ord_32768449,cust_841898,940.88,CARD,8,0,0.0,0,1,TIER_2,0.757,0,3,3,0
ord_45173714,cust_648349,2623.44,COD,2,0,0.0,0,1,TIER_1_METRO,0.929,0,2,7,0
ord_13734049,cust_477181,249.0,UPI,0,0,0.0,1,2,TIER_3_HIGH_RISK,0.7,0,2,13,1
ord_96563758,cust_673205,567.92,UPI,2,0,0.0,0,1,TIER_1_METRO,0.566,0,1,9,1
ord_24793752,cust_398510,1305.35,UPI,10,0,0.0,0,3,TIER_3_HIGH_RISK,0.234,2,1,1,0
ord_22932674,cust_926860,1037.99,COD,2,1,0.5,0,1,TIER_1_METRO,0.699,1,1,14,1
ord_50216746,cust_218105,1641.57,UPI,0,0,0.0,1,1,TIER_1_METRO,0.861,0,1,13,0
ord_60350158,cust_324420,881.2,COD,3,0,0.0,0,5,TIER_1_METRO,0.729,1,1,7,1
ord_55921753,cust_891893,1016.78,COD,3,0,0.0,0,1,TIER_2,0.733,0,1,7,0
ord_23487357,cust_505972,1026.32,COD,0,0,0.0,1,1,TIER_2,0.812,2,5,19,1
ord_83208492,cust_644527,709.66,COD,6,0,0.0,0,1,TIER_3_HIGH_RISK,0.367,0,1,9,0
ord_99263248,cust_887669,946.65,COD,8,0,0.0,0,1,TIER_1_METRO,0.959,0,1,11,0
ord_63725718,cust_421471,1612.0,UPI,5,0,0.0,0,1,TIER_2,0.773,1,3,4,0
ord_48805640,cust_100969,968.82,NETBANKING,2,0,0.0,0,1,TIER_2,0.795,0,1,19,0
ord_96491407,cust_530569,2174.94,CARD,6,0,0.0,0,1,TIER_1_METRO,0.994,0,1,9,1
ord_60015226,cust_119507,1177.16,UPI,3,0,0.0,0,2,TIER_3_HIGH_RISK,0.758,2,1,23,0
ord_71029245,cust_345615,3064.42,UPI,15,0,0.0,0,1,TIER_1_METRO,0.984,0,1,12,0
ord_92801710,cust_690633,2542.28,COD,0,0,0.0,1,1,TIER_1_METRO,0.856,2,1,9,0
ord_10148306,cust_228801,380.16,COD,6,0,0.0,0,1,TIER_2,0.487,0,1,10,0
ord_50287646,cust_982313,1463.35,UPI,0,0,0.0,1,1,TIER_3_HIGH_RISK,0.806,0,1,18,0
ord_56682092,cust_161711,4950.42,CARD,5,0,0.0,0,2,TIER_2,0.599,1,2,21,0
ord_70796171,cust_574296,1242.32,UPI,9,0,0.0,0,1,TIER_2,0.908,0,1,22,0
ord_63777024,cust_137355,3242.31,CARD,0,0,0.0,1,1,TIER_1_METRO,0.834,0,1,23,0
ord_82043213,cust_765400,496.25,COD,0,0,0.0,1,1,TIER_3_HIGH_RISK,0.652,2,1,9,1
ord_45875986,cust_252721,6166.34,COD,2,0,0.0,0,1,TIER_2,0.449,0,3,12,0
ord_64250094,cust_579089,2047.27,COD,0,0,0.0,1,1,TIER_1_METRO,0.941,0,1,19,0
ord_87076110,cust_701025,3063.56,COD,12,1,0.0833,0,1,TIER_3_HIGH_RISK,0.696,2,3,15,1
ord_11931441,cust_914161,969.38,UPI,7,0,0.0,0,1,TIER_1_METRO,0.962,0,1,15,0
ord_11035598,cust_178027,1463.18,NETBANKING,1,0,0.0,0,1,TIER_2,0.778,2,2,1,0
ord_74459700,cust_640993,2173.72,UPI,1,0,0.0,0,1,TIER_1_METRO,0.823,1,1,20,0
ord_79773785,cust_334501,488.79,NETBANKING,0,0,0.0,1,4,TIER_1_METRO,0.505,3,3,12,1
ord_74623935,cust_381260,2712.24,UPI,0,0,0.0,1,1,TIER_1_METRO,0.642,0,1,14,0
ord_14448388,cust_999891,1630.07,COD,4,1,0.25,0,1,TIER_2,0.491,0,2,20,1
ord_33534666,cust_556102,1520.2,COD,0,0,0.0,1,3,TIER_2,0.806,2,3,4,1
ord_91282965,cust_511800,379.23,UPI,0,0,0.0,1,1,TIER_1_METRO,0.825,0,1,12,0
ord_11560121,cust_642750,1361.36,UPI,8,0,0.0,0,1,TIER_2,0.872,0,1,21,0
ord_30075489,cust_548991,1690.46,COD,0,0,0.0,1,2,TIER_2,0.867,3,1,23,1
ord_74737892,cust_111683,2687.05,COD,3,1,0.3333,0,1,TIER_2,0.771,0,1,23,1
ord_71892112,cust_806691,2296.26,COD,13,0,0.0,0,1,TIER_1_METRO,0.847,0,1,5,0
ord_16519453,cust_852304,2365.98,UPI,4,0,0.0,0,1,TIER_3_HIGH_RISK,0.783,0,1,21,0
ord_98776632,cust_795686,1720.38,COD,9,2,0.2222,0,1,TIER_2,0.958,0,2,23,1
ord_62058324,cust_356960,1492.61,COD,0,0,0.0,1,1,TIER_1_METRO,0.681,1,1,11,0
ord_20319935,cust_820045,1015.24,CARD,0,0,0.0,1,1,TIER_2,0.863,0,3,8,1
ord_23217648,cust_803829,865.82,UPI,0,0,0.0,1,1,TIER_3_HIGH_RISK,0.763,1,2,18,0
ord_34670251,cust_719840,623.78,COD,0,0,0.0,1,1,TIER_2,0.471,0,1,10,1
ord_46601694,cust_287150,1310.28,UPI,4,0,0.0,0,2,TIER_2,0.852,1,1,5,0
ord_55368117,cust_100814,3812.55,COD,11,2,0.1818,0,1,TIER_2,0.791,1,1,6,0
ord_28704340,cust_547220,302.56,COD,0,0,0.0,1,1,TIER_2,0.944,0,1,4,0
ord_93391897,cust_168737,2861.88,UPI,2,0,0.0,0,2,TIER_2,0.695,2,1,8,1
ord_84387356,cust_180066,719.68,COD,0,0,0.0,1,1,TIER_1_METRO,0.909,0,1,12,0
ord_97767265,cust_543604,1105.44,UPI,0,0,0.0,1,2,TIER_1_METRO,0.945,0,1,7,0
ord_96536512,cust_243992,866.71,COD,22,1,0.0455,0,2,TIER_1_METRO,0.887,1,1,4,0
ord_80001235,cust_568735,1890.39,COD,0,0,0.0,1,1,TIER_1_METRO,0.929,1,3,23,0
ord_28125271,cust_998118,2485.97,UPI,0,0,0.0,1,1,TIER_2,0.963,1,1,5,0
ord_11136263,cust_130172,2169.09,CARD,0,0,0.0,1,1,TIER_3_HIGH_RISK,0.844,0,4,8,0
ord_68992457,cust_636054,1262.99,UPI,0,0,0.0,1,1,TIER_3_HIGH_RISK,0.665,0,1,23,1
ord_86796917,cust_474016,2347.56,UPI,9,2,0.2222,0,3,TIER_2,0.944,0,1,6,0
ord_30945989,cust_314646,520.6,COD,0,0,0.0,1,5,TIER_2,0.776,0,1,20,1
ord_54607689,cust_754403,1377.47,NETBANKING,9,1,0.1111,0,1,TIER_2,0.429,2,2,12,0
ord_58145489,cust_826589,1572.02,UPI,9,1,0.1111,0,1,TIER_2,0.748,0,1,10,0
ord_28962244,cust_175535,1048.63,UPI,0,0,0.0,1,1,TIER_2,0.52,0,1,2,0
ord_10181360,cust_610684,8216.15,COD,0,0,0.0,1,1,TIER_3_HIGH_RISK,0.736,2,1,7,1
ord_17782634,cust_846577,797.99,CARD,1,0,0.0,0,1,TIER_1_METRO,0.884,2,1,22,0
ord_31291273,cust_738466,2060.73,UPI,7,0,0.0,0,1,TIER_3_HIGH_RISK,0.545,1,3,0,0
ord_32980906,cust_833210,1014.54,COD,5,0,0.0,0,1,TIER_2,0.517,1,1,6,0
ord_17401628,cust_197119,1633.42,COD,2,0,0.0,0,1,TIER_1_METRO,0.963,2,4,0,0
ord_93249671,cust_363509,474.83,COD,0,0,0.0,1,1,TIER_3_HIGH_RISK,0.624,2,1,18,0
ord_17199107,cust_647929,3311.45,COD,0,0,0.0,1,3,TIER_1_METRO,0.934,0,2,11,1
ord_20463128,cust_442709,2008.81,UPI,10,0,0.0,0,1,TIER_3_HIGH_RISK,0.82,0,2,21,0
ord_70605261,cust_503065,1835.95,CARD,5,0,0.0,0,1,TIER_2,0.845,0,4,11,0
ord_93273068,cust_744034,1500.08,UPI,0,0,0.0,1,1,TIER_1_METRO,0.88,2,1,1,0
ord_25090951,cust_667670,249.0,COD,12,0,0.0,0,2,TIER_1_METRO,0.852,0,3,0,0
ord_46709632,cust_966971,276.53,COD,0,0,0.0,1,1,TIER_2,0.769,1,1,6,1
ord_59839731,cust_334618,1838.25,NETBANKING,8,0,0.0,0,2,TIER_1_METRO,0.419,0,1,3,0
ord_67600704,cust_655364,1627.1,COD,0,0,0.0,1,2,TIER_2,0.66,1,1,15,0
ord_24375753,cust_131516,1178.45,CARD,4,0,0.0,0,1,TIER_3_HIGH_RISK,0.775,2,1,20,0
ord_73730575,cust_260229,885.62,CARD,14,0,0.0,0,1,TIER_1_METRO,0.792,0,3,21,0
ord_29766009,cust_781598,1396.13,UPI,0,0,0.0,1,1,TIER_3_HIGH_RISK,0.581,1,1,10,1
ord_47921658,cust_517933,6407.79,COD,21,0,0.0,0,2,TIER_2,0.823,0,1,20,1
ord_54748613,cust_241370,2151.16,UPI,16,3,0.1875,0,1,TIER_2,0.758,1,1,2,0
ord_98913631,cust_308623,2797.51,COD,0,0,0.0,1,1,TIER_2,0.621,0,2,5,1
ord_79397491,cust_642516,1164.48,COD,0,0,0.0,1,2,TIER_1_METRO,0.978,0,1,22,0
ord_14327308,cust_968480,1496.39,UPI,0,0,0.0,1,1,TIER_2,0.973,1,1,5,0
ord_22912007,cust_114284,333.37,COD,1,0,0.0,0,1,TIER_1_METRO,0.953,2,1,22,0
ord_21609076,cust_638921,1732.8,UPI,9,0,0.0,0,1,TIER_1_METRO,0.587,1,1,22,0
ord_96044424,cust_805315,464.83,UPI,0,0,0.0,1,1,TIER_1_METRO,0.943,0,2,2,0
ord_48467910,cust_431422,1795.3,COD,0,0,0.0,1,5,TIER_2,0.906,0,3,17,1
ord_17562635,cust_295984,1756.9,CARD,0,0,0.0,1,1,TIER_2,0.797,0,1,13,0
ord_25106292,cust_863001,849.35,NETBANKING,3,0,0.0,0,1,TIER_1_METRO,0.908,0,1,8,0
ord_47516108,cust_870157,249.0,COD,6,0,0.0,0,2,TIER_1_METRO,0.943,1,1,10,0
ord_56986677,cust_369275,2295.66,COD,6,0,0.0,0,5,TIER_1_METRO,0.638,2,2,1,0
ord_72866374,cust_585864,5038.73,COD,3,1,0.3333,0,1,TIER_2,0.948,0,3,11,1
ord_92249313,cust_868757,7436.85,UPI,3,0,0.0,0,1,TIER_1_METRO,0.62,0,3,20,0
ord_56937182,cust_688150,812.63,COD,14,0,0.0,0,1,TIER_3_HIGH_RISK,0.375,0,1,13,1
ord_25239667,cust_439758,1041.17,UPI,0,0,0.0,1,1,TIER_1_METRO,0.917,3,1,23,0
ord_27552508,cust_969025,962.84,UPI,0,0,0.0,1,1,TIER_1_METRO,0.655,0,3,14,1
ord_83143807,cust_338750,781.65,COD,10,0,0.0,0,1,TIER_2,0.723,1,1,1,0
ord_79168281,cust_182071,1145.58,COD,0,0,0.0,1,1,TIER_3_HIGH_RISK,0.378,1,3,23,1
ord_43919148,cust_843784,1645.64,UPI,4,0,0.0,0,1,TIER_1_METRO,0.868,0,1,18,0
ord_65376477,cust_329766,582.91,COD,16,1,0.0625,0,1,TIER_1_METRO,0.784,0,2,13,0
ord_58830419,cust_712866,308.96,COD,4,0,0.0,0,1,TIER_3_HIGH_RISK,0.745,1,2,5,1
ord_27135278,cust_720447,378.61,COD,5,1,0.2,0,1,TIER_3_HIGH_RISK,0.802,0,3,17,1
ord_54439681,cust_638147,4276.58,COD,17,0,0.0,0,1,TIER_2,0.73,0,4,22,0
ord_22764588,cust_827964,249.0,UPI,7,0,0.0,0,5,TIER_2,0.945,1,1,11,0
ord_75174694,cust_626071,2394.98,COD,0,0,0.0,1,1,TIER_1_METRO,0.859,1,1,3,1
ord_88002445,cust_154895,624.8,UPI,3,0,0.0,0,1,TIER_1_METRO,0.745,0,1,17,0
ord_90989847,cust_861720,752.77,UPI,0,0,0.0,1,1,TIER_3_HIGH_RISK,0.876,1,1,11,0
ord_29689114,cust_212882,917.65,CARD,3,0,0.0,0,1,TIER_2,0.877,0,1,6,0
ord_11659537,cust_408840,1720.26,COD,0,0,0.0,1,1,TIER_1_METRO,0.66,1,1,20,0
ord_99338053,cust_293074,1531.15,UPI,0,0,0.0,1,1,TIER_1_METRO,0.676,2,1,13,0
ord_14036589,cust_822995,1267.03,COD,0,0,0.0,1,2,TIER_1_METRO,0.716,1,1,5,1
ord_47436581,cust_399837,595.05,COD,13,0,0.0,0,1,TIER_2,0.775,0,2,1,0
ord_11844040,cust_902689,1343.63,UPI,20,6,0.3,0,1,TIER_3_HIGH_RISK,0.541,1,1,17,0
ord_94877073,cust_317912,2967.9,COD,1,0,0.0,0,2,TIER_1_METRO,0.791,2,1,16,0
ord_65318087,cust_480895,371.84,COD,9,2,0.2222,0,1,TIER_1_METRO,0.944,1,1,20,1
ord_87656492,cust_246004,307.08,COD,8,0,0.0,0,2,TIER_3_HIGH_RISK,0.677,1,1,7,1
ord_78667913,cust_431576,1154.97,COD,15,0,0.0,0,1,TIER_1_METRO,0.949,3,2,3,0
ord_44550325,cust_700262,1825.12,NETBANKING,3,0,0.0,0,1,TIER_3_HIGH_RISK,0.681,0,1,17,1
ord_45396080,cust_913015,871.58,COD,7,1,0.1429,0,1,TIER_3_HIGH_RISK,0.658,3,2,7,1
ord_77286239,cust_673517,3897.57,COD,0,0,0.0,1,1,TIER_2,0.806,2,2,16,1
ord_18222496,cust_182151,4326.9,COD,0,0,0.0,1,1,TIER_2,0.712,0,1,22,0
ord_30683593,cust_138872,1093.27,UPI,0,0,0.0,1,1,TIER_2,0.631,3,3,21,1
ord_17910541,cust_297505,3538.01,COD,9,0,0.0,0,1,TIER_2,0.566,0,1,6,0
ord_87411194,cust_786426,1153.68,UPI,3,0,0.0,0,1,TIER_1_METRO,0.951,0,2,15,0
ord_83583331,cust_790876,536.33,COD,11,0,0.0,0,2,TIER_2,0.933,0,1,18,0
ord_78452891,cust_521626,980.1,UPI,0,0,0.0,1,1,TIER_2,0.77,1,1,9,0
ord_25955843,cust_648536,658.49,COD,1,0,0.0,0,2,TIER_1_METRO,0.717,0,2,22,1
ord_64416105,cust_199039,710.45,COD,3,0,0.0,0,1,TIER_2,0.714,1,1,12,0
ord_45105074,cust_163128,1470.64,NETBANKING,0,0,0.0,1,1,TIER_1_METRO,0.614,0,1,13,0
ord_15846899,cust_363575,2152.03,COD,0,0,0.0,1,1,TIER_2,0.875,2,1,14,1
ord_58018519,cust_455893,1528.27,UPI,4,0,0.0,0,1,TIER_2,0.965,1,4,7,0
ord_14801436,cust_899428,464.43,CARD,0,0,0.0,1,1,TIER_2,0.753,1,2,10,0
ord_92158288,cust_463534,1929.26,COD,0,0,0.0,1,1,TIER_1_METRO,0.643,0,1,7,0
ord_59148802,cust_599224,688.69,UPI,0,0,0.0,1,1,TIER_3_HIGH_RISK,0.584,0,3,8,0
ord_71688718,cust_866334,774.75,CARD,7,4,0.5714,0,1,TIER_2,0.817,0,1,5,1
ord_28661391,cust_926080,1213.14,COD,5,0,0.0,0,1,TIER_3_HIGH_RISK,0.384,1,1,0,0
ord_65403796,cust_393076,1749.36,COD,0,0,0.0,1,1,TIER_2,0.896,0,2,23,0
ord_65860631,cust_282997,1387.37,UPI,16,1,0.0625,0,1,TIER_1_METRO,0.927,0,1,5,0
ord_93204149,cust_974346,686.72,COD,0,0,0.0,1,1,TIER_2,0.72,1,1,19,1
ord_75048882,cust_665921,1694.45,CARD,0,0,0.0,1,1,TIER_1_METRO,0.708,0,2,22,0
ord_25807704,cust_212319,407.7,UPI,3,0,0.0,0,1,TIER_3_HIGH_RISK,0.785,2,1,5,0
ord_25962977,cust_288766,4465.91,CARD,4,0,0.0,0,1,TIER_1_METRO,0.887,2,1,10,0
ord_95654487,cust_145938,1408.59,COD,2,1,0.5,0,5,TIER_2,0.682,3,1,4,1
ord_47118939,cust_977882,401.83,UPI,0,0,0.0,1,1,TIER_1_METRO,0.785,0,3,23,1
ord_95221444,cust_132894,2116.98,UPI,0,0,0.0,1,1,TIER_2,0.774,1,1,13,1
ord_17429174,cust_568259,1786.37,UPI,6,1,0.1667,0,2,TIER_3_HIGH_RISK,0.681,1,3,15,0
ord_54494354,cust_955327,1909.92,CARD,0,0,0.0,1,1,TIER_1_METRO,0.844,1,2,5,1
ord_28380186,cust_840233,609.66,COD,14,0,0.0,0,1,TIER_3_HIGH_RISK,0.396,1,4,1,1
ord_27197810,cust_725549,342.09,UPI,0,0,0.0,1,2,TIER_3_HIGH_RISK,0.786,0,3,17,1
ord_90411177,cust_947090,1986.29,UPI,5,1,0.2,0,1,TIER_1_METRO,0.797,2,1,16,0
ord_21951552,cust_815400,1838.53,COD,14,3,0.2143,0,1,TIER_3_HIGH_RISK,0.728,1,1,11,0
ord_82325956,cust_520020,1087.22,COD,0,0,0.0,1,1,TIER_3_HIGH_RISK,0.618,0,1,11,1
ord_19080961,cust_161321,1267.98,UPI,0,0,0.0,1,1,TIER_1_METRO,0.407,1,2,3,0
ord_33005168,cust_387551,730.71,COD,0,0,0.0,1,1,TIER_2,0.813,1,1,13,0
ord_88888398,cust_113944,922.6,CARD,0,0,0.0,1,2,TIER_2,0.93,0,1,15,1
ord_52409036,cust_189860,1537.33,CARD,0,0,0.0,1,1,TIER_2,0.881,0,1,18,0
ord_22722094,cust_686347,9609.62,UPI,0,0,0.0,1,1,TIER_2,0.777,0,3,17,0
ord_36910743,cust_119941,1445.11,NETBANKING,13,0,0.0,0,1,TIER_1_METRO,0.726,0,1,5,0
ord_19672204,cust_745912,1235.42,UPI,4,1,0.25,0,3,TIER_3_HIGH_RISK,0.634,0,1,22,0
ord_33874281,cust_679466,1510.62,COD,4,0,0.0,0,1,TIER_2,0.927,3,2,21,0
ord_38814268,cust_689959,699.9,NETBANKING,4,1,0.25,0,1,TIER_1_METRO,0.929,1,2,20,0
ord_45912253,cust_511885,1220.81,UPI,0,0,0.0,1,5,TIER_2,0.862,1,2,3,1
ord_85575549,cust_226560,985.02,UPI,0,0,0.0,1,1,TIER_2,0.53,1,1,12,0
ord_63520377,cust_179199,1321.36,COD,0,0,0.0,1,2,TIER_2,0.768,0,1,2,0
ord_54924392,cust_318480,542.2,UPI,3,0,0.0,0,1,TIER_3_HIGH_RISK,0.433,1,1,8,0
ord_71366716,cust_187469,249.0,UPI,2,0,0.0,0,2,TIER_1_METRO,0.667,0,4,12,0
ord_58726898,cust_318422,2465.16,CARD,4,1,0.25,0,1,TIER_2,0.697,1,1,19,0
ord_69376958,cust_802221,407.44,COD,4,0,0.0,0,1,TIER_3_HIGH_RISK,0.595,2,2,16,1
ord_67190864,cust_669326,4809.52,COD,10,3,0.3,0,1,TIER_1_METRO,0.72,0,1,11,0
ord_13266402,cust_139726,727.06,COD,0,0,0.0,1,1,TIER_2,0.37,0,1,21,0
ord_23769205,cust_980279,709.44,COD,7,1,0.1429,0,2,TIER_2,0.825,1,2,18,1
ord_33548374,cust_223355,1257.2,COD,0,0,0.0,1,1,TIER_1_METRO,0.951,0,1,15,0
ord_16380798,cust_988960,879.59,COD,7,0,0.0,0,1,TIER_2,0.347,2,1,0,0
ord_53410212,cust_696015,1684.01,COD,14,3,0.2143,0,1,TIER_2,0.699,1,2,1,0
ord_85947753,cust_799221,1505.99,UPI,0,0,0.0,1,1,TIER_1_METRO,0.736,0,1,12,0
ord_69864256,cust_977326,1803.57,CARD,2,1,0.5,0,1,TIER_2,0.677,0,8,6,1
ord_75825272,cust_366336,2503.47,UPI,3,0,0.0,0,1,TIER_3_HIGH_RISK,0.775,0,1,23,0
ord_31200096,cust_107933,398.38,COD,7,0,0.0,0,1,TIER_1_METRO,0.849,0,1,17,0
ord_81621625,cust_914206,2880.7,COD,11,0,0.0,0,1,TIER_2,0.779,1,5,1,0
ord_27728138,cust_534412,282.72,COD,17,3,0.1765,0,3,TIER_1_METRO,0.5,0,1,21,0
ord_38875186,cust_621970,636.09,COD,18,1,0.0556,0,1,TIER_3_HIGH_RISK,0.655,0,2,12,1
ord_38116038,cust_653890,694.31,COD,4,0,0.0,0,1,TIER_1_METRO,0.521,0,1,3,0
ord_11635156,cust_168165,6016.13,UPI,7,0,0.0,0,1,TIER_1_METRO,0.974,0,1,5,0
ord_11821367,cust_866656,1189.02,COD,0,0,0.0,1,1,TIER_2,0.779,0,1,12,0
ord_55764516,cust_722604,1076.47,COD,3,0,0.0,0,1,TIER_1_METRO,0.685,0,1,12,0
ord_94373787,cust_597516,680.99,UPI,0,0,0.0,1,2,TIER_3_HIGH_RISK,0.674,0,1,6,1
ord_20198483,cust_382031,717.53,UPI,0,0,0.0,1,1,TIER_2,0.801,2,3,2,0
ord_78875163,cust_791323,363.36,NETBANKING,5,1,0.2,0,2,TIER_3_HIGH_RISK,0.482,2,2,1,0
ord_83746312,cust_320408,1274.94,UPI,0,0,0.0,1,1,TIER_1_METRO,0.947,2,1,9,0
ord_69322532,cust_735929,1554.11,UPI,0,0,0.0,1,1,TIER_1_METRO,0.615,3,2,13,0
ord_46128369,cust_247483,641.41,UPI,0,0,0.0,1,1,TIER_1_METRO,0.745,0,1,8,0
ord_12029341,cust_149738,1610.77,UPI,0,0,0.0,1,1,TIER_2,0.924,1,1,16,0
ord_50957065,cust_207809,1952.26,COD,0,0,0.0,1,1,TIER_1_METRO,0.75,0,1,18,0
ord_52776761,cust_895105,1783.33,COD,10,0,0.0,0,1,TIER_1_METRO,0.742,0,4,11,0
ord_52244404,cust_456320,1229.76,COD,0,0,0.0,1,1,TIER_2,0.841,0,1,9,1
ord_55658703,cust_497871,739.66,UPI,0,0,0.0,1,1,TIER_3_HIGH_RISK,0.695,1,3,12,1
ord_45211538,cust_124698,2576.92,COD,0,0,0.0,1,1,TIER_3_HIGH_RISK,0.571,0,2,4,1
ord_23531114,cust_341201,1832.94,UPI,18,0,0.0,0,1,TIER_1_METRO,0.946,0,2,21,0
ord_76974034,cust_528487,3385.19,UPI,6,0,0.0,0,2,TIER_2,0.878,0,1,7,0
ord_17188106,cust_161282,2790.19,UPI,12,0,0.0,0,1,TIER_2,0.941,1,1,5,0
ord_82936180,cust_304581,1003.99,COD,0,0,0.0,1,1,TIER_2,0.916,0,1,9,0
ord_44590323,cust_198120,1423.54,UPI,0,0,0.0,1,1,TIER_2,0.722,2,1,17,0
ord_71927699,cust_682930,894.87,COD,7,0,0.0,0,1,TIER_3_HIGH_RISK,0.745,1,1,3,1
ord_14975279,cust_265432,642.03,UPI,2,0,0.0,0,2,TIER_1_METRO,0.976,0,3,0,0
ord_64456834,cust_942252,1229.21,UPI,0,0,0.0,1,1,TIER_2,0.893,0,2,8,0
ord_48070457,cust_133152,567.18,UPI,0,0,0.0,1,2,TIER_2,0.646,1,3,9,1
ord_38126600,cust_612960,1793.92,COD,0,0,0.0,1,1,TIER_2,0.77,1,1,16,1
ord_26887294,cust_505486,2170.97,UPI,0,0,0.0,1,2,TIER_2,0.663,0,2,4,0
ord_29625255,cust_938146,689.62,CARD,0,0,0.0,1,1,TIER_2,0.513,1,1,22,0
ord_73497807,cust_719942,2543.92,COD,0,0,0.0,1,1,TIER_2,0.793,2,1,4,1
ord_51849877,cust_954194,1622.98,COD,16,6,0.375,0,1,TIER_1_METRO,0.77,1,2,17,1
ord_57704340,cust_418581,2333.7,COD,9,0,0.0,0,2,TIER_2,0.526,0,2,8,1
ord_45063229,cust_950531,1717.09,COD,25,1,0.04,0,5,TIER_3_HIGH_RISK,0.768,1,1,2,1
ord_41849855,cust_840018,1039.94,COD,0,0,0.0,1,1,TIER_1_METRO,0.635,1,2,12,0
ord_57379179,cust_563328,1345.23,COD,0,0,0.0,1,2,TIER_1_METRO,0.959,1,1,7,0
ord_88093488,cust_198382,980.44,CARD,2,0,0.0,0,1,TIER_2,0.845,0,1,17,0
ord_98142226,cust_417332,748.67,CARD,0,0,0.0,1,2,TIER_1_METRO,0.645,0,2,9,0
ord_39074829,cust_479426,3775.1,UPI,0,0,0.0,1,1,TIER_1_METRO,0.748,2,1,16,1
ord_62783624,cust_410748,4631.93,COD,0,0,0.0,1,1,TIER_1_METRO,0.836,0,2,5,0
ord_25901724,cust_526833,279.09,COD,0,0,0.0,1,1,TIER_1_METRO,0.613,0,2,20,0
ord_89318571,cust_751956,1236.07,COD,11,0,0.0,0,1,TIER_1_METRO,0.613,0,1,0,0
ord_58566364,cust_739629,1444.07,COD,0,0,0.0,1,2,TIER_3_HIGH_RISK,0.721,3,1,21,1
ord_94388500,cust_516540,815.89,UPI,5,0,0.0,0,1,TIER_2,0.918,0,1,3,0
ord_49781091,cust_499840,1866.46,COD,4,0,0.0,0,1,TIER_1_METRO,0.995,0,2,15,0
ord_47872852,cust_230992,1910.41,UPI,3,0,0.0,0,1,TIER_3_HIGH_RISK,0.329,1,2,15,0
ord_70251695,cust_458486,559.38,COD,0,0,0.0,1,2,TIER_1_METRO,0.721,0,1,22,1
ord_66889249,cust_879599,1345.42,UPI,5,0,0.0,0,1,TIER_1_METRO,0.886,1,1,5,0
ord_54336333,cust_828871,3313.78,UPI,3,0,0.0,0,1,TIER_2,0.788,0,2,19,1
ord_99843595,cust_632358,2410.21,COD,9,0,0.0,0,4,TIER_3_HIGH_RISK,0.505,0,1,17,1
ord_71803618,cust_868454,478.44,CARD,0,0,0.0,1,1,TIER_1_METRO,0.638,0,1,9,0
ord_96120049,cust_443063,1894.18,UPI,0,0,0.0,1,2,TIER_2,0.785,0,1,3,0
ord_46453961,cust_673933,707.44,COD,5,0,0.0,0,2,TIER_2,0.681,0,4,12,0
ord_43530980,cust_258895,673.71,COD,0,0,0.0,1,1,TIER_3_HIGH_RISK,0.454,0,2,13,1
ord_23331233,cust_273167,621.67,CARD,3,0,0.0,0,1,TIER_2,0.586,0,1,5,0
ord_32403427,cust_968308,1168.83,COD,6,0,0.0,0,1,TIER_1_METRO,0.664,1,3,13,0
ord_81091891,cust_527209,871.2,COD,14,0,0.0,0,1,TIER_2,0.798,0,1,13,0
ord_92604446,cust_978174,1183.32,COD,14,2,0.1429,0,1,TIER_1_METRO,0.773,0,1,1,0
ord_38088632,cust_655462,1664.75,COD,0,0,0.0,1,3,TIER_1_METRO,0.455,0,3,14,1
ord_21643208,cust_253520,2881.66,CARD,0,0,0.0,1,1,TIER_2,0.868,0,2,2,0
ord_91882258,cust_402508,634.63,UPI,0,0,0.0,1,1,TIER_2,0.668,0,1,11,0
ord_47244771,cust_245213,634.37,COD,4,0,0.0,0,1,TIER_2,0.764,0,1,17,0
ord_65685560,cust_327977,1367.38,COD,0,0,0.0,1,1,TIER_1_METRO,0.699,0,2,1,0
ord_27810506,cust_359595,319.7,COD,0,0,0.0,1,2,TIER_1_METRO,0.92,3,1,8,1
ord_61587598,cust_607483,2334.95,COD,2,0,0.0,0,2,TIER_3_HIGH_RISK,0.699,2,2,9,1
ord_54855106,cust_742469,1732.51,UPI,6,0,0.0,0,1,TIER_2,0.856,0,2,18,0
ord_74283025,cust_148555,520.87,UPI,8,1,0.125,0,1,TIER_1_METRO,0.76,0,3,3,0
ord_83728954,cust_993185,1069.5,COD,14,0,0.0,0,4,TIER_1_METRO,0.657,0,1,0,0
ord_32473124,cust_768487,2209.87,UPI,0,0,0.0,1,1,TIER_3_HIGH_RISK,0.686,1,3,8,0
ord_40418772,cust_657655,2987.67,UPI,0,0,0.0,1,1,TIER_3_HIGH_RISK,0.69,0,1,15,0
ord_20151607,cust_699162,787.86,COD,4,0,0.0,0,1,TIER_1_METRO,0.946,2,3,10,1
ord_30610500,cust_366902,2223.87,COD,0,0,0.0,1,1,TIER_1_METRO,0.974,0,3,2,0
ord_42080782,cust_209658,577.98,COD,1,0,0.0,0,1,TIER_2,0.927,1,2,11,0
ord_33413609,cust_166876,1159.05,COD,0,0,0.0,1,1,TIER_1_METRO,0.794,2,1,11,1
ord_95241611,cust_115329,1625.74,COD,0,0,0.0,1,1,TIER_3_HIGH_RISK,0.696,0,2,10,0
ord_71766928,cust_183086,1270.9,UPI,13,1,0.0769,0,1,TIER_1_METRO,0.522,1,2,17,0
ord_48478806,cust_740956,5105.24,UPI,0,0,0.0,1,1,TIER_3_HIGH_RISK,0.769,1,1,22,0
ord_18821549,cust_637214,1424.34,COD,10,0,0.0,0,1,TIER_2,0.875,0,1,21,0
ord_44303477,cust_386743,318.47,CARD,6,0,0.0,0,1,TIER_1_METRO,0.996,0,1,14,0
ord_28392993,cust_518158,725.34,COD,8,0,0.0,0,3,TIER_3_HIGH_RISK,0.897,0,1,18,0
ord_64813326,cust_538687,4620.13,UPI,0,0,0.0,1,1,TIER_1_METRO,0.352,0,1,9,1
ord_54196734,cust_960276,490.34,UPI,0,0,0.0,1,1,TIER_3_HIGH_RISK,0.735,2,3,21,0
ord_68053645,cust_763610,1211.44,UPI,0,0,0.0,1,1,TIER_1_METRO,0.649,0,2,1,1
ord_73292404,cust_331876,2523.42,NETBANKING,16,0,0.0,0,1,TIER_2,0.813,0,4,18,0
ord_37446927,cust_581276,1257.87,COD,2,0,0.0,0,1,TIER_1_METRO,0.829,1,1,9,0
ord_28539203,cust_207716,3161.14,UPI,0,0,0.0,1,1,TIER_2,0.829,0,1,6,0
ord_35262572,cust_409345,1092.02,COD,0,0,0.0,1,1,TIER_1_METRO,0.767,0,1,12,0
ord_45482788,cust_332842,1050.68,COD,0,0,0.0,1,1,TIER_1_METRO,0.889,0,5,16,0
ord_56654993,cust_336835,289.55,COD,11,0,0.0,0,1,TIER_2,0.434,3,1,13,0
ord_34362507,cust_189059,631.43,CARD,3,0,0.0,0,2,TIER_1_METRO,0.703,0,2,7,0
ord_47709731,cust_771915,912.52,UPI,19,0,0.0,0,1,TIER_1_METRO,0.882,0,1,15,0
ord_81696690,cust_694121,837.88,NETBANKING,0,0,0.0,1,1,TIER_3_HIGH_RISK,0.837,0,2,21,0
ord_38189839,cust_749303,711.25,UPI,8,0,0.0,0,2,TIER_3_HIGH_RISK,0.702,0,1,18,0
ord_93122310,cust_791207,2091.03,CARD,0,0,0.0,1,1,TIER_1_METRO,0.901,2,3,3,0
ord_56070309,cust_255905,250.81,UPI,8,0,0.0,0,1,TIER_3_HIGH_RISK,0.747,1,1,20,0
ord_46213515,cust_367981,1026.37,COD,12,1,0.0833,0,1,TIER_1_METRO,0.955,0,4,18,0
ord_95871668,cust_915182,3294.4,COD,0,0,0.0,1,1,TIER_1_METRO,0.611,1,2,2,0
ord_54331269,cust_859103,539.71,COD,6,0,0.0,0,1,TIER_2,0.963,1,1,3,0
ord_82112225,cust_316936,1435.46,COD,7,0,0.0,0,7,TIER_3_HIGH_RISK,0.616,0,2,16,1
ord_11120113,cust_351767,1035.02,COD,0,0,0.0,1,2,TIER_2,0.65,1,1,2,1
ord_59029440,cust_314816,1359.65,UPI,7,1,0.1429,0,1,TIER_2,0.985,3,3,12,0
ord_12726427,cust_433018,4187.33,COD,0,0,0.0,1,1,TIER_2,0.907,0,1,17,1
ord_50078991,cust_216905,1120.07,COD,7,0,0.0,0,1,TIER_1_METRO,0.839,1,1,8,0
ord_27433444,cust_100599,829.11,UPI,0,0,0.0,1,3,TIER_3_HIGH_RISK,0.446,0,3,14,1
ord_29161488,cust_889743,2357.41,COD,0,0,0.0,1,2,TIER_3_HIGH_RISK,0.791,0,1,11,1
ord_99178975,cust_904042,251.75,UPI,9,0,0.0,0,2,TIER_1_METRO,0.859,0,1,1,0
ord_30926786,cust_671719,1299.16,UPI,17,0,0.0,0,1,TIER_2,0.952,0,4,8,0
ord_31518458,cust_508113,291.12,UPI,11,3,0.2727,0,3,TIER_3_HIGH_RISK,0.425,0,1,13,0
ord_64148890,cust_382926,558.04,UPI,11,1,0.0909,0,1,TIER_2,0.843,0,1,6,0
ord_35648274,cust_393339,1021.05,UPI,0,0,0.0,1,2,TIER_1_METRO,0.896,0,2,2,0
ord_22974549,cust_478870,1214.91,COD,0,0,0.0,1,1,TIER_3_HIGH_RISK,0.647,2,1,19,1
ord_24881728,cust_966297,3510.03,UPI,2,1,0.5,0,1,TIER_1_METRO,0.848,0,2,22,0
ord_80036964,cust_907174,862.51,COD,0,0,0.0,1,1,TIER_1_METRO,0.798,1,1,3,0
ord_16877037,cust_822822,1210.05,UPI,5,0,0.0,0,1,TIER_3_HIGH_RISK,0.312,0,1,21,0
ord_27292909,cust_847004,1718.9,UPI,10,0,0.0,0,1,TIER_1_METRO,0.654,2,1,3,0
ord_92079634,cust_680323,1627.05,COD,2,1,0.5,0,1,TIER_2,0.716,0,1,7,1
ord_58397873,cust_464258,2009.43,COD,5,0,0.0,0,1,TIER_1_METRO,0.841,2,1,0,0
ord_69296651,cust_367618,494.55,UPI,0,0,0.0,1,1,TIER_3_HIGH_RISK,0.659,1,1,19,1
ord_49497144,cust_845708,289.88,COD,8,0,0.0,0,2,TIER_3_HIGH_RISK,0.651,0,1,15,1
ord_10737954,cust_623048,585.17,NETBANKING,0,0,0.0,1,3,TIER_1_METRO,0.782,0,1,1,1
ord_23317681,cust_294145,3190.02,COD,1,0,0.0,0,1,TIER_1_METRO,0.735,3,1,23,0
ord_33240984,cust_926862,1040.43,COD,4,1,0.25,0,1,TIER_2,0.552,1,2,15,1
ord_64495608,cust_141410,4596.49,UPI,0,0,0.0,1,1,TIER_3_HIGH_RISK,0.842,0,1,22,0
ord_73105980,cust_518277,4541.67,CARD,18,4,0.2222,0,1,TIER_1_METRO,0.846,2,1,8,0
ord_86243875,cust_835580,1447.38,UPI,4,0,0.0,0,1,TIER_2,0.709,0,2,10,0
ord_61686745,cust_871224,901.47,UPI,0,0,0.0,1,1,TIER_3_HIGH_RISK,0.573,1,2,23,0
ord_31445439,cust_276251,737.3,COD,3,0,0.0,0,2,TIER_3_HIGH_RISK,0.473,2,1,12,1
ord_46657073,cust_208345,973.68,UPI,0,0,0.0,1,1,TIER_2,0.338,1,2,10,0
ord_32362925,cust_728021,1665.35,COD,4,0,0.0,0,2,TIER_3_HIGH_RISK,0.787,1,1,10,0
ord_53096931,cust_805322,958.66,COD,4,1,0.25,0,2,TIER_1_METRO,0.844,0,2,3,1
ord_65005719,cust_570409,7177.55,COD,7,0,0.0,0,1,TIER_1_METRO,0.666,2,8,19,1
ord_73981206,cust_162497,2557.42,UPI,6,0,0.0,0,1,TIER_2,0.824,1,2,9,0
ord_76329075,cust_401239,1808.22,CARD,0,0,0.0,1,1,TIER_2,0.61,1,2,5,0
ord_90486076,cust_801565,3613.13,UPI,4,0,0.0,0,1,TIER_1_METRO,0.61,1,1,14,0
ord_32232465,cust_317267,1034.05,COD,0,0,0.0,1,2,TIER_3_HIGH_RISK,0.673,1,1,8,1
ord_93671215,cust_970699,1356.55,UPI,0,0,0.0,1,1,TIER_3_HIGH_RISK,0.823,1,1,11,0
ord_14374296,cust_271277,523.58,COD,6,0,0.0,0,1,TIER_2,0.915,0,2,19,0
ord_33722901,cust_103514,1063.2,COD,0,0,0.0,1,1,TIER_1_METRO,0.987,2,2,20,0
ord_86725858,cust_447983,1956.47,COD,0,0,0.0,1,1,TIER_2,0.942,0,1,9,0
ord_78903155,cust_607966,1138.43,UPI,0,0,0.0,1,2,TIER_1_METRO,0.672,1,3,20,1
ord_46298886,cust_536152,287.75,CARD,0,0,0.0,1,1,TIER_2,0.38,0,1,11,0
ord_26747076,cust_904176,2098.78,COD,0,0,0.0,1,2,TIER_2,0.76,1,1,15,1
ord_72959655,cust_554801,1758.61,COD,2,0,0.0,0,1,TIER_1_METRO,0.62,0,1,17,0
ord_10029882,cust_487808,1245.38,COD,0,0,0.0,1,1,TIER_1_METRO,0.777,1,2,9,0
ord_35483622,cust_646787,765.12,COD,0,0,0.0,1,2,TIER_2,0.907,1,1,13,1
ord_23689493,cust_798408,1074.32,UPI,0,0,0.0,1,1,TIER_1_METRO,0.67,0,3,3,0
ord_21879286,cust_620751,667.55,UPI,12,0,0.0,0,2,TIER_2,0.853,0,1,7,0
ord_52721553,cust_186545,295.56,COD,0,0,0.0,1,1,TIER_1_METRO,0.753,0,1,10,0
ord_43218943,cust_988639,2660.0,UPI,0,0,0.0,1,1,TIER_3_HIGH_RISK,0.746,2,3,20,1
ord_57375247,cust_697539,1568.69,UPI,0,0,0.0,1,2,TIER_1_METRO,0.734,0,1,2,0
ord_28606426,cust_354686,617.99,COD,0,0,0.0,1,1,TIER_1_METRO,0.427,1,3,3,0
ord_37025546,cust_524517,301.94,UPI,2,0,0.0,0,3,TIER_3_HIGH_RISK,0.684,1,2,9,0
ord_70139023,cust_950941,1705.36,UPI,3,0,0.0,0,1,TIER_1_METRO,0.786,0,1,9,0
ord_19787557,cust_328252,828.36,COD,4,0,0.0,0,1,TIER_3_HIGH_RISK,0.633,3,1,18,1
ord_83637789,cust_454844,4207.59,COD,4,0,0.0,0,2,TIER_2,0.744,1,1,1,1
ord_26819353,cust_553652,3723.78,UPI,0,0,0.0,1,1,TIER_1_METRO,0.904,0,3,0,0
ord_91993263,cust_217278,249.0,COD,3,0,0.0,0,2,TIER_3_HIGH_RISK,0.409,2,2,14,1
ord_19937093,cust_796217,1306.37,CARD,6,0,0.0,0,1,TIER_2,0.552,2,1,4,0
ord_47711695,cust_608604,2093.76,CARD,9,0,0.0,0,1,TIER_1_METRO,0.544,0,1,22,0
ord_55853473,cust_649514,1093.36,CARD,2,0,0.0,0,1,TIER_3_HIGH_RISK,0.419,0,1,14,0
ord_98414246,cust_496743,2265.49,COD,0,0,0.0,1,1,TIER_3_HIGH_RISK,0.66,0,1,15,1
ord_45372654,cust_947694,315.42,COD,0,0,0.0,1,1,TIER_2,0.71,0,8,12,1
ord_96424389,cust_421096,929.57,COD,0,0,0.0,1,2,TIER_1_METRO,0.926,1,2,20,0
ord_50113874,cust_105704,1666.95,COD,0,0,0.0,1,1,TIER_3_HIGH_RISK,0.712,0,1,15,1
ord_76532096,cust_240605,1575.3,UPI,0,0,0.0,1,2,TIER_1_METRO,0.79,0,2,19,0
ord_89007515,cust_924765,1459.54,UPI,7,0,0.0,0,3,TIER_2,0.918,0,1,7,0
ord_19357832,cust_936621,367.73,COD,8,0,0.0,0,1,TIER_1_METRO,0.632,0,1,20,0
ord_39908822,cust_439771,531.43,COD,1,0,0.0,0,1,TIER_3_HIGH_RISK,0.553,0,1,10,1
ord_22620315,cust_692377,276.66,COD,15,3,0.2,0,1,TIER_3_HIGH_RISK,0.472,0,2,21,1
ord_32636262,cust_212878,460.49,COD,5,0,0.0,0,2,TIER_2,0.486,2,1,22,1
ord_79816793,cust_916773,640.95,UPI,1,0,0.0,0,1,TIER_2,0.823,1,3,4,0
ord_40836413,cust_224221,649.57,COD,5,0,0.0,0,1,TIER_2,0.542,1,4,10,0
ord_98040318,cust_206334,371.62,COD,2,0,0.0,0,1,TIER_1_METRO,0.878,2,1,9,0
ord_58699170,cust_727045,2094.12,NETBANKING,6,0,0.0,0,1,TIER_1_METRO,0.826,1,1,3,0
ord_98194387,cust_134187,706.98,COD,0,0,0.0,1,1,TIER_1_METRO,0.804,2,1,11,0
ord_56128264,cust_137748,439.44,COD,0,0,0.0,1,1,TIER_2,0.898,0,2,7,1
ord_84993343,cust_500385,1359.31,UPI,6,0,0.0,0,1,TIER_2,0.478,2,1,23,0
ord_56440908,cust_928035,1426.4,COD,4,0,0.0,0,1,TIER_2,0.377,0,3,8,0
ord_11660102,cust_226875,896.9,COD,0,0,0.0,1,1,TIER_2,0.926,0,1,15,0
ord_39105135,cust_879572,2574.88,UPI,4,1,0.25,0,3,TIER_1_METRO,0.858,0,1,3,0
ord_37255938,cust_784905,2407.91,UPI,5,0,0.0,0,1,TIER_1_METRO,0.793,0,4,21,0
ord_88733130,cust_671675,885.09,COD,2,0,0.0,0,1,TIER_2,0.725,1,1,16,0
ord_13211369,cust_328845,2556.15,COD,0,0,0.0,1,1,TIER_1_METRO,0.567,0,1,8,0
ord_10131562,cust_331324,4316.67,COD,2,0,0.0,0,2,TIER_1_METRO,0.745,2,2,15,1
ord_50797952,cust_242184,464.09,CARD,24,2,0.0833,0,1,TIER_1_METRO,0.927,0,1,2,0
ord_69880550,cust_304685,2193.17,UPI,2,0,0.0,0,1,TIER_2,0.943,0,4,8,0
ord_90330983,cust_251074,1585.1,UPI,2,0,0.0,0,1,TIER_3_HIGH_RISK,0.695,0,1,3,0
ord_82202252,cust_526960,3500.74,UPI,9,0,0.0,0,1,TIER_1_METRO,0.533,0,3,10,0
ord_60526894,cust_682476,738.46,COD,0,0,0.0,1,1,TIER_1_METRO,0.681,0,2,22,0
ord_31853299,cust_598342,1795.14,COD,25,1,0.04,0,1,TIER_1_METRO,0.915,2,2,1,0
ord_19878917,cust_584780,249.0,COD,6,1,0.1667,0,3,TIER_1_METRO,0.982,0,4,12,0
ord_39565896,cust_305156,767.61,UPI,0,0,0.0,1,1,TIER_1_METRO,0.93,1,2,7,0
ord_67041562,cust_625400,937.66,UPI,0,0,0.0,1,3,TIER_2,0.548,0,3,22,1
ord_28719336,cust_554075,2343.82,CARD,5,0,0.0,0,1,TIER_2,0.965,1,1,21,0
ord_78481271,cust_351362,894.86,COD,4,0,0.0,0,2,TIER_1_METRO,0.593,1,1,6,0
ord_89214742,cust_840174,683.1,UPI,2,0,0.0,0,1,TIER_2,0.706,0,2,11,0
ord_10879459,cust_397535,472.78,COD,0,0,0.0,1,1,TIER_1_METRO,0.671,0,1,14,0
ord_33916824,cust_809870,589.58,COD,11,0,0.0,0,1,TIER_1_METRO,0.858,0,2,16,0
ord_27832891,cust_125532,740.46,COD,5,0,0.0,0,1,TIER_1_METRO,0.819,0,1,4,0
ord_55138030,cust_474154,3003.38,UPI,0,0,0.0,1,1,TIER_3_HIGH_RISK,0.689,1,1,2,0
ord_52567192,cust_320712,1000.19,UPI,4,1,0.25,0,3,TIER_1_METRO,0.874,0,1,23,0
ord_64871920,cust_535796,747.09,COD,11,1,0.0909,0,1,TIER_3_HIGH_RISK,0.426,0,2,9,1
ord_36267668,cust_929269,422.74,COD,0,0,0.0,1,1,TIER_1_METRO,0.791,1,1,9,0
ord_92430197,cust_113149,1386.02,COD,9,0,0.0,0,1,TIER_1_METRO,0.98,0,1,2,0
ord_73923119,cust_546295,3560.73,UPI,0,0,0.0,1,1,TIER_2,0.884,0,1,22,0
ord_66378562,cust_412444,1567.02,CARD,13,3,0.2308,0,1,TIER_1_METRO,0.553,0,1,3,0
ord_49466516,cust_442313,1403.1,CARD,4,0,0.0,0,1,TIER_2,0.67,0,1,21,0
ord_34662982,cust_998102,612.26,COD,0,0,0.0,1,1,TIER_1_METRO,0.479,1,1,23,1
ord_47677422,cust_499256,249.0,CARD,2,0,0.0,0,1,TIER_1_METRO,0.941,0,3,5,0
ord_89418542,cust_181848,1142.23,CARD,0,0,0.0,1,1,TIER_3_HIGH_RISK,0.542,1,2,15,0
ord_17152747,cust_737402,1180.36,CARD,5,0,0.0,0,2,TIER_2,0.868,0,1,20,0
ord_24370931,cust_885338,9859.3,UPI,4,0,0.0,0,5,TIER_1_METRO,0.796,0,2,1,0
ord_34133277,cust_480149,963.52,UPI,11,0,0.0,0,1,TIER_3_HIGH_RISK,0.676,1,2,7,0
ord_81275364,cust_556982,1524.4,COD,22,0,0.0,0,2,TIER_3_HIGH_RISK,0.621,0,1,4,0
ord_24885447,cust_367053,1169.14,UPI,12,0,0.0,0,1,TIER_1_METRO,0.731,1,1,23,0
ord_89481292,cust_864227,1545.94,COD,0,0,0.0,1,3,TIER_1_METRO,0.829,1,3,1,1
ord_10398008,cust_489566,1591.21,COD,0,0,0.0,1,1,TIER_2,0.939,0,3,14,0
ord_40877053,cust_605071,528.83,UPI,10,0,0.0,0,3,TIER_3_HIGH_RISK,0.467,0,2,8,0
ord_60873983,cust_171792,613.91,UPI,0,0,0.0,1,1,TIER_3_HIGH_RISK,0.639,0,2,4,0
ord_87540509,cust_748490,1232.2,COD,3,0,0.0,0,5,TIER_1_METRO,0.753,2,3,11,1
ord_47434360,cust_405983,1549.08,UPI,0,0,0.0,1,1,TIER_2,0.815,0,1,4,0
ord_38317302,cust_182124,1468.82,COD,0,0,0.0,1,2,TIER_1_METRO,0.751,0,1,10,1
ord_96557824,cust_663153,1225.13,COD,2,0,0.0,0,1,TIER_1_METRO,0.408,0,3,10,0
ord_51667756,cust_780882,567.44,COD,0,0,0.0,1,1,TIER_1_METRO,0.679,0,2,16,0
ord_52955157,cust_503522,1885.64,UPI,0,0,0.0,1,1,TIER_3_HIGH_RISK,0.788,0,3,17,0
ord_25975814,cust_907903,1508.1,NETBANKING,5,0,0.0,0,1,TIER_1_METRO,0.582,0,1,13,0
ord_24927605,cust_100637,469.7,CARD,3,0,0.0,0,1,TIER_3_HIGH_RISK,0.683,0,1,23,0
ord_47977233,cust_783803,3642.22,UPI,9,1,0.1111,0,1,TIER_1_METRO,0.723,0,4,8,0
ord_33689071,cust_277182,891.64,COD,1,0,0.0,0,2,TIER_1_METRO,0.7,0,5,12,1
ord_16863859,cust_179944,2040.71,UPI,12,0,0.0,0,1,TIER_2,0.83,0,1,17,0
ord_30554754,cust_978058,2005.58,UPI,3,0,0.0,0,1,TIER_3_HIGH_RISK,0.433,0,2,2,0
ord_38421925,cust_156938,1792.08,UPI,15,1,0.0667,0,1,TIER_1_METRO,0.751,0,1,14,0
ord_83495540,cust_637607,1336.91,UPI,0,0,0.0,1,1,TIER_1_METRO,0.948,1,1,4,0
ord_70980032,cust_667383,491.37,UPI,0,0,0.0,1,1,TIER_2,0.786,2,1,5,0
ord_75449071,cust_437593,2058.38,COD,7,0,0.0,0,1,TIER_1_METRO,0.454,1,1,23,0
ord_33985603,cust_995828,1100.67,COD,10,0,0.0,0,1,TIER_2,0.87,2,1,11,0
ord_64716658,cust_210282,940.52,UPI,0,0,0.0,1,2,TIER_1_METRO,0.77,1,1,9,0
ord_15802494,cust_402027,525.85,COD,1,1,1.0,0,1,TIER_2,0.726,0,1,5,1
ord_52102512,cust_724827,743.19,UPI,6,0,0.0,0,2,TIER_1_METRO,0.913,1,5,19,0
ord_62966770,cust_381253,1543.55,COD,4,0,0.0,0,1,TIER_1_METRO,0.758,0,1,21,0
ord_79199892,cust_317975,935.08,COD,1,0,0.0,0,1,TIER_1_METRO,0.793,2,2,3,0
ord_67737030,cust_348670,439.41,UPI,8,0,0.0,0,1,TIER_2,0.699,0,2,15,0
ord_89798785,cust_590486,628.69,UPI,0,0,0.0,1,1,TIER_1_METRO,0.913,1,1,10,0
ord_23012949,cust_664719,1857.1,UPI,0,0,0.0,1,1,TIER_2,0.686,0,2,15,0
ord_39140356,cust_339891,1127.27,CARD,5,0,0.0,0,1,TIER_1_METRO,0.655,2,2,16,0
ord_50125952,cust_947122,1445.31,CARD,0,0,0.0,1,3,TIER_2,0.768,0,4,11,1
ord_30747687,cust_420595,2937.54,UPI,5,0,0.0,0,1,TIER_2,0.482,0,2,13,0
ord_78745481,cust_617681,719.34,CARD,0,0,0.0,1,1,TIER_2,0.729,3,1,4,1
ord_85176851,cust_421574,3146.46,COD,3,0,0.0,0,4,TIER_1_METRO,0.736,2,1,6,0
ord_75405995,cust_592807,722.37,COD,0,0,0.0,1,2,TIER_3_HIGH_RISK,0.711,3,1,4,1
ord_60050090,cust_296896,750.86,COD,0,0,0.0,1,1,TIER_1_METRO,0.756,1,1,5,1
ord_16404003,cust_352061,939.63,COD,0,0,0.0,1,2,TIER_3_HIGH_RISK,0.568,1,1,9,1
ord_12950161,cust_771207,1871.68,COD,16,0,0.0,0,1,TIER_1_METRO,0.706,0,1,10,1
ord_90090793,cust_719165,356.57,COD,6,0,0.0,0,1,TIER_1_METRO,0.712,0,1,4,0
ord_88744296,cust_940200,1603.64,UPI,5,1,0.2,0,1,TIER_1_METRO,0.935,0,1,0,0
ord_83336604,cust_450340,2258.76,NETBANKING,12,5,0.4167,0,1,TIER_2,0.731,0,1,14,1
ord_79475474,cust_517341,2449.6,COD,6,0,0.0,0,1,TIER_1_METRO,0.675,1,1,9,0
ord_67218588,cust_864993,274.56,COD,0,0,0.0,1,1,TIER_1_METRO,0.693,1,2,12,0
ord_89081915,cust_611606,1401.72,COD,9,1,0.1111,0,1,TIER_3_HIGH_RISK,0.714,1,1,12,1
ord_96641503,cust_301464,1465.52,COD,7,0,0.0,0,2,TIER_3_HIGH_RISK,0.709,1,1,10,1
ord_63781968,cust_461483,1251.87,UPI,0,0,0.0,1,1,TIER_1_METRO,0.794,2,4,17,0
ord_49738830,cust_464577,1067.3,COD,3,0,0.0,0,1,TIER_3_HIGH_RISK,0.778,3,3,3,1
ord_52322633,cust_506786,3445.24,COD,14,0,0.0,0,1,TIER_2,0.689,0,2,15,0
ord_84080002,cust_713517,507.42,UPI,9,0,0.0,0,1,TIER_2,0.836,0,1,10,0
ord_13503548,cust_863570,820.52,UPI,7,0,0.0,0,1,TIER_1_METRO,0.836,2,1,10,0
ord_72906336,cust_196847,1474.44,COD,14,0,0.0,0,1,TIER_1_METRO,0.831,0,2,22,0
ord_61255428,cust_781266,1012.14,UPI,3,0,0.0,0,1,TIER_2,0.889,0,3,0,0
ord_80438646,cust_208380,361.61,UPI,0,0,0.0,1,1,TIER_3_HIGH_RISK,0.716,0,1,9,0
ord_31767260,cust_465651,718.34,CARD,0,0,0.0,1,1,TIER_2,0.785,0,1,11,0
ord_10237068,cust_532636,2691.82,CARD,0,0,0.0,1,1,TIER_1_METRO,0.838,0,1,21,0
ord_32713635,cust_189938,895.03,UPI,1,0,0.0,0,1,TIER_2,0.975,0,5,21,0
ord_32744785,cust_741825,1823.49,UPI,9,0,0.0,0,1,TIER_1_METRO,0.967,0,1,11,0
ord_69066485,cust_130384,1169.54,NETBANKING,4,0,0.0,0,1,TIER_3_HIGH_RISK,0.766,0,1,9,0
ord_33518715,cust_315101,1335.5,COD,0,0,0.0,1,1,TIER_1_METRO,0.716,3,3,3,1
ord_61721929,cust_770037,788.11,COD,9,0,0.0,0,1,TIER_3_HIGH_RISK,0.52,2,1,22,1
ord_83756026,cust_566508,1198.1,COD,10,0,0.0,0,1,TIER_2,0.681,0,1,9,0
ord_36112808,cust_862017,520.39,NETBANKING,1,0,0.0,0,2,TIER_2,0.741,1,1,23,0
ord_94741514,cust_159207,2716.33,COD,15,0,0.0,0,1,TIER_1_METRO,0.765,0,2,5,0
ord_78471380,cust_972719,1964.03,UPI,6,1,0.1667,0,1,TIER_2,0.807,0,1,8,0
ord_90599885,cust_380787,559.98,UPI,11,4,0.3636,0,1,TIER_2,0.866,0,1,0,0
ord_91416865,cust_585303,1456.14,UPI,0,0,0.0,1,2,TIER_3_HIGH_RISK,0.613,1,2,12,0
ord_49302467,cust_187995,644.83,COD,0,0,0.0,1,1,TIER_2,0.795,3,1,17,0
ord_76977550,cust_728510,1786.89,COD,0,0,0.0,1,1,TIER_1_METRO,0.531,0,1,6,0
ord_23296138,cust_428380,1156.66,UPI,0,0,0.0,1,1,TIER_2,0.635,1,4,10,0
ord_42510185,cust_933110,1558.34,UPI,6,0,0.0,0,1,TIER_1_METRO,0.723,1,2,14,0
ord_47259027,cust_936987,1693.21,UPI,0,0,0.0,1,7,TIER_1_METRO,0.509,0,2,8,1
ord_48998987,cust_886686,3693.86,COD,11,0,0.0,0,1,TIER_3_HIGH_RISK,0.709,3,1,5,0
ord_88700650,cust_913297,808.28,COD,2,0,0.0,0,1,TIER_2,0.802,2,3,18,1
ord_87522688,cust_497931,2320.77,COD,5,0,0.0,0,1,TIER_2,0.798,0,3,21,0
ord_16755631,cust_601288,727.96,UPI,5,0,0.0,0,1,TIER_2,0.74,1,2,10,0
ord_95069573,cust_397214,4677.88,UPI,0,0,0.0,1,1,TIER_1_METRO,0.587,0,1,3,0
ord_70203880,cust_790170,1113.45,UPI,5,0,0.0,0,1,TIER_3_HIGH_RISK,0.854,0,4,2,0
ord_48498937,cust_290091,819.53,UPI,10,0,0.0,0,2,TIER_3_HIGH_RISK,0.606,0,1,9,1
ord_66434193,cust_253256,1202.15,COD,7,0,0.0,0,1,TIER_1_METRO,0.919,2,4,19,0
ord_55976783,cust_611357,1574.95,COD,13,3,0.2308,0,1,TIER_1_METRO,0.873,1,1,2,0
ord_46097069,cust_378429,1588.64,COD,6,0,0.0,0,1,TIER_2,0.737,0,2,22,0
ord_11156245,cust_821662,944.35,COD,11,0,0.0,0,3,TIER_1_METRO,0.669,0,1,10,0
ord_56801033,cust_897163,437.94,COD,13,0,0.0,0,1,TIER_2,0.817,2,4,16,0
ord_70303849,cust_692642,3806.77,CARD,9,0,0.0,0,1,TIER_3_HIGH_RISK,0.72,0,1,0,0
ord_15168949,cust_992467,536.52,COD,8,0,0.0,0,5,TIER_3_HIGH_RISK,0.862,1,3,4,1
ord_27191615,cust_941618,429.43,UPI,2,0,0.0,0,1,TIER_3_HIGH_RISK,0.566,1,1,18,0
ord_41747600,cust_261661,5276.25,COD,0,0,0.0,1,1,TIER_2,0.766,0,1,20,1
ord_88535842,cust_956798,1360.63,UPI,0,0,0.0,1,1,TIER_1_METRO,0.696,2,1,2,0
ord_14590723,cust_173728,692.62,CARD,1,0,0.0,0,4,TIER_1_METRO,0.909,0,1,16,0
ord_54396651,cust_904840,916.73,CARD,2,0,0.0,0,1,TIER_1_METRO,0.556,2,1,14,0
ord_27864557,cust_890144,2768.0,NETBANKING,4,0,0.0,0,1,TIER_1_METRO,0.945,1,2,14,0
ord_41842064,cust_510874,750.94,UPI,0,0,0.0,1,1,TIER_2,0.886,0,1,21,0
ord_92087892,cust_580688,1784.78,COD,0,0,0.0,1,1,TIER_2,0.891,2,1,1,1
ord_26907550,cust_766297,3641.32,COD,0,0,0.0,1,1,TIER_2,0.592,3,2,10,1
ord_14040015,cust_948036,671.61,COD,0,0,0.0,1,1,TIER_1_METRO,0.872,0,2,13,1
ord_34124291,cust_981455,579.27,UPI,0,0,0.0,1,1,TIER_1_METRO,0.716,0,1,23,0
ord_64777623,cust_928670,1443.68,CARD,9,0,0.0,0,1,TIER_2,0.685,0,3,9,0
ord_30000738,cust_609325,677.9,COD,0,0,0.0,1,1,TIER_3_HIGH_RISK,0.581,2,1,11,1
ord_76009351,cust_623990,1596.95,NETBANKING,7,0,0.0,0,1,TIER_1_METRO,0.69,1,1,18,0
ord_58395576,cust_860198,569.67,COD,0,0,0.0,1,1,TIER_1_METRO,0.936,2,1,23,0
ord_52720675,cust_354166,5612.28,COD,2,0,0.0,0,1,TIER_2,0.521,2,1,7,1
ord_93496276,cust_370244,1842.93,UPI,0,0,0.0,1,5,TIER_2,0.59,0,1,1,1
ord_85303117,cust_117015,3734.18,CARD,14,1,0.0714,0,1,TIER_3_HIGH_RISK,0.737,1,1,11,0
ord_90835662,cust_606201,3227.48,UPI,0,0,0.0,1,1,TIER_1_METRO,0.606,0,1,7,0
ord_58382891,cust_398432,1474.26,COD,2,0,0.0,0,1,TIER_1_METRO,0.985,0,2,21,0
ord_48283556,cust_862659,638.63,COD,0,0,0.0,1,1,TIER_3_HIGH_RISK,0.678,2,1,13,1
ord_48928917,cust_563330,1237.44,COD,11,0,0.0,0,5,TIER_3_HIGH_RISK,0.637,0,2,22,1
ord_75516892,cust_509274,1963.88,COD,0,0,0.0,1,1,TIER_1_METRO,0.766,1,1,12,0
ord_56329192,cust_997145,466.57,COD,10,0,0.0,0,1,TIER_1_METRO,0.84,2,1,23,0
ord_62524496,cust_153685,338.09,UPI,6,1,0.1667,0,3,TIER_1_METRO,0.365,2,1,3,0
ord_34525886,cust_470266,597.59,COD,0,0,0.0,1,1,TIER_3_HIGH_RISK,0.841,0,1,8,1
ord_49895909,cust_407998,1429.48,COD,5,0,0.0,0,3,TIER_3_HIGH_RISK,0.74,0,1,16,0
ord_28144439,cust_927530,1129.39,CARD,9,0,0.0,0,2,TIER_2,0.763,2,1,7,0
ord_99577437,cust_901284,1137.43,COD,3,0,0.0,0,1,TIER_1_METRO,0.651,2,4,1,0
ord_99482491,cust_759045,1792.64,COD,4,0,0.0,0,1,TIER_2,0.729,1,2,10,0
ord_85144032,cust_700485,938.86,COD,7,0,0.0,0,1,TIER_1_METRO,0.945,0,4,5,0
ord_27266184,cust_853646,2223.11,COD,0,0,0.0,1,1,TIER_2,0.879,0,1,10,0
ord_53484059,cust_205561,1453.59,UPI,0,0,0.0,1,1,TIER_1_METRO,0.662,2,1,1,0
ord_65138447,cust_656265,1039.41,COD,1,0,0.0,0,1,TIER_2,0.609,2,2,21,0
ord_61309687,cust_351420,2717.45,COD,0,0,0.0,1,1,TIER_3_HIGH_RISK,0.741,0,1,7,1
ord_80016224,cust_858961,1063.02,UPI,0,0,0.0,1,2,TIER_2,0.919,2,1,4,0
ord_19255211,cust_985641,1998.28,COD,4,0,0.0,0,1,TIER_1_METRO,0.795,1,3,20,0
ord_30353727,cust_237022,905.3,COD,3,0,0.0,0,2,TIER_2,0.87,1,1,21,1
ord_20617244,cust_730010,2125.83,CARD,0,0,0.0,1,1,TIER_1_METRO,0.743,0,4,18,0
ord_47518167,cust_440907,553.81,UPI,0,0,0.0,1,1,TIER_2,0.948,2,3,11,0
ord_81894820,cust_204222,780.72,UPI,15,1,0.0667,0,1,TIER_1_METRO,0.801,2,1,0,0
ord_30060188,cust_476430,660.72,UPI,8,0,0.0,0,1,TIER_3_HIGH_RISK,0.48,0,8,23,0
ord_20197174,cust_900764,623.16,COD,11,0,0.0,0,2,TIER_3_HIGH_RISK,0.504,1,2,18,0
ord_43582122,cust_408203,1174.83,CARD,0,0,0.0,1,1,TIER_1_METRO,0.803,1,1,20,0
ord_79022844,cust_145099,936.02,CARD,2,0,0.0,0,2,TIER_2,0.971,1,4,10,0
ord_35118569,cust_621631,2187.86,COD,14,4,0.2857,0,1,TIER_1_METRO,0.952,1,2,9,1
ord_15512460,cust_361085,447.37,CARD,4,1,0.25,0,1,TIER_2,0.91,0,1,22,0
ord_64101105,cust_400877,1464.88,UPI,0,0,0.0,1,1,TIER_2,0.602,1,2,2,0
ord_56593954,cust_299439,380.74,COD,9,0,0.0,0,1,TIER_1_METRO,0.921,0,2,13,0
ord_13433382,cust_896478,689.25,NETBANKING,0,0,0.0,1,1,TIER_2,0.954,0,2,8,0
ord_95788951,cust_847235,864.44,CARD,8,0,0.0,0,1,TIER_1_METRO,0.669,2,1,16,0
ord_46396424,cust_760261,2368.2,UPI,5,0,0.0,0,3,TIER_3_HIGH_RISK,0.571,2,1,15,0
ord_78914332,cust_638569,829.0,COD,3,0,0.0,0,1,TIER_2,0.97,1,1,16,0
ord_31915933,cust_377713,312.9,CARD,0,0,0.0,1,2,TIER_1_METRO,0.776,0,1,22,0
ord_20978041,cust_971038,789.72,CARD,10,0,0.0,0,1,TIER_3_HIGH_RISK,0.581,1,2,17,0
ord_40010229,cust_417278,802.06,UPI,4,0,0.0,0,1,TIER_1_METRO,0.847,2,1,8,0
ord_10850122,cust_245271,499.77,UPI,0,0,0.0,1,1,TIER_1_METRO,0.543,0,4,8,0
ord_50170675,cust_156632,1519.74,COD,7,0,0.0,0,1,TIER_2,0.515,1,2,13,0
ord_63563013,cust_880331,372.4,COD,1,0,0.0,0,1,TIER_3_HIGH_RISK,0.644,0,5,16,0
ord_99726662,cust_126627,470.26,COD,0,0,0.0,1,2,TIER_3_HIGH_RISK,0.747,0,2,20,1
ord_44847505,cust_162759,544.54,COD,11,1,0.0909,0,1,TIER_3_HIGH_RISK,0.814,2,3,7,1
ord_78507569,cust_312637,1250.52,UPI,4,0,0.0,0,2,TIER_2,0.86,0,2,23,0
ord_12382357,cust_668176,1913.85,COD,0,0,0.0,1,1,TIER_2,0.824,1,1,20,0
ord_30057988,cust_582333,4331.71,UPI,0,0,0.0,1,1,TIER_2,0.896,1,3,7,0
ord_17347000,cust_152142,848.81,COD,0,0,0.0,1,1,TIER_1_METRO,0.934,0,2,22,0
ord_75157827,cust_695389,742.96,UPI,6,0,0.0,0,1,TIER_1_METRO,0.652,0,2,20,0
ord_66803178,cust_106028,2927.1,COD,2,0,0.0,0,2,TIER_2,0.938,0,1,5,0
ord_56548721,cust_573119,3156.77,UPI,0,0,0.0,1,1,TIER_3_HIGH_RISK,0.608,2,1,20,0
ord_94178655,cust_757949,1336.14,COD,1,0,0.0,0,1,TIER_1_METRO,0.471,3,2,18,0
ord_86934008,cust_863942,21472.8,COD,4,1,0.25,0,1,TIER_3_HIGH_RISK,0.601,3,3,12,1
ord_64864537,cust_544942,1527.37,COD,18,2,0.1111,0,1,TIER_2,0.792,0,3,16,0
ord_38692913,cust_722503,382.49,COD,0,0,0.0,1,1,TIER_1_METRO,0.701,0,1,5,0
ord_71403808,cust_991751,750.76,NETBANKING,0,0,0.0,1,1,TIER_1_METRO,0.7,0,1,16,0
ord_15155577,cust_415974,1937.14,CARD,0,0,0.0,1,2,TIER_2,0.829,1,1,15,0
ord_59114107,cust_556339,724.78,CARD,15,1,0.0667,0,1,TIER_1_METRO,0.859,0,1,11,0
ord_36737775,cust_468708,723.33,COD,8,0,0.0,0,1,TIER_2,0.843,0,1,19,0
ord_68201989,cust_782747,946.1,UPI,2,0,0.0,0,1,TIER_2,0.621,1,1,21,0
ord_53735877,cust_250990,5852.21,UPI,19,0,0.0,0,2,TIER_1_METRO,0.979,1,2,3,0
ord_95983296,cust_174648,1282.06,COD,0,0,0.0,1,2,TIER_1_METRO,0.983,1,2,4,1
ord_31498555,cust_639353,850.32,UPI,0,0,0.0,1,1,TIER_1_METRO,0.737,2,2,11,0
ord_46504340,cust_342407,1802.74,COD,11,0,0.0,0,1,TIER_3_HIGH_RISK,0.611,2,4,9,1
ord_28502049,cust_629490,1737.69,COD,12,0,0.0,0,1,TIER_1_METRO,0.627,0,1,14,0
ord_84757256,cust_966555,383.24,COD,0,0,0.0,1,1,TIER_1_METRO,0.676,0,1,18,1
ord_79775971,cust_332463,438.88,COD,0,0,0.0,1,2,TIER_2,0.749,0,2,4,1
ord_63482022,cust_633026,765.05,UPI,3,0,0.0,0,1,TIER_2,0.794,0,1,10,0
ord_69855504,cust_855631,428.96,UPI,4,1,0.25,0,2,TIER_2,0.675,1,1,17,1
ord_31857908,cust_840456,2252.38,UPI,6,0,0.0,0,1,TIER_3_HIGH_RISK,0.696,3,1,23,0
ord_28274332,cust_380151,820.26,COD,4,0,0.0,0,1,TIER_2,0.78,0,2,14,0
ord_10908573,cust_529318,249.0,CARD,0,0,0.0,1,1,TIER_2,0.739,0,1,17,0
ord_21091989,cust_531508,912.13,NETBANKING,0,0,0.0,1,7,TIER_2,0.524,1,3,7,1
ord_30274388,cust_651834,1239.78,CARD,7,0,0.0,0,1,TIER_3_HIGH_RISK,0.671,1,4,4,0
ord_94354378,cust_406658,1487.35,COD,9,0,0.0,0,1,TIER_3_HIGH_RISK,0.659,1,1,9,0
ord_31706621,cust_244670,361.38,COD,0,0,0.0,1,1,TIER_2,0.804,2,1,8,1
ord_93507119,cust_932834,2409.89,UPI,0,0,0.0,1,1,TIER_2,0.597,0,1,0,0
ord_38576958,cust_755949,1535.31,COD,9,0,0.0,0,1,TIER_1_METRO,0.47,1,3,14,0
ord_80952805,cust_667610,1803.35,NETBANKING,0,0,0.0,1,4,TIER_2,0.981,1,1,17,1
ord_22076583,cust_231197,1710.48,COD,0,0,0.0,1,2,TIER_1_METRO,0.872,1,1,5,0
ord_84737964,cust_654315,2063.68,COD,0,0,0.0,1,4,TIER_1_METRO,0.876,1,4,19,1
ord_44118321,cust_414587,1273.85,UPI,0,0,0.0,1,2,TIER_2,0.75,1,2,13,0
ord_74341005,cust_626344,4488.33,CARD,0,0,0.0,1,1,TIER_2,0.635,0,2,22,1
ord_73872938,cust_130066,4562.3,UPI,8,2,0.25,0,1,TIER_2,0.891,0,3,18,0
ord_44306425,cust_266083,1973.08,COD,12,0,0.0,0,1,TIER_1_METRO,0.789,1,3,8,0
ord_97094903,cust_462839,2080.74,COD,8,0,0.0,0,3,TIER_1_METRO,0.861,0,8,8,0
ord_33705256,cust_843987,473.23,CARD,8,4,0.5,0,1,TIER_3_HIGH_RISK,0.564,2,1,22,1
ord_44955903,cust_777519,2403.64,COD,8,0,0.0,0,1,TIER_2,0.667,1,1,0,0
ord_82613245,cust_653667,1729.13,COD,3,0,0.0,0,1,TIER_1_METRO,0.612,0,1,12,0
ord_43679364,cust_140285,705.6,COD,11,0,0.0,0,1,TIER_2,0.76,2,2,22,0
ord_90813044,cust_295659,1487.47,UPI,6,0,0.0,0,4,TIER_2,0.842,1,2,8,0
ord_82082080,cust_140615,2193.16,UPI,0,0,0.0,1,1,TIER_1_METRO,0.766,1,1,23,0
ord_98862643,cust_275225,2689.11,COD,0,0,0.0,1,1,TIER_3_HIGH_RISK,0.769,1,2,0,1
ord_32257499,cust_507574,2693.81,COD,0,0,0.0,1,2,TIER_2,0.644,2,2,1,1
ord_75111328,cust_754848,3998.73,COD,0,0,0.0,1,1,TIER_2,0.856,0,2,19,1
ord_37644667,cust_549769,3089.44,COD,13,1,0.0769,0,1,TIER_1_METRO,0.924,1,3,6,0
ord_49345172,cust_470063,1572.45,COD,5,0,0.0,0,1,TIER_1_METRO,0.662,1,1,6,0
ord_94413005,cust_570607,939.82,COD,0,0,0.0,1,1,TIER_1_METRO,0.623,0,3,6,1
ord_93027288,cust_306604,648.71,UPI,9,0,0.0,0,1,TIER_3_HIGH_RISK,0.792,0,1,17,0
ord_77615317,cust_506895,1058.38,UPI,22,0,0.0,0,1,TIER_2,0.655,3,1,8,0
ord_56859992,cust_706138,819.28,COD,0,0,0.0,1,1,TIER_3_HIGH_RISK,0.826,2,2,22,1
ord_33792448,cust_544518,1918.26,UPI,4,0,0.0,0,1,TIER_3_HIGH_RISK,0.65,0,1,6,0
ord_20698216,cust_709122,1515.31,UPI,6,1,0.1667,0,4,TIER_3_HIGH_RISK,0.544,0,1,0,0
ord_44610184,cust_424822,1258.01,COD,0,0,0.0,1,1,TIER_3_HIGH_RISK,0.606,0,1,4,1
ord_82881828,cust_269839,2568.45,UPI,0,0,0.0,1,1,TIER_1_METRO,0.961,0,1,11,0
ord_18870046,cust_683334,1189.82,UPI,0,0,0.0,1,1,TIER_3_HIGH_RISK,0.793,0,1,21,0
ord_35137138,cust_989598,3023.97,UPI,0,0,0.0,1,1,TIER_3_HIGH_RISK,0.591,0,2,4,0
ord_47811773,cust_854899,1025.97,UPI,19,0,0.0,0,1,TIER_2,0.7,0,5,18,0
ord_92320668,cust_754949,973.71,COD,0,0,0.0,1,1,TIER_2,0.713,1,3,3,1
ord_32889456,cust_179714,568.29,CARD,0,0,0.0,1,2,TIER_1_METRO,0.706,1,4,12,0
ord_18096173,cust_140721,1086.73,COD,0,0,0.0,1,5,TIER_2,0.56,0,1,1,1
ord_89652006,cust_465944,524.16,NETBANKING,2,0,0.0,0,1,TIER_2,0.957,0,5,15,0
ord_60426676,cust_127050,2040.29,NETBANKING,13,2,0.1538,0,1,TIER_1_METRO,0.816,0,1,15,0
ord_61929747,cust_954214,3040.04,COD,4,0,0.0,0,1,TIER_1_METRO,0.738,1,1,14,0
ord_46132737,cust_594593,631.55,UPI,0,0,0.0,1,1,TIER_1_METRO,0.94,0,4,12,0
ord_99469241,cust_658031,703.34,UPI,8,0,0.0,0,1,TIER_1_METRO,0.632,0,3,6,0
ord_75505013,cust_134758,2372.18,COD,0,0,0.0,1,1,TIER_1_METRO,0.808,0,1,17,1
ord_77908581,cust_557782,1091.74,COD,0,0,0.0,1,1,TIER_3_HIGH_RISK,0.667,0,2,11,0
ord_33656190,cust_159353,1242.13,COD,5,0,0.0,0,1,TIER_2,0.79,0,2,10,1
ord_49698760,cust_877006,895.25,UPI,0,0,0.0,1,1,TIER_2,0.596,0,1,5,0
ord_58356322,cust_552829,560.09,UPI,7,2,0.2857,0,1,TIER_3_HIGH_RISK,0.5,2,1,0,0
ord_86743289,cust_189694,1290.16,UPI,7,0,0.0,0,1,TIER_2,0.766,0,2,20,0
ord_38208068,cust_709766,1503.2,COD,0,0,0.0,1,1,TIER_2,0.96,1,1,19,1
ord_45514731,cust_640209,1478.15,UPI,3,0,0.0,0,1,TIER_3_HIGH_RISK,0.605,0,3,20,1
ord_38911861,cust_325571,2467.78,UPI,9,0,0.0,0,3,TIER_1_METRO,0.795,0,2,5,0
ord_26623683,cust_516276,1350.88,COD,4,0,0.0,0,1,TIER_2,0.859,1,2,18,0
ord_42083981,cust_829221,2015.4,COD,7,0,0.0,0,1,TIER_3_HIGH_RISK,0.75,0,1,12,0
ord_24945225,cust_485453,1591.23,COD,0,0,0.0,1,1,TIER_1_METRO,0.711,1,3,1,0
ord_38026421,cust_391494,379.97,COD,0,0,0.0,1,2,TIER_1_METRO,0.894,1,2,10,0
ord_84294044,cust_847174,1032.93,COD,0,0,0.0,1,1,TIER_1_METRO,0.753,0,1,0,0
ord_40779669,cust_793983,3033.71,COD,0,0,0.0,1,1,TIER_1_METRO,0.722,1,1,5,0
ord_61584524,cust_854233,2011.79,COD,4,0,0.0,0,1,TIER_2,0.683,1,3,11,0
ord_56086355,cust_893350,6571.86,NETBANKING,2,0,0.0,0,1,TIER_3_HIGH_RISK,0.646,0,1,0,0
ord_73640087,cust_368821,2667.95,COD,2,0,0.0,0,5,TIER_1_METRO,0.891,0,1,21,1
ord_17903797,cust_373827,724.29,UPI,0,0,0.0,1,1,TIER_2,0.824,1,1,21,0
ord_85968554,cust_292527,249.0,COD,4,0,0.0,0,2,TIER_2,0.894,0,3,1,0
ord_23911580,cust_643765,3635.7,CARD,0,0,0.0,1,1,TIER_3_HIGH_RISK,0.551,0,1,7,0
ord_37713487,cust_208747,658.05,COD,0,0,0.0,1,1,TIER_1_METRO,0.956,1,1,20,0
ord_90884100,cust_312328,580.22,CARD,7,0,0.0,0,1,TIER_1_METRO,0.763,2,1,12,0
ord_79070841,cust_119158,6104.33,CARD,0,0,0.0,1,1,TIER_3_HIGH_RISK,0.604,2,1,21,0
ord_94310270,cust_724434,502.51,UPI,0,0,0.0,1,1,TIER_3_HIGH_RISK,0.579,0,1,13,0
ord_23881178,cust_101010,1218.11,COD,21,2,0.0952,0,1,TIER_2,0.873,0,1,1,1
ord_87809225,cust_613604,770.96,COD,0,0,0.0,1,1,TIER_2,0.632,3,2,13,1
ord_58006403,cust_753310,545.42,NETBANKING,12,0,0.0,0,1,TIER_2,0.653,1,5,8,0
ord_77667845,cust_397386,889.02,COD,0,0,0.0,1,1,TIER_1_METRO,0.71,0,3,18,0
ord_53563237,cust_261704,650.39,COD,2,1,0.5,0,1,TIER_3_HIGH_RISK,0.635,0,4,7,1
ord_33314292,cust_380926,470.91,COD,4,0,0.0,0,1,TIER_3_HIGH_RISK,0.788,0,1,18,0
ord_86914165,cust_573408,1241.7,UPI,0,0,0.0,1,1,TIER_2,0.574,0,2,12,0
ord_84087004,cust_644162,826.73,CARD,2,0,0.0,0,5,TIER_1_METRO,0.81,0,1,15,1
ord_55787926,cust_386342,492.14,COD,7,0,0.0,0,1,TIER_2,0.935,2,1,13,0
ord_38197770,cust_806168,2895.22,COD,5,1,0.2,0,2,TIER_3_HIGH_RISK,0.743,0,1,23,1
ord_14854042,cust_789331,2271.5,COD,24,0,0.0,0,3,TIER_3_HIGH_RISK,0.849,0,2,4,1
ord_50271958,cust_852345,402.56,UPI,5,0,0.0,0,2,TIER_3_HIGH_RISK,0.761,1,1,4,0
ord_23824880,cust_261101,3383.74,CARD,0,0,0.0,1,1,TIER_1_METRO,0.836,1,2,0,0
ord_66294783,cust_921681,2546.56,CARD,0,0,0.0,1,1,TIER_2,0.598,0,1,7,0
ord_67055419,cust_255647,544.32,CARD,0,0,0.0,1,1,TIER_1_METRO,0.843,0,2,19,0
ord_24886781,cust_787887,958.95,UPI,5,0,0.0,0,1,TIER_2,0.821,2,1,1,0
ord_34522289,cust_683224,3267.2,COD,10,0,0.0,0,3,TIER_3_HIGH_RISK,0.689,1,1,14,0
ord_59875124,cust_158126,1300.54,COD,7,0,0.0,0,1,TIER_3_HIGH_RISK,0.826,0,1,7,0
ord_97753263,cust_715839,2964.99,UPI,7,0,0.0,0,1,TIER_1_METRO,0.946,1,1,17,0
ord_40687424,cust_224750,908.39,COD,4,0,0.0,0,1,TIER_1_METRO,0.423,3,1,1,0
ord_61430350,cust_632589,1597.05,COD,15,4,0.2667,0,1,TIER_1_METRO,0.661,1,5,9,0
ord_81140328,cust_625418,2895.96,UPI,0,0,0.0,1,4,TIER_2,0.757,0,1,9,0
ord_96395043,cust_821841,859.18,COD,0,0,0.0,1,1,TIER_1_METRO,0.623,0,1,21,0
ord_66406173,cust_416376,1009.95,UPI,9,0,0.0,0,1,TIER_2,0.948,1,1,9,0
ord_51969159,cust_355604,1065.62,COD,7,0,0.0,0,1,TIER_3_HIGH_RISK,0.502,2,1,2,0
ord_32228367,cust_808985,853.99,COD,0,0,0.0,1,1,TIER_2,0.833,0,1,20,0
ord_52029609,cust_816816,2463.3,UPI,3,0,0.0,0,1,TIER_2,0.669,2,1,11,1
ord_44372840,cust_797946,2246.32,CARD,0,0,0.0,1,1,TIER_3_HIGH_RISK,0.764,3,4,2,0
ord_82213002,cust_371056,1555.95,COD,18,0,0.0,0,1,TIER_1_METRO,0.677,0,1,6,0
ord_80526796,cust_108947,2547.25,UPI,0,0,0.0,1,1,TIER_1_METRO,0.837,3,4,10,0
ord_11074961,cust_359111,699.72,COD,0,0,0.0,1,1,TIER_1_METRO,0.838,2,2,18,1
ord_57461456,cust_383635,2807.06,UPI,0,0,0.0,1,2,TIER_3_HIGH_RISK,0.671,0,2,9,0
ord_53681707,cust_294555,1646.6,COD,0,0,0.0,1,1,TIER_3_HIGH_RISK,0.823,1,1,5,1
ord_22602694,cust_217574,4757.53,UPI,7,0,0.0,0,1,TIER_1_METRO,0.353,0,1,20,0
ord_43467508,cust_349222,834.75,CARD,12,1,0.0833,0,2,TIER_3_HIGH_RISK,0.284,2,1,8,1
ord_62233859,cust_476304,1319.79,UPI,1,0,0.0,0,2,TIER_3_HIGH_RISK,0.328,0,1,11,1
ord_32922481,cust_850506,2678.74,COD,3,0,0.0,0,1,TIER_2,0.813,0,4,9,0
ord_18589747,cust_581891,3551.54,CARD,25,0,0.0,0,1,TIER_3_HIGH_RISK,0.489,1,2,8,0
ord_10571650,cust_132556,587.42,COD,0,0,0.0,1,1,TIER_3_HIGH_RISK,0.701,0,2,22,1
ord_87128441,cust_181468,1038.16,COD,5,0,0.0,0,1,TIER_3_HIGH_RISK,0.779,1,1,8,0
ord_16257838,cust_117038,1647.18,COD,0,0,0.0,1,1,TIER_1_METRO,0.708,1,1,3,1
ord_19714891,cust_848081,1031.63,COD,0,0,0.0,1,1,TIER_2,0.921,0,5,15,0
ord_53441158,cust_459271,549.07,COD,9,0,0.0,0,1,TIER_3_HIGH_RISK,0.617,0,1,2,1
ord_16337479,cust_594090,2232.4,COD,13,0,0.0,0,1,TIER_1_METRO,0.939,0,1,21,0
ord_74089735,cust_485198,249.0,COD,0,0,0.0,1,2,TIER_1_METRO,0.914,1,3,15,0
ord_79975656,cust_545185,2054.04,UPI,5,0,0.0,0,1,TIER_2,0.496,0,2,8,0
ord_17039879,cust_663961,4677.37,CARD,7,0,0.0,0,1,TIER_2,0.684,0,1,3,0
ord_13344769,cust_106402,1461.98,COD,0,0,0.0,1,1,TIER_2,0.904,0,1,23,0
ord_61772000,cust_172981,487.86,COD,0,0,0.0,1,1,TIER_2,0.672,0,1,14,1
ord_60316725,cust_995846,602.05,COD,11,0,0.0,0,1,TIER_2,0.985,0,2,6,0
ord_74841271,cust_904099,927.9,COD,0,0,0.0,1,1,TIER_2,0.724,0,2,15,0
ord_14197739,cust_599727,1447.31,UPI,2,0,0.0,0,1,TIER_1_METRO,0.929,0,1,8,0
ord_34509968,cust_767482,2054.5,UPI,4,0,0.0,0,1,TIER_1_METRO,0.502,2,1,16,0
ord_14777421,cust_212364,2675.65,COD,0,0,0.0,1,1,TIER_1_METRO,0.949,0,3,15,0
ord_39449015,cust_953707,740.74,COD,0,0,0.0,1,1,TIER_3_HIGH_RISK,0.757,0,3,3,0
ord_77973509,cust_249712,2524.92,CARD,3,0,0.0,0,1,TIER_3_HIGH_RISK,0.263,2,1,2,1
ord_33284856,cust_364946,461.18,UPI,0,0,0.0,1,1,TIER_2,0.639,0,1,14,0
ord_14809073,cust_294164,1008.33,COD,0,0,0.0,1,1,TIER_2,0.821,0,5,4,0
ord_40912354,cust_631088,8775.51,CARD,3,0,0.0,0,1,TIER_3_HIGH_RISK,0.604,0,1,1,0
ord_57118304,cust_870376,3382.81,UPI,1,1,1.0,0,1,TIER_2,0.88,0,2,3,1
ord_31407455,cust_244210,7741.88,COD,0,0,0.0,1,1,TIER_3_HIGH_RISK,0.702,2,1,13,1
ord_40141755,cust_616973,1330.22,CARD,5,0,0.0,0,2,TIER_1_METRO,0.61,2,1,19,0
ord_75062907,cust_982816,1795.02,COD,14,0,0.0,0,1,TIER_1_METRO,0.936,0,1,4,0
ord_44743570,cust_928008,919.11,COD,13,0,0.0,0,1,TIER_2,0.825,1,1,7,0
ord_81906791,cust_184946,1971.5,UPI,0,0,0.0,1,1,TIER_2,0.655,1,1,18,0
ord_68570763,cust_973705,1603.17,UPI,9,0,0.0,0,1,TIER_1_METRO,0.888,0,3,16,0
ord_87060804,cust_296591,3023.49,COD,8,0,0.0,0,1,TIER_1_METRO,0.596,0,2,14,0
ord_30481913,cust_291659,4559.82,COD,0,0,0.0,1,2,TIER_3_HIGH_RISK,0.401,0,1,1,1
ord_50205155,cust_860814,807.92,UPI,0,0,0.0,1,1,TIER_1_METRO,0.908,1,1,16,0
ord_79305138,cust_538894,2925.72,UPI,4,0,0.0,0,1,TIER_1_METRO,0.723,0,1,9,0
ord_18237180,cust_961354,945.98,UPI,0,0,0.0,1,1,TIER_2,0.913,0,1,13,0
ord_87941341,cust_665386,1057.61,NETBANKING,0,0,0.0,1,1,TIER_1_METRO,0.441,2,1,4,0
ord_64767376,cust_663725,622.67,UPI,0,0,0.0,1,1,TIER_1_METRO,0.761,0,2,5,0
ord_55658566,cust_840494,2160.94,COD,5,0,0.0,0,1,TIER_1_METRO,0.634,2,1,18,0
ord_51474142,cust_647678,397.48,UPI,2,0,0.0,0,1,TIER_2,0.786,0,1,10,0
ord_62075393,cust_853205,921.18,COD,1,0,0.0,0,1,TIER_1_METRO,0.839,1,2,1,0
ord_51156155,cust_530715,3396.48,UPI,2,0,0.0,0,1,TIER_1_METRO,0.467,0,1,13,0
ord_74138257,cust_276796,2290.23,UPI,1,1,1.0,0,1,TIER_3_HIGH_RISK,0.805,2,8,19,0
ord_33102222,cust_791805,1089.57,COD,9,0,0.0,0,1,TIER_1_METRO,0.631,3,1,6,0
ord_71104574,cust_812755,1746.27,COD,31,0,0.0,0,2,TIER_1_METRO,0.76,0,1,11,0
ord_88742439,cust_678800,932.42,COD,6,0,0.0,0,4,TIER_1_METRO,0.889,0,4,3,0
ord_13600957,cust_773641,1635.22,UPI,8,0,0.0,0,1,TIER_1_METRO,0.777,1,2,18,0
ord_96884858,cust_907827,670.81,UPI,0,0,0.0,1,1,TIER_2,0.836,0,1,9,0
ord_12378772,cust_953467,1925.1,UPI,13,1,0.0769,0,1,TIER_1_METRO,0.731,2,1,19,0
ord_76360176,cust_564133,2040.4,COD,5,0,0.0,0,1,TIER_3_HIGH_RISK,0.791,0,2,13,0
ord_92030463,cust_489203,1345.51,COD,6,0,0.0,0,1,TIER_2,0.866,1,1,22,0
ord_38348817,cust_995777,1307.34,UPI,9,0,0.0,0,2,TIER_3_HIGH_RISK,0.608,0,1,23,0
ord_41834022,cust_645965,1376.77,COD,0,0,0.0,1,1,TIER_2,0.826,1,4,19,0
ord_83640998,cust_932888,401.98,COD,2,0,0.0,0,1,TIER_1_METRO,0.95,0,1,23,0
ord_25052662,cust_599845,495.15,COD,0,0,0.0,1,1,TIER_1_METRO,0.494,0,1,0,1
ord_36552476,cust_228514,656.99,UPI,0,0,0.0,1,1,TIER_2,0.863,0,3,16,0
ord_64258013,cust_816123,1545.26,COD,8,1,0.125,0,1,TIER_2,0.872,0,1,13,0
ord_45577294,cust_725497,692.12,COD,6,1,0.1667,0,4,TIER_3_HIGH_RISK,0.621,0,2,6,1
ord_32186567,cust_495386,421.9,UPI,0,0,0.0,1,1,TIER_3_HIGH_RISK,0.804,0,3,2,0
ord_37915002,cust_174319,910.19,UPI,0,0,0.0,1,1,TIER_1_METRO,0.702,2,2,20,0
ord_48546764,cust_251117,1484.72,UPI,15,3,0.2,0,1,TIER_2,0.871,2,3,12,0
ord_23200674,cust_484934,1706.93,UPI,0,0,0.0,1,1,TIER_2,0.624,0,1,9,0
ord_50739304,cust_705109,3276.23,UPI,0,0,0.0,1,1,TIER_1_METRO,0.629,0,2,4,0
ord_78911330,cust_584365,1140.22,COD,0,0,0.0,1,1,TIER_3_HIGH_RISK,0.81,1,1,3,1
ord_44575901,cust_160021,6277.35,COD,0,0,0.0,1,1,TIER_3_HIGH_RISK,0.397,1,3,22,1
ord_31884601,cust_350690,825.66,CARD,0,0,0.0,1,1,TIER_2,0.759,1,1,21,0
ord_46114822,cust_559173,2299.61,UPI,0,0,0.0,1,1,TIER_1_METRO,0.844,0,2,10,0
ord_32148023,cust_532911,2980.28,UPI,10,1,0.1,0,1,TIER_1_METRO,0.909,1,2,21,0
ord_55837139,cust_793948,1083.02,COD,0,0,0.0,1,1,TIER_1_METRO,0.929,1,1,13,0
ord_35592498,cust_979094,2319.07,COD,4,1,0.25,0,1,TIER_1_METRO,0.84,1,3,7,1
ord_61628164,cust_613271,620.92,COD,12,1,0.0833,0,1,TIER_3_HIGH_RISK,0.744,0,1,20,1
ord_98400233,cust_101304,617.41,UPI,3,0,0.0,0,1,TIER_2,0.782,1,1,3,0
ord_66258631,cust_168446,1824.72,COD,7,0,0.0,0,4,TIER_1_METRO,0.706,1,2,13,0
ord_73886608,cust_155041,516.99,UPI,12,1,0.0833,0,1,TIER_1_METRO,0.598,2,1,1,0
ord_62488928,cust_810938,939.88,CARD,10,1,0.1,0,1,TIER_1_METRO,0.656,0,2,17,0
ord_18336900,cust_312736,381.17,UPI,10,0,0.0,0,1,TIER_1_METRO,0.735,0,1,3,0
ord_17538009,cust_388155,808.87,COD,2,0,0.0,0,1,TIER_3_HIGH_RISK,0.715,0,1,13,1
ord_69727147,cust_198908,2584.52,COD,7,0,0.0,0,1,TIER_1_METRO,0.796,1,3,10,0
ord_22762750,cust_348290,768.51,UPI,14,2,0.1429,0,1,TIER_3_HIGH_RISK,0.686,0,2,1,0
ord_11103183,cust_526954,1442.25,COD,6,0,0.0,0,1,TIER_3_HIGH_RISK,0.545,1,2,9,0
ord_50951660,cust_576535,1895.21,COD,0,0,0.0,1,1,TIER_2,0.881,1,2,16,1
ord_99252066,cust_782637,2888.73,COD,0,0,0.0,1,1,TIER_3_HIGH_RISK,0.417,1,2,2,1
ord_31680041,cust_789182,675.6,COD,13,0,0.0,0,2,TIER_1_METRO,0.759,0,1,8,0
ord_87365163,cust_887557,791.33,UPI,6,0,0.0,0,1,TIER_1_METRO,0.666,3,4,10,0
ord_53558992,cust_481136,899.65,COD,3,0,0.0,0,2,TIER_2,0.575,1,3,23,0
ord_64373330,cust_868021,1432.64,UPI,0,0,0.0,1,1,TIER_1_METRO,0.838,2,1,5,0
ord_26016792,cust_209620,1570.13,COD,0,0,0.0,1,1,TIER_1_METRO,0.833,1,2,8,0
ord_90028015,cust_333542,705.28,UPI,8,1,0.125,0,1,TIER_1_METRO,0.833,2,2,8,0
ord_35623125,cust_450733,1128.79,COD,15,0,0.0,0,2,TIER_2,0.874,0,5,8,0
ord_74387158,cust_344985,586.88,COD,0,0,0.0,1,1,TIER_3_HIGH_RISK,0.711,3,1,13,1
ord_30560091,cust_725122,1055.78,COD,0,0,0.0,1,1,TIER_3_HIGH_RISK,0.698,0,1,12,1
ord_24517702,cust_811525,566.65,CARD,0,0,0.0,1,2,TIER_1_METRO,0.947,0,2,23,0
ord_41278965,cust_861319,3821.31,UPI,4,0,0.0,0,2,TIER_1_METRO,0.884,0,1,6,0
ord_87951366,cust_753479,987.51,UPI,0,0,0.0,1,1,TIER_1_METRO,0.768,2,1,21,0
ord_45980027,cust_386736,1193.46,COD,2,0,0.0,0,1,TIER_1_METRO,0.698,1,4,1,0
ord_12780877,cust_594090,772.66,UPI,24,4,0.1667,0,1,TIER_1_METRO,0.464,2,1,0,0
ord_35645793,cust_417164,2080.75,COD,16,0,0.0,0,1,TIER_1_METRO,0.887,0,1,21,0
ord_82709214,cust_627343,642.95,UPI,9,0,0.0,0,1,TIER_1_METRO,0.808,0,2,4,0
ord_89273157,cust_632374,819.96,UPI,12,2,0.1667,0,3,TIER_3_HIGH_RISK,0.738,2,1,8,1
ord_45360855,cust_553498,666.05,COD,0,0,0.0,1,1,TIER_1_METRO,0.862,0,1,9,0
ord_76556571,cust_481598,654.47,UPI,3,0,0.0,0,1,TIER_1_METRO,0.937,0,1,3,0
ord_34993085,cust_795047,915.0,COD,0,0,0.0,1,1,TIER_3_HIGH_RISK,0.77,2,2,7,1
ord_94231510,cust_407967,611.98,UPI,10,0,0.0,0,2,TIER_1_METRO,0.991,0,1,18,0
ord_66186156,cust_282642,1016.8,COD,2,0,0.0,0,2,TIER_1_METRO,0.748,1,1,22,0
ord_42033050,cust_539179,966.57,UPI,0,0,0.0,1,1,TIER_3_HIGH_RISK,0.638,0,2,18,1
ord_99148776,cust_187007,982.62,COD,6,0,0.0,0,1,TIER_1_METRO,0.985,0,1,23,0
ord_62421532,cust_176593,1161.72,COD,0,0,0.0,1,1,TIER_3_HIGH_RISK,0.884,1,2,13,0
ord_52758171,cust_687453,1908.45,NETBANKING,4,1,0.25,0,1,TIER_3_HIGH_RISK,0.848,1,3,15,1
ord_64407485,cust_113869,1682.96,COD,0,0,0.0,1,1,TIER_1_METRO,0.578,1,1,2,0
ord_52616258,cust_152494,1297.21,UPI,21,0,0.0,0,1,TIER_3_HIGH_RISK,0.451,1,2,18,0
ord_36270139,cust_759012,6774.12,COD,4,0,0.0,0,1,TIER_2,0.957,1,2,17,0
ord_48187510,cust_496742,634.52,UPI,7,0,0.0,0,4,TIER_2,0.946,2,4,11,1
ord_12844664,cust_392428,1173.59,COD,1,0,0.0,0,1,TIER_3_HIGH_RISK,0.763,0,3,20,0
ord_97764530,cust_157429,1774.42,UPI,4,0,0.0,0,1,TIER_1_METRO,0.841,1,1,21,0
ord_13218451,cust_269645,2080.59,COD,8,0,0.0,0,5,TIER_1_METRO,0.807,0,3,0,1
ord_46046153,cust_629951,249.0,COD,0,0,0.0,1,2,TIER_3_HIGH_RISK,0.537,2,2,0,1
ord_26770274,cust_420404,6504.74,COD,2,0,0.0,0,1,TIER_3_HIGH_RISK,0.693,0,4,10,1
ord_46898446,cust_220388,1164.29,COD,11,1,0.0909,0,1,TIER_2,0.886,1,2,16,0
ord_59896930,cust_581615,4170.98,UPI,0,0,0.0,1,1,TIER_1_METRO,0.625,1,1,12,0
ord_40555353,cust_682456,562.39,CARD,7,0,0.0,0,1,TIER_2,0.885,0,2,20,0
ord_25614708,cust_114674,510.47,COD,11,1,0.0909,0,3,TIER_2,0.838,3,1,10,1
ord_20201961,cust_172264,955.21,COD,0,0,0.0,1,1,TIER_1_METRO,0.517,0,2,23,0
ord_66972561,cust_781014,688.99,CARD,0,0,0.0,1,1,TIER_1_METRO,0.843,0,1,8,0
ord_98135029,cust_993683,4234.95,COD,17,1,0.0588,0,2,TIER_1_METRO,0.746,0,4,21,1
ord_35771086,cust_922412,1513.35,UPI,5,0,0.0,0,1,TIER_3_HIGH_RISK,0.799,1,1,0,0
ord_49550234,cust_339434,2034.88,COD,12,0,0.0,0,1,TIER_3_HIGH_RISK,0.472,0,1,18,1
ord_14521373,cust_372951,3080.38,COD,0,0,0.0,1,2,TIER_2,0.854,1,1,17,1
ord_84122247,cust_796042,696.66,NETBANKING,0,0,0.0,1,1,TIER_2,0.93,0,3,18,0
ord_72701639,cust_623324,609.26,COD,0,0,0.0,1,3,TIER_1_METRO,0.766,1,1,4,1
ord_45272994,cust_100068,1077.71,UPI,3,1,0.3333,0,3,TIER_2,0.62,0,1,17,0
ord_16427095,cust_880985,541.27,COD,3,0,0.0,0,3,TIER_2,0.689,0,2,19,1
ord_34374819,cust_606634,1969.87,COD,5,0,0.0,0,1,TIER_1_METRO,0.884,0,1,11,0
ord_35146282,cust_772818,1502.59,COD,6,0,0.0,0,1,TIER_1_METRO,0.805,1,1,13,0
ord_38863059,cust_773033,249.0,COD,4,0,0.0,0,3,TIER_2,0.692,2,3,21,0
ord_84170047,cust_796403,2361.62,COD,6,0,0.0,0,1,TIER_3_HIGH_RISK,0.486,0,2,4,0
ord_87797929,cust_837605,2602.8,UPI,0,0,0.0,1,1,TIER_2,0.864,2,2,11,0
ord_11643083,cust_758565,3718.43,UPI,23,0,0.0,0,1,TIER_1_METRO,0.888,0,1,11,0
ord_42254832,cust_376925,3339.23,UPI,0,0,0.0,1,1,TIER_2,0.954,0,1,14,0
ord_59987331,cust_807852,2970.7,UPI,0,0,0.0,1,1,TIER_3_HIGH_RISK,0.757,1,1,7,0
ord_98519250,cust_615182,371.25,COD,7,0,0.0,0,1,TIER_2,0.814,0,1,16,0
ord_36356226,cust_324320,776.83,COD,0,0,0.0,1,1,TIER_2,0.699,0,1,19,1
ord_16629383,cust_163131,5836.31,UPI,6,0,0.0,0,1,TIER_2,0.829,1,2,7,0
ord_50373185,cust_347368,548.69,COD,0,0,0.0,1,1,TIER_2,0.418,0,1,4,1
ord_50775846,cust_815974,1070.17,CARD,4,0,0.0,0,1,TIER_1_METRO,0.865,0,1,4,0
ord_61396289,cust_876827,1562.1,UPI,3,0,0.0,0,2,TIER_1_METRO,0.676,0,2,13,0
ord_32822482,cust_626854,2974.2,UPI,11,0,0.0,0,1,TIER_1_METRO,0.667,0,2,5,0
ord_69057625,cust_317789,1475.06,COD,2,0,0.0,0,1,TIER_3_HIGH_RISK,0.649,0,1,2,0
ord_45499173,cust_637831,951.29,CARD,12,1,0.0833,0,1,TIER_3_HIGH_RISK,0.377,0,1,14,1
ord_71289177,cust_949093,249.0,CARD,6,0,0.0,0,1,TIER_2,0.706,3,1,2,0
ord_90634498,cust_456450,865.24,COD,0,0,0.0,1,1,TIER_2,0.314,1,1,19,0
ord_48249586,cust_250193,4044.4,COD,22,11,0.5,0,2,TIER_2,0.922,1,2,13,1
ord_20698925,cust_708976,416.08,UPI,1,0,0.0,0,1,TIER_3_HIGH_RISK,0.607,0,1,2,0
ord_63838793,cust_859864,5653.73,COD,4,0,0.0,0,1,TIER_2,0.692,2,1,20,1
ord_34755666,cust_826808,627.67,COD,12,0,0.0,0,1,TIER_1_METRO,0.554,1,2,2,0
ord_36522082,cust_667942,2543.6,COD,0,0,0.0,1,1,TIER_3_HIGH_RISK,0.775,1,1,20,1
ord_12126861,cust_482378,1398.32,COD,5,0,0.0,0,4,TIER_2,0.686,0,1,22,1
ord_91683112,cust_481150,2180.74,UPI,3,0,0.0,0,1,TIER_2,0.517,0,1,5,0
ord_48063840,cust_430492,1247.02,COD,10,0,0.0,0,1,TIER_3_HIGH_RISK,0.509,0,2,4,1
ord_71521116,cust_423573,2991.98,UPI,5,1,0.2,0,1,TIER_2,0.631,1,1,20,0
ord_57712603,cust_913459,635.66,NETBANKING,9,0,0.0,0,1,TIER_1_METRO,0.954,0,1,6,0
ord_72887188,cust_964384,329.88,UPI,3,0,0.0,0,1,TIER_2,0.745,0,1,17,0
ord_21360589,cust_840400,1927.78,UPI,0,0,0.0,1,1,TIER_2,0.537,1,1,18,1
ord_81531065,cust_500036,1123.96,CARD,7,0,0.0,0,1,TIER_1_METRO,0.705,2,1,2,0
ord_10442939,cust_273453,803.63,COD,9,0,0.0,0,1,TIER_1_METRO,0.639,3,1,4,1
ord_69596260,cust_176730,313.49,COD,0,0,0.0,1,2,TIER_3_HIGH_RISK,0.76,0,1,11,0
ord_73499569,cust_330083,357.88,COD,0,0,0.0,1,1,TIER_1_METRO,0.796,0,5,0,0
ord_79056102,cust_557199,1659.96,CARD,6,0,0.0,0,1,TIER_3_HIGH_RISK,0.442,2,8,21,0
ord_33424070,cust_243274,714.66,UPI,2,0,0.0,0,2,TIER_1_METRO,0.873,1,1,8,0
ord_95948704,cust_758432,2689.67,COD,2,0,0.0,0,1,TIER_1_METRO,0.881,0,1,22,0
ord_99743189,cust_272391,826.92,UPI,5,1,0.2,0,3,TIER_1_METRO,0.675,0,2,15,0
ord_26948452,cust_651936,2244.83,CARD,14,1,0.0714,0,1,TIER_1_METRO,0.748,2,1,21,0
ord_76328844,cust_604642,1969.91,COD,0,0,0.0,1,1,TIER_1_METRO,0.885,1,2,4,0
ord_38190067,cust_664493,548.29,UPI,3,0,0.0,0,1,TIER_3_HIGH_RISK,0.872,0,4,15,0
ord_50411036,cust_170975,1290.93,COD,23,0,0.0,0,1,TIER_3_HIGH_RISK,0.503,2,1,19,0
ord_49443226,cust_341024,1525.77,COD,5,0,0.0,0,1,TIER_1_METRO,0.958,0,3,16,0
ord_49092355,cust_277589,1700.13,COD,5,0,0.0,0,1,TIER_1_METRO,0.472,0,1,13,0
ord_66530628,cust_109495,3260.87,COD,0,0,0.0,1,2,TIER_1_METRO,0.644,2,1,14,1
ord_19179279,cust_956842,606.04,COD,0,0,0.0,1,1,TIER_1_METRO,0.687,0,2,23,0
ord_38735942,cust_307096,2437.19,CARD,2,0,0.0,0,1,TIER_1_METRO,0.895,1,1,16,0
ord_50824950,cust_820763,731.9,COD,0,0,0.0,1,1,TIER_2,0.783,0,1,20,0
ord_97338581,cust_690238,2410.89,COD,0,0,0.0,1,1,TIER_2,0.767,1,2,15,0
ord_53270918,cust_544194,879.3,UPI,0,0,0.0,1,1,TIER_3_HIGH_RISK,0.736,1,1,1,0
ord_23867431,cust_111675,2264.37,COD,0,0,0.0,1,1,TIER_2,0.792,2,2,0,0
ord_95303311,cust_941113,2093.61,UPI,0,0,0.0,1,1,TIER_1_METRO,0.818,0,1,22,0
ord_75166972,cust_693684,1541.0,COD,5,0,0.0,0,1,TIER_2,0.865,1,1,11,0
ord_40712798,cust_533467,2636.73,COD,1,0,0.0,0,2,TIER_2,0.858,0,2,13,0
ord_97927856,cust_943399,1173.9,UPI,5,0,0.0,0,1,TIER_2,0.509,0,4,4,0
ord_86635085,cust_721835,2335.49,COD,3,1,0.3333,0,1,TIER_2,0.986,0,1,8,0
ord_11079037,cust_468522,280.02,CARD,0,0,0.0,1,3,TIER_3_HIGH_RISK,0.754,0,1,17,1
ord_99948213,cust_506743,1438.71,UPI,11,1,0.0909,0,2,TIER_3_HIGH_RISK,0.696,2,1,16,1
ord_89978229,cust_976265,1821.91,UPI,0,0,0.0,1,1,TIER_1_METRO,0.84,0,1,8,0
ord_41614514,cust_289219,1344.9,CARD,0,0,0.0,1,1,TIER_2,0.943,2,3,11,0
ord_64326176,cust_869129,985.6,COD,5,0,0.0,0,1,TIER_1_METRO,0.67,2,3,14,0
ord_84358466,cust_391162,548.55,UPI,0,0,0.0,1,1,TIER_1_METRO,0.945,0,1,5,0
ord_97588498,cust_479575,1982.93,COD,10,0,0.0,0,2,TIER_2,0.982,0,2,12,0
ord_41920786,cust_192814,1708.39,UPI,7,1,0.1429,0,2,TIER_3_HIGH_RISK,0.525,0,1,9,1
ord_16152941,cust_478630,3013.46,UPI,4,0,0.0,0,2,TIER_1_METRO,0.8,2,2,14,0
ord_56015290,cust_377972,716.85,CARD,0,0,0.0,1,2,TIER_1_METRO,0.691,0,1,11,0
ord_23938810,cust_156764,1434.45,COD,16,2,0.125,0,1,TIER_2,0.733,0,3,20,0
ord_51672086,cust_545170,421.74,UPI,0,0,0.0,1,1,TIER_1_METRO,0.776,0,1,3,0
ord_88838024,cust_665260,2608.29,CARD,0,0,0.0,1,2,TIER_3_HIGH_RISK,0.246,2,1,12,0
ord_34435422,cust_575890,1221.44,COD,0,0,0.0,1,1,TIER_1_METRO,0.954,1,3,16,0
ord_36201526,cust_893449,555.27,COD,0,0,0.0,1,1,TIER_2,0.863,0,3,18,1
ord_68406092,cust_659421,728.56,NETBANKING,0,0,0.0,1,1,TIER_1_METRO,0.923,0,3,20,0
ord_31970758,cust_749086,1879.24,CARD,4,0,0.0,0,1,TIER_1_METRO,0.573,1,1,16,0
ord_17349336,cust_900484,712.22,COD,9,0,0.0,0,1,TIER_2,0.72,1,4,11,0
ord_21511913,cust_998817,481.61,COD,6,0,0.0,0,1,TIER_1_METRO,0.859,0,4,20,0
ord_10277834,cust_942757,1100.04,COD,0,0,0.0,1,2,TIER_2,0.901,0,1,22,0
ord_87859104,cust_744938,686.54,UPI,1,0,0.0,0,1,TIER_1_METRO,0.464,3,1,8,0
ord_96621344,cust_231590,415.42,UPI,0,0,0.0,1,1,TIER_2,0.902,2,4,7,0
ord_30699597,cust_671350,593.77,UPI,3,0,0.0,0,2,TIER_2,0.908,0,1,4,0
ord_47396843,cust_479590,1616.67,COD,4,0,0.0,0,1,TIER_2,0.736,2,4,8,1
ord_82123341,cust_842068,739.06,UPI,2,0,0.0,0,3,TIER_3_HIGH_RISK,0.773,0,2,20,0
ord_45545799,cust_217957,1719.72,COD,0,0,0.0,1,2,TIER_2,0.593,0,4,13,1
ord_72176709,cust_339901,603.51,CARD,0,0,0.0,1,1,TIER_2,0.759,0,1,5,0
ord_75896971,cust_263396,251.7,COD,5,0,0.0,0,3,TIER_1_METRO,0.861,0,4,18,0
ord_84394251,cust_267820,1499.61,UPI,0,0,0.0,1,2,TIER_2,0.97,0,1,6,0
ord_79198496,cust_970556,2153.74,UPI,0,0,0.0,1,2,TIER_3_HIGH_RISK,0.669,0,2,22,1
ord_13049307,cust_811423,1062.59,UPI,6,1,0.1667,0,1,TIER_3_HIGH_RISK,0.772,0,1,7,0
ord_82412984,cust_627703,1366.76,UPI,0,0,0.0,1,1,TIER_3_HIGH_RISK,0.764,1,1,10,0
ord_95536455,cust_810093,4448.07,UPI,5,0,0.0,0,2,TIER_1_METRO,0.941,2,3,6,0
ord_30218082,cust_882734,853.19,COD,5,0,0.0,0,2,TIER_3_HIGH_RISK,0.754,1,2,19,1
ord_96845550,cust_210210,2628.64,CARD,0,0,0.0,1,1,TIER_1_METRO,0.916,0,1,23,0
ord_65398763,cust_837816,6130.38,COD,10,0,0.0,0,5,TIER_2,0.682,0,1,10,0
ord_64980940,cust_865604,1326.59,COD,6,0,0.0,0,1,TIER_2,0.717,1,1,22,0
ord_85433742,cust_612813,688.93,UPI,6,0,0.0,0,1,TIER_3_HIGH_RISK,0.789,0,1,13,0
ord_69042154,cust_656614,513.95,COD,7,0,0.0,0,1,TIER_3_HIGH_RISK,0.697,2,4,15,1
ord_54005127,cust_471983,2115.99,COD,11,0,0.0,0,1,TIER_3_HIGH_RISK,0.747,0,1,19,1
ord_60023219,cust_812502,1253.23,COD,4,0,0.0,0,4,TIER_2,0.773,0,3,5,0
ord_35435339,cust_194841,2734.69,COD,15,1,0.0667,0,1,TIER_3_HIGH_RISK,0.356,0,3,16,1
ord_28112400,cust_727248,2532.84,UPI,0,0,0.0,1,1,TIER_3_HIGH_RISK,0.453,1,1,1,0
ord_67099974,cust_994759,2435.53,UPI,7,2,0.2857,0,1,TIER_2,0.802,0,1,13,0
ord_73904076,cust_422195,2171.14,COD,16,0,0.0,0,1,TIER_1_METRO,0.335,0,1,16,0
ord_74164715,cust_427526,738.01,COD,9,2,0.2222,0,1,TIER_1_METRO,0.901,0,2,5,0
ord_30213221,cust_296398,2176.78,COD,15,0,0.0,0,1,TIER_3_HIGH_RISK,0.654,0,1,14,0
ord_75875125,cust_237693,1192.35,COD,0,0,0.0,1,1,TIER_3_HIGH_RISK,0.586,2,1,22,1
ord_47723927,cust_433638,650.28,COD,23,0,0.0,0,1,TIER_2,0.811,2,1,22,0
ord_89283560,cust_891583,1162.1,COD,8,1,0.125,0,1,TIER_1_METRO,0.813,1,1,0,0
ord_13889453,cust_213827,1264.06,UPI,0,0,0.0,1,3,TIER_2,0.719,1,1,3,0
ord_33643900,cust_798002,369.36,COD,3,0,0.0,0,3,TIER_2,0.631,0,1,9,1
ord_56660816,cust_478358,1318.65,COD,0,0,0.0,1,1,TIER_2,0.927,1,1,21,0
ord_87840866,cust_718519,984.7,COD,5,0,0.0,0,1,TIER_1_METRO,0.813,0,2,1,0
ord_59285503,cust_695654,401.19,COD,0,0,0.0,1,5,TIER_1_METRO,0.744,2,2,6,1
ord_23211492,cust_878459,3939.43,COD,1,0,0.0,0,1,TIER_1_METRO,0.644,0,1,22,0
ord_48243565,cust_774659,2793.14,CARD,2,0,0.0,0,1,TIER_2,0.863,0,3,21,0
ord_80721464,cust_531030,1083.98,COD,5,0,0.0,0,3,TIER_3_HIGH_RISK,0.666,1,1,11,0
ord_16210715,cust_247349,9426.89,COD,0,0,0.0,1,2,TIER_1_METRO,0.985,0,1,5,1
ord_54066131,cust_723295,2397.82,COD,0,0,0.0,1,1,TIER_2,0.766,0,1,9,0
ord_15184502,cust_620335,699.43,NETBANKING,0,0,0.0,1,1,TIER_2,0.952,3,1,9,0
ord_14973198,cust_225074,1890.13,COD,0,0,0.0,1,1,TIER_2,0.781,2,1,10,0
ord_85086712,cust_455694,2777.34,COD,0,0,0.0,1,1,TIER_1_METRO,0.887,0,1,8,0
ord_27667864,cust_755347,3941.47,UPI,0,0,0.0,1,1,TIER_2,0.402,0,3,16,0
ord_31185116,cust_892420,488.4,COD,0,0,0.0,1,1,TIER_3_HIGH_RISK,0.797,2,2,18,1
ord_27406301,cust_324310,1787.95,COD,0,0,0.0,1,1,TIER_2,0.835,0,1,19,1
ord_37701434,cust_176970,1076.45,CARD,0,0,0.0,1,2,TIER_1_METRO,0.813,0,2,1,0
ord_71642585,cust_800136,612.37,UPI,5,0,0.0,0,1,TIER_2,0.827,0,4,18,0
ord_63152706,cust_554064,2643.94,UPI,1,0,0.0,0,1,TIER_2,0.752,0,1,9,1
ord_51142405,cust_770392,637.75,UPI,0,0,0.0,1,2,TIER_1_METRO,0.631,0,2,0,0
ord_76333298,cust_102700,778.77,COD,5,0,0.0,0,1,TIER_2,0.716,0,1,4,0
ord_26912240,cust_877277,735.57,COD,0,0,0.0,1,1,TIER_1_METRO,0.626,1,1,13,0
ord_92932418,cust_152335,379.37,CARD,10,0,0.0,0,3,TIER_1_METRO,0.77,0,3,6,0
ord_47851687,cust_995118,1306.11,UPI,0,0,0.0,1,1,TIER_3_HIGH_RISK,0.583,0,3,4,0
ord_12691207,cust_351673,1696.21,COD,0,0,0.0,1,1,TIER_1_METRO,0.729,1,4,11,0
ord_17946155,cust_529857,592.37,UPI,6,0,0.0,0,1,TIER_2,0.657,0,3,18,0
ord_91275932,cust_725703,488.62,CARD,7,0,0.0,0,1,TIER_2,0.861,0,1,14,0
ord_92743066,cust_317759,2033.55,COD,3,0,0.0,0,4,TIER_2,0.889,0,2,7,1
ord_78137328,cust_374346,1409.33,COD,11,0,0.0,0,1,TIER_1_METRO,0.526,1,2,15,0
ord_48689071,cust_459373,281.24,UPI,0,0,0.0,1,1,TIER_1_METRO,0.957,0,4,23,0
ord_46989387,cust_207437,3270.05,UPI,0,0,0.0,1,1,TIER_1_METRO,0.878,0,2,6,1
ord_53369428,cust_221139,1467.23,COD,6,1,0.1667,0,4,TIER_2,0.597,1,4,0,1
ord_29948769,cust_651302,1502.59,UPI,0,0,0.0,1,1,TIER_1_METRO,0.725,2,3,11,0
ord_22976357,cust_377085,4465.32,CARD,0,0,0.0,1,7,TIER_2,0.903,0,2,21,1
ord_47305845,cust_262246,1657.07,COD,6,0,0.0,0,1,TIER_3_HIGH_RISK,0.691,0,1,16,1
ord_32573102,cust_316879,1936.74,COD,0,0,0.0,1,3,TIER_3_HIGH_RISK,0.638,0,1,7,1
ord_47814054,cust_282572,1463.92,COD,0,0,0.0,1,1,TIER_3_HIGH_RISK,0.685,0,2,9,0
ord_77886431,cust_826043,889.08,UPI,18,0,0.0,0,1,TIER_3_HIGH_RISK,0.56,0,2,8,0
ord_64889533,cust_993708,6851.66,UPI,0,0,0.0,1,1,TIER_2,0.584,0,3,20,0
ord_83110691,cust_595019,1466.86,COD,6,0,0.0,0,1,TIER_2,0.827,2,1,18,0
ord_44690510,cust_751718,1176.72,NETBANKING,0,0,0.0,1,1,TIER_1_METRO,0.879,0,1,4,0
ord_61276001,cust_909669,896.24,COD,6,0,0.0,0,1,TIER_1_METRO,0.857,0,1,2,0
ord_23975270,cust_176939,770.97,UPI,15,2,0.1333,0,1,TIER_3_HIGH_RISK,0.833,0,1,19,0
ord_82586494,cust_847750,1977.11,COD,14,0,0.0,0,1,TIER_3_HIGH_RISK,0.684,0,3,12,0
ord_94504547,cust_483829,877.79,CARD,0,0,0.0,1,2,TIER_3_HIGH_RISK,0.664,2,3,11,1
ord_32612831,cust_892553,1359.95,UPI,0,0,0.0,1,1,TIER_1_METRO,0.966,1,1,9,0
ord_77569986,cust_100638,4817.81,COD,9,0,0.0,0,1,TIER_3_HIGH_RISK,0.634,1,2,6,1
ord_88204732,cust_135183,6185.12,COD,0,0,0.0,1,1,TIER_1_METRO,0.643,2,2,11,0
ord_10285356,cust_450771,1263.05,CARD,0,0,0.0,1,2,TIER_1_METRO,0.654,0,2,14,0
ord_10061087,cust_971022,1611.28,UPI,5,0,0.0,0,2,TIER_1_METRO,0.574,0,1,10,1
ord_54923382,cust_689723,4035.49,COD,0,0,0.0,1,1,TIER_2,0.794,0,1,9,1
ord_80366045,cust_759006,543.67,UPI,8,0,0.0,0,1,TIER_1_METRO,0.56,0,1,12,0
ord_99130841,cust_451696,3065.17,COD,0,0,0.0,1,1,TIER_3_HIGH_RISK,0.775,0,2,11,1
ord_77873129,cust_621291,1904.35,COD,0,0,0.0,1,1,TIER_1_METRO,0.768,1,4,16,0
ord_13871018,cust_469215,1268.89,COD,6,0,0.0,0,1,TIER_1_METRO,0.609,0,2,19,0
ord_11940369,cust_231016,2506.32,COD,0,0,0.0,1,1,TIER_1_METRO,0.681,0,2,21,0
ord_73467903,cust_168625,794.71,COD,0,0,0.0,1,1,TIER_2,0.763,0,2,21,0
ord_49629178,cust_951787,1452.07,COD,11,0,0.0,0,1,TIER_1_METRO,0.656,0,2,8,0
ord_70387647,cust_279508,2637.87,UPI,0,0,0.0,1,1,TIER_1_METRO,0.931,2,1,0,0
ord_16202258,cust_342951,2657.89,CARD,0,0,0.0,1,1,TIER_3_HIGH_RISK,0.689,0,1,14,0
ord_62829582,cust_118637,534.22,UPI,19,4,0.2105,0,1,TIER_1_METRO,0.688,1,2,7,0
ord_36695275,cust_817644,1541.41,COD,0,0,0.0,1,1,TIER_2,0.599,1,1,21,1
ord_98659005,cust_422505,2664.6,COD,7,0,0.0,0,4,TIER_2,0.602,0,2,22,0
ord_73935558,cust_848658,1153.88,COD,0,0,0.0,1,1,TIER_2,0.61,1,1,15,1
ord_14934990,cust_741191,1270.0,UPI,5,1,0.2,0,3,TIER_2,0.821,2,1,0,0
ord_81964784,cust_365508,2176.97,CARD,6,0,0.0,0,1,TIER_1_METRO,0.872,0,1,1,0
ord_55131781,cust_322658,1020.4,CARD,9,0,0.0,0,1,TIER_1_METRO,0.637,1,3,2,0
ord_57906429,cust_209657,1417.36,CARD,0,0,0.0,1,2,TIER_3_HIGH_RISK,0.425,0,2,9,1
ord_39627659,cust_473413,405.77,COD,0,0,0.0,1,2,TIER_1_METRO,0.602,0,1,11,1
ord_75276240,cust_968750,1061.0,COD,11,3,0.2727,0,1,TIER_1_METRO,0.718,2,1,4,0
ord_57902624,cust_391559,1163.96,UPI,11,1,0.0909,0,1,TIER_1_METRO,0.862,2,2,7,0
ord_17744996,cust_814413,1372.06,COD,0,0,0.0,1,1,TIER_1_METRO,0.511,0,1,3,0
ord_91209083,cust_663344,1143.07,UPI,2,0,0.0,0,1,TIER_2,0.892,2,2,21,1
ord_27089267,cust_308976,775.83,CARD,16,0,0.0,0,1,TIER_1_METRO,0.744,1,1,11,0
ord_53965824,cust_296739,2819.57,CARD,0,0,0.0,1,1,TIER_2,0.904,3,3,16,0
ord_19232418,cust_207127,1465.84,NETBANKING,0,0,0.0,1,2,TIER_3_HIGH_RISK,0.862,1,1,20,0
ord_92295285,cust_601156,1001.84,COD,0,0,0.0,1,1,TIER_2,0.915,0,1,14,1
ord_48835523,cust_299395,1393.29,COD,9,0,0.0,0,1,TIER_2,0.867,0,1,19,0
ord_17661434,cust_905576,2603.29,UPI,0,0,0.0,1,1,TIER_1_METRO,0.933,0,2,0,0
ord_15287913,cust_657807,1685.87,COD,0,0,0.0,1,1,TIER_1_METRO,0.85,3,3,8,0
ord_79974933,cust_804410,801.01,UPI,0,0,0.0,1,3,TIER_1_METRO,0.891,1,2,13,1
ord_26618153,cust_446261,1313.02,UPI,2,1,0.5,0,3,TIER_1_METRO,0.894,2,1,4,0
ord_69544612,cust_786954,1922.85,COD,0,0,0.0,1,1,TIER_1_METRO,0.627,0,2,18,1
ord_66466544,cust_566401,1644.36,UPI,3,0,0.0,0,1,TIER_1_METRO,0.897,0,1,15,0
ord_31047574,cust_466569,2477.2,UPI,0,0,0.0,1,2,TIER_2,0.991,0,1,9,0
ord_71416967,cust_911555,416.56,COD,0,0,0.0,1,2,TIER_1_METRO,0.767,1,1,21,0
ord_81080450,cust_213398,1829.67,UPI,0,0,0.0,1,1,TIER_1_METRO,0.601,1,3,7,0
ord_85154255,cust_174797,1831.72,UPI,0,0,0.0,1,1,TIER_2,0.581,2,1,1,0
ord_25516706,cust_119215,1060.03,COD,0,0,0.0,1,1,TIER_2,0.712,0,1,21,1
ord_39989149,cust_444304,2065.57,UPI,3,1,0.3333,0,3,TIER_1_METRO,0.946,0,3,11,0
ord_72900522,cust_547803,2744.19,UPI,0,0,0.0,1,1,TIER_1_METRO,0.804,1,2,7,0
ord_15728394,cust_873416,2800.29,COD,0,0,0.0,1,3,TIER_1_METRO,0.915,1,1,9,0
ord_34556224,cust_563054,928.81,UPI,0,0,0.0,1,1,TIER_1_METRO,0.781,0,1,1,0
ord_15420278,cust_159150,2447.22,UPI,2,0,0.0,0,1,TIER_1_METRO,0.868,1,1,9,0
ord_20049066,cust_406042,1905.94,COD,0,0,0.0,1,1,TIER_3_HIGH_RISK,0.172,0,1,21,1
ord_80408460,cust_386646,1849.78,COD,0,0,0.0,1,1,TIER_1_METRO,0.57,2,1,20,0
ord_83533652,cust_463298,2074.74,COD,0,0,0.0,1,1,TIER_1_METRO,0.648,0,1,14,0
ord_67084656,cust_160616,2672.93,UPI,1,0,0.0,0,5,TIER_1_METRO,0.685,1,1,3,1
ord_19456807,cust_879470,1074.05,COD,10,0,0.0,0,3,TIER_2,0.871,0,1,9,0
ord_74884070,cust_468742,382.47,CARD,0,0,0.0,1,3,TIER_3_HIGH_RISK,0.6,0,1,0,1
ord_37348975,cust_371984,1518.88,UPI,5,0,0.0,0,4,TIER_1_METRO,0.861,2,1,7,0
ord_91133957,cust_250348,2100.24,COD,4,0,0.0,0,1,TIER_1_METRO,0.803,0,1,6,0
ord_75731254,cust_753638,3150.88,NETBANKING,32,0,0.0,0,1,TIER_1_METRO,0.754,1,3,17,0
ord_91693630,cust_334408,3199.24,UPI,0,0,0.0,1,1,TIER_1_METRO,0.513,0,3,5,0
ord_73242168,cust_706083,2155.43,UPI,0,0,0.0,1,1,TIER_1_METRO,0.664,0,5,16,0
ord_55599339,cust_888304,757.03,COD,4,0,0.0,0,1,TIER_3_HIGH_RISK,0.462,1,3,11,1
ord_80106357,cust_262198,526.91,COD,6,1,0.1667,0,1,TIER_2,0.774,0,2,18,0
ord_45252022,cust_868407,672.66,UPI,1,0,0.0,0,5,TIER_2,0.98,0,1,0,1
ord_49823623,cust_194303,725.65,COD,9,2,0.2222,0,1,TIER_1_METRO,0.521,0,1,13,1
ord_37692743,cust_821970,363.2,UPI,23,0,0.0,0,1,TIER_1_METRO,0.901,0,1,20,0
ord_11535410,cust_235886,2669.65,COD,0,0,0.0,1,1,TIER_2,0.686,0,1,15,0
ord_35291709,cust_704625,1277.94,UPI,0,0,0.0,1,1,TIER_3_HIGH_RISK,0.808,0,1,0,0
ord_60987056,cust_530418,1706.63,COD,6,1,0.1667,0,2,TIER_1_METRO,0.661,0,1,4,0
ord_26551253,cust_132691,1626.96,UPI,4,0,0.0,0,1,TIER_3_HIGH_RISK,0.403,1,1,6,1
ord_76772797,cust_405169,3228.41,UPI,0,0,0.0,1,1,TIER_1_METRO,0.748,2,3,19,0
ord_81648034,cust_383884,579.1,UPI,0,0,0.0,1,1,TIER_3_HIGH_RISK,0.742,0,5,12,1
ord_10271836,cust_863274,2270.32,UPI,26,4,0.1538,0,1,TIER_1_METRO,0.754,1,1,18,0
ord_97061681,cust_289287,912.46,COD,0,0,0.0,1,2,TIER_2,0.929,1,1,18,1
ord_26424403,cust_688686,692.44,COD,0,0,0.0,1,2,TIER_2,0.632,3,1,0,1
ord_18910852,cust_626884,1235.27,UPI,4,0,0.0,0,1,TIER_3_HIGH_RISK,0.701,0,2,9,0
ord_16282827,cust_905064,782.46,COD,9,1,0.1111,0,2,TIER_3_HIGH_RISK,0.897,1,1,1,1
ord_63228466,cust_796658,2848.35,UPI,0,0,0.0,1,1,TIER_3_HIGH_RISK,0.689,0,3,19,0
ord_23962313,cust_803526,1230.81,UPI,4,1,0.25,0,1,TIER_2,0.912,0,1,1,0
ord_56922716,cust_877426,1378.32,COD,13,0,0.0,0,1,TIER_1_METRO,0.756,1,1,2,0
ord_63846322,cust_560498,2174.76,COD,0,0,0.0,1,2,TIER_1_METRO,0.838,1,2,13,1
ord_40474646,cust_431834,2255.29,COD,3,0,0.0,0,1,TIER_1_METRO,0.81,1,1,7,0
ord_41484495,cust_820203,687.71,COD,0,0,0.0,1,2,TIER_3_HIGH_RISK,0.726,1,1,21,1
ord_90038962,cust_445161,289.98,UPI,10,0,0.0,0,2,TIER_1_METRO,0.46,2,1,4,0
ord_66882282,cust_936667,496.09,COD,4,0,0.0,0,3,TIER_3_HIGH_RISK,0.358,1,1,3,1
ord_70409832,cust_520871,1084.89,UPI,0,0,0.0,1,1,TIER_3_HIGH_RISK,0.372,2,1,18,0
ord_41376847,cust_378107,1511.31,UPI,0,0,0.0,1,2,TIER_1_METRO,0.649,1,1,1,0
ord_42799457,cust_959228,552.44,COD,0,0,0.0,1,1,TIER_3_HIGH_RISK,0.649,2,2,6,1
ord_31018460,cust_603669,2816.1,COD,4,0,0.0,0,2,TIER_2,0.796,0,1,4,0
ord_40780850,cust_805211,2928.69,UPI,6,0,0.0,0,1,TIER_2,0.738,0,1,7,0
ord_42743533,cust_773589,3213.01,COD,3,1,0.3333,0,1,TIER_2,0.936,0,2,4,1
ord_43803356,cust_388708,1596.61,CARD,4,0,0.0,0,1,TIER_3_HIGH_RISK,0.37,3,1,3,0
ord_47784639,cust_668357,3036.44,NETBANKING,3,0,0.0,0,1,TIER_3_HIGH_RISK,0.667,0,2,11,0
ord_93400833,cust_913713,272.7,COD,5,0,0.0,0,1,TIER_1_METRO,0.656,0,1,13,0
ord_28484758,cust_799560,2581.21,UPI,14,2,0.1429,0,1,TIER_3_HIGH_RISK,0.471,0,4,13,0
ord_42902537,cust_738975,1736.14,UPI,0,0,0.0,1,1,TIER_2,0.483,0,1,3,0
ord_59713851,cust_105293,1711.5,COD,7,0,0.0,0,1,TIER_2,0.918,0,1,13,0
ord_30718453,cust_474255,378.83,UPI,7,2,0.2857,0,1,TIER_3_HIGH_RISK,0.461,2,2,12,1
ord_66379703,cust_472174,927.13,COD,0,0,0.0,1,1,TIER_3_HIGH_RISK,0.559,0,1,13,1
ord_47090229,cust_792439,1097.81,COD,6,0,0.0,0,1,TIER_2,0.899,1,1,6,0
ord_45823502,cust_460372,10333.65,UPI,0,0,0.0,1,1,TIER_3_HIGH_RISK,0.643,0,1,23,0
ord_38482724,cust_649653,1520.58,CARD,6,0,0.0,0,1,TIER_2,0.834,0,3,17,0
ord_44840276,cust_983867,325.2,COD,0,0,0.0,1,1,TIER_3_HIGH_RISK,0.791,0,1,4,1
ord_34005377,cust_500376,1672.26,CARD,13,2,0.1538,0,1,TIER_2,0.571,1,1,0,0
ord_43494309,cust_723412,752.58,UPI,0,0,0.0,1,2,TIER_1_METRO,0.929,0,2,19,0
ord_48428026,cust_187844,439.33,COD,0,0,0.0,1,1,TIER_1_METRO,0.488,0,1,15,0
ord_61212060,cust_397463,388.27,COD,0,0,0.0,1,1,TIER_2,0.949,0,2,11,1
ord_89706492,cust_442873,542.29,COD,3,0,0.0,0,1,TIER_3_HIGH_RISK,0.822,3,1,19,1
ord_77426016,cust_327748,859.22,UPI,14,0,0.0,0,1,TIER_2,0.796,0,1,12,0
ord_67200194,cust_580575,381.78,UPI,0,0,0.0,1,1,TIER_1_METRO,0.702,1,1,6,1
ord_20137641,cust_766593,1298.55,CARD,10,2,0.2,0,1,TIER_2,0.731,0,1,20,0
ord_42436728,cust_400489,5488.86,COD,5,0,0.0,0,1,TIER_3_HIGH_RISK,0.665,0,3,1,1
ord_67701082,cust_737560,1783.95,COD,0,0,0.0,1,1,TIER_2,0.684,0,2,17,0
ord_48789180,cust_419642,3351.92,COD,0,0,0.0,1,1,TIER_1_METRO,0.808,0,1,8,0
ord_42474983,cust_387588,1164.54,UPI,8,0,0.0,0,1,TIER_1_METRO,0.864,2,3,6,0
ord_19980178,cust_155178,686.03,COD,0,0,0.0,1,2,TIER_2,0.784,0,3,15,0
ord_88076554,cust_276974,884.62,CARD,17,3,0.1765,0,1,TIER_2,0.793,0,1,11,0
ord_60075473,cust_722631,270.13,COD,1,0,0.0,0,1,TIER_2,0.793,1,1,19,0
ord_75912156,cust_738412,369.3,COD,0,0,0.0,1,2,TIER_2,0.779,0,1,4,1
ord_70200291,cust_138734,357.38,UPI,6,0,0.0,0,4,TIER_2,0.822,1,1,2,0
ord_23832640,cust_891747,1130.25,UPI,0,0,0.0,1,2,TIER_1_METRO,0.737,0,1,18,0
ord_41632483,cust_428779,3408.82,COD,10,0,0.0,0,1,TIER_2,0.886,1,8,5,0
ord_41007197,cust_263597,1419.75,NETBANKING,0,0,0.0,1,1,TIER_2,0.748,2,1,16,0
ord_92249450,cust_310590,410.69,UPI,4,0,0.0,0,1,TIER_2,0.918,0,2,4,0
ord_71797421,cust_407357,601.17,UPI,0,0,0.0,1,2,TIER_1_METRO,0.574,0,5,5,0
ord_17595853,cust_542369,1154.09,UPI,0,0,0.0,1,1,TIER_1_METRO,0.402,0,1,11,0
ord_66043692,cust_804690,2077.29,COD,0,0,0.0,1,2,TIER_1_METRO,0.841,2,1,6,1
ord_38615154,cust_969377,1736.16,CARD,0,0,0.0,1,1,TIER_1_METRO,0.63,2,1,10,0
ord_97173138,cust_448899,1177.53,UPI,0,0,0.0,1,1,TIER_1_METRO,0.705,0,1,6,0
ord_89747692,cust_607963,3634.69,COD,0,0,0.0,1,1,TIER_2,0.689,0,1,21,1
ord_62931665,cust_908917,725.34,UPI,7,0,0.0,0,1,TIER_3_HIGH_RISK,0.307,2,5,19,0
ord_95044423,cust_164079,855.05,COD,0,0,0.0,1,1,TIER_2,0.76,0,1,10,1
ord_96195311,cust_524524,575.29,COD,6,0,0.0,0,1,TIER_2,0.813,0,2,18,0
ord_50850837,cust_729425,2251.6,COD,2,0,0.0,0,1,TIER_1_METRO,0.93,3,5,9,1
ord_70816795,cust_670240,1415.28,COD,0,0,0.0,1,1,TIER_3_HIGH_RISK,0.427,0,3,11,1
ord_38481082,cust_831217,712.52,NETBANKING,0,0,0.0,1,1,TIER_2,0.627,0,1,4,0
ord_60352901,cust_290375,1523.92,COD,5,0,0.0,0,1,TIER_1_METRO,0.902,0,3,19,0
ord_97756113,cust_999915,2543.27,UPI,0,0,0.0,1,1,TIER_1_METRO,0.542,2,1,14,0
ord_13151882,cust_909550,392.58,CARD,0,0,0.0,1,1,TIER_2,0.71,2,1,21,0
ord_86329913,cust_925647,1303.87,COD,13,0,0.0,0,2,TIER_1_METRO,0.835,0,1,3,0
ord_49028538,cust_989302,1703.14,UPI,6,2,0.3333,0,1,TIER_3_HIGH_RISK,0.55,1,2,7,1
ord_26920196,cust_950247,374.04,COD,4,0,0.0,0,1,TIER_1_METRO,0.717,3,1,16,1
ord_69233322,cust_764051,813.47,COD,11,1,0.0909,0,1,TIER_2,0.655,0,1,23,0
ord_26406440,cust_916517,3165.74,COD,0,0,0.0,1,1,TIER_2,0.588,0,1,17,1
ord_27443381,cust_124067,3746.96,COD,0,0,0.0,1,1,TIER_3_HIGH_RISK,0.786,0,3,1,1
ord_48467326,cust_953670,981.57,CARD,12,0,0.0,0,1,TIER_3_HIGH_RISK,0.495,0,2,2,0
ord_20421958,cust_848423,1046.21,CARD,3,1,0.3333,0,1,TIER_1_METRO,0.681,2,1,8,0
ord_71585037,cust_115064,1572.46,COD,0,0,0.0,1,1,TIER_1_METRO,0.811,2,8,10,0
ord_56350911,cust_609958,699.24,UPI,0,0,0.0,1,1,TIER_1_METRO,0.592,1,2,17,1
ord_87833510,cust_146573,249.0,COD,1,0,0.0,0,3,TIER_1_METRO,0.886,0,1,14,1
ord_79761744,cust_457933,1497.15,COD,1,0,0.0,0,2,TIER_2,0.892,1,1,10,1
ord_27915668,cust_762671,1113.14,UPI,0,0,0.0,1,1,TIER_2,0.748,0,1,14,0
ord_15782197,cust_778870,1383.54,UPI,0,0,0.0,1,1,TIER_1_METRO,0.795,0,1,0,0
ord_27016233,cust_557486,796.66,COD,0,0,0.0,1,1,TIER_1_METRO,0.86,0,5,15,0
ord_22417420,cust_596574,602.5,COD,7,0,0.0,0,4,TIER_1_METRO,0.537,2,1,1,1
ord_95486628,cust_905897,1980.4,COD,0,0,0.0,1,1,TIER_1_METRO,0.733,1,2,15,1
ord_75619251,cust_172928,1258.34,NETBANKING,8,0,0.0,0,2,TIER_1_METRO,0.856,3,1,22,0
ord_35130020,cust_950804,1296.08,COD,5,1,0.2,0,1,TIER_2,0.699,2,1,20,0
ord_30288665,cust_465890,993.4,COD,0,0,0.0,1,3,TIER_1_METRO,0.804,0,1,20,1
ord_87315237,cust_377319,1251.79,COD,12,1,0.0833,0,4,TIER_2,0.67,1,3,5,1
ord_27636027,cust_615907,492.37,COD,5,1,0.2,0,1,TIER_3_HIGH_RISK,0.831,2,1,5,1
ord_39452300,cust_601328,522.21,COD,7,0,0.0,0,1,TIER_1_METRO,0.474,1,3,23,0
ord_63675515,cust_743913,429.4,CARD,6,0,0.0,0,2,TIER_1_METRO,0.411,1,1,16,0
ord_88645387,cust_197661,363.3,COD,0,0,0.0,1,1,TIER_1_METRO,0.902,0,2,1,0
ord_99746696,cust_470208,1997.53,CARD,0,0,0.0,1,1,TIER_1_METRO,0.829,0,1,2,0
ord_40029270,cust_118733,1783.91,UPI,0,0,0.0,1,5,TIER_1_METRO,0.82,1,1,13,1
ord_61913068,cust_513926,2138.33,COD,0,0,0.0,1,1,TIER_1_METRO,0.541,1,2,13,0
ord_21326237,cust_717345,2546.3,UPI,0,0,0.0,1,1,TIER_2,0.743,0,3,20,0
ord_54011924,cust_464860,1364.09,COD,0,0,0.0,1,1,TIER_2,0.748,1,1,17,1
ord_69892560,cust_589706,278.19,COD,0,0,0.0,1,3,TIER_1_METRO,0.743,0,1,2,1
ord_72345869,cust_620848,722.36,UPI,0,0,0.0,1,1,TIER_2,0.917,0,1,21,0
ord_73342551,cust_375490,829.14,COD,12,0,0.0,0,2,TIER_3_HIGH_RISK,0.779,0,1,1,1
ord_33883140,cust_194135,991.12,COD,11,0,0.0,0,2,TIER_3_HIGH_RISK,0.68,2,1,12,0
ord_98847252,cust_487736,1052.37,UPI,0,0,0.0,1,1,TIER_1_METRO,0.657,1,1,9,0
ord_65498298,cust_412670,4685.71,COD,9,0,0.0,0,1,TIER_2,0.794,0,1,1,1
ord_38778554,cust_777137,629.06,UPI,0,0,0.0,1,5,TIER_1_METRO,0.664,1,1,15,1
ord_15311499,cust_506656,2573.25,UPI,5,0,0.0,0,1,TIER_2,0.99,0,8,21,0
ord_15042596,cust_133033,1679.71,UPI,3,1,0.3333,0,5,TIER_3_HIGH_RISK,0.827,3,2,4,1
ord_53177639,cust_560372,1590.47,CARD,7,0,0.0,0,3,TIER_1_METRO,0.702,1,1,6,0
ord_72179635,cust_278874,1472.13,COD,7,0,0.0,0,1,TIER_1_METRO,0.893,0,1,17,0
ord_72475820,cust_118354,3275.24,COD,0,0,0.0,1,1,TIER_1_METRO,0.984,1,2,13,0
ord_31765239,cust_642036,2328.38,COD,5,0,0.0,0,1,TIER_2,0.987,1,5,4,0
ord_71184465,cust_535235,2403.81,COD,6,0,0.0,0,1,TIER_2,0.8,1,1,20,0
ord_23220459,cust_867839,1556.81,COD,0,0,0.0,1,1,TIER_1_METRO,0.883,2,2,14,0
ord_38506244,cust_159789,2110.47,COD,0,0,0.0,1,1,TIER_2,0.755,1,4,1,0
ord_69964178,cust_644289,1449.86,COD,1,0,0.0,0,3,TIER_3_HIGH_RISK,0.621,1,1,5,1
ord_25036750,cust_854880,1060.16,COD,6,0,0.0,0,1,TIER_1_METRO,0.656,0,3,3,0
ord_14921207,cust_623548,1878.99,COD,4,0,0.0,0,1,TIER_2,0.556,1,2,6,0
ord_19496806,cust_935815,2416.24,COD,7,0,0.0,0,1,TIER_2,0.434,2,1,9,0
ord_52397458,cust_412773,839.07,COD,9,1,0.1111,0,2,TIER_2,0.76,1,2,16,1
ord_37839429,cust_200361,1040.42,COD,9,0,0.0,0,1,TIER_1_METRO,0.844,0,1,20,0
ord_26701250,cust_180799,6460.12,COD,2,0,0.0,0,1,TIER_1_METRO,0.88,2,1,19,0
ord_45066142,cust_986449,692.78,CARD,0,0,0.0,1,2,TIER_2,0.968,0,1,22,0
ord_53420892,cust_317544,851.44,COD,5,0,0.0,0,2,TIER_3_HIGH_RISK,0.543,1,2,23,0
ord_20772941,cust_245995,2107.04,COD,0,0,0.0,1,1,TIER_1_METRO,0.812,0,2,10,0
ord_85689368,cust_658212,3458.72,UPI,0,0,0.0,1,1,TIER_2,0.882,0,1,23,0
ord_38907585,cust_996991,899.05,NETBANKING,12,0,0.0,0,1,TIER_1_METRO,0.901,0,1,4,0
ord_10583510,cust_204448,249.0,COD,0,0,0.0,1,2,TIER_2,0.869,0,1,7,1
ord_89519398,cust_159938,365.31,CARD,11,0,0.0,0,1,TIER_2,0.483,1,4,3,0
ord_83665032,cust_508873,273.58,COD,3,0,0.0,0,2,TIER_1_METRO,0.739,0,2,23,0
ord_27569187,cust_242957,399.21,COD,1,0,0.0,0,1,TIER_2,0.78,0,8,3,0
ord_48493545,cust_375483,1660.41,UPI,17,1,0.0588,0,1,TIER_2,0.752,1,1,4,0
ord_26182143,cust_519594,877.85,UPI,0,0,0.0,1,1,TIER_3_HIGH_RISK,0.32,0,2,20,0
ord_26869252,cust_868173,1238.09,UPI,0,0,0.0,1,1,TIER_2,0.475,1,2,16,1
ord_71279200,cust_379570,1954.2,COD,0,0,0.0,1,1,TIER_2,0.677,1,2,10,0
ord_85421798,cust_250424,658.2,UPI,0,0,0.0,1,1,TIER_2,0.823,0,1,5,0
ord_93341196,cust_486917,1998.7,UPI,0,0,0.0,1,5,TIER_2,0.919,1,2,0,1
ord_22805935,cust_242432,809.02,UPI,0,0,0.0,1,1,TIER_2,0.884,0,4,3,0
ord_18582299,cust_174314,250.07,UPI,6,0,0.0,0,1,TIER_3_HIGH_RISK,0.504,0,4,19,0
ord_70302441,cust_902172,1864.81,COD,7,0,0.0,0,1,TIER_1_METRO,0.489,0,2,1,0
ord_80286689,cust_445778,2487.44,COD,8,0,0.0,0,1,TIER_2,0.728,2,1,2,0
ord_25148530,cust_420330,1035.86,COD,0,0,0.0,1,1,TIER_1_METRO,0.709,2,4,21,1
ord_44427604,cust_329176,943.15,UPI,4,0,0.0,0,1,TIER_2,0.866,1,1,8,0
ord_74845740,cust_375320,1239.86,COD,0,0,0.0,1,1,TIER_1_METRO,0.818,2,1,13,0
ord_72341557,cust_827362,327.37,UPI,15,1,0.0667,0,1,TIER_1_METRO,0.724,0,3,9,0
ord_34747780,cust_581204,2348.53,COD,10,0,0.0,0,1,TIER_1_METRO,0.875,0,2,7,0
ord_44193500,cust_464411,5378.4,COD,0,0,0.0,1,2,TIER_2,0.452,2,5,20,1
ord_92707002,cust_793920,2253.43,CARD,0,0,0.0,1,1,TIER_2,0.456,1,1,13,0
ord_39805505,cust_824179,742.21,COD,0,0,0.0,1,1,TIER_1_METRO,0.888,2,1,8,0
ord_60652891,cust_452265,1184.24,UPI,0,0,0.0,1,1,TIER_1_METRO,0.493,0,2,0,0
ord_22679338,cust_450600,3605.48,COD,5,0,0.0,0,1,TIER_1_METRO,0.743,1,1,19,0
ord_36358327,cust_389459,2528.7,COD,0,0,0.0,1,1,TIER_1_METRO,0.578,0,1,10,0
ord_15914063,cust_220019,1465.65,COD,11,0,0.0,0,1,TIER_2,0.758,3,1,23,0
ord_33254222,cust_197417,582.73,UPI,2,0,0.0,0,1,TIER_1_METRO,0.916,1,4,12,0
ord_83641794,cust_790395,249.0,COD,2,0,0.0,0,2,TIER_1_METRO,0.707,0,3,8,0
ord_76993650,cust_567894,755.4,NETBANKING,4,0,0.0,0,1,TIER_2,0.584,0,2,1,0
ord_83103466,cust_148423,249.0,UPI,0,0,0.0,1,2,TIER_1_METRO,0.427,1,2,17,0
ord_70966741,cust_227510,4501.0,UPI,13,1,0.0769,0,1,TIER_3_HIGH_RISK,0.624,1,1,0,0
ord_85559979,cust_371898,1526.8,CARD,0,0,0.0,1,1,TIER_1_METRO,0.967,0,2,11,0
ord_51655138,cust_998232,1952.38,COD,31,0,0.0,0,1,TIER_2,0.842,1,1,23,0
ord_52899050,cust_933038,1887.26,COD,7,0,0.0,0,1,TIER_1_METRO,0.768,0,2,11,0
ord_65553464,cust_641833,781.09,CARD,7,0,0.0,0,1,TIER_2,0.927,1,1,5,0
ord_75437138,cust_274068,1913.43,UPI,2,0,0.0,0,3,TIER_3_HIGH_RISK,0.796,3,1,4,0
ord_72545233,cust_553245,1007.51,UPI,3,1,0.3333,0,1,TIER_3_HIGH_RISK,0.613,1,1,4,1
ord_45562619,cust_382868,4408.37,CARD,7,0,0.0,0,2,TIER_1_METRO,0.86,0,1,14,0
ord_51266066,cust_591008,1767.76,COD,8,0,0.0,0,5,TIER_2,0.897,0,1,19,1
ord_81410128,cust_648513,2612.76,UPI,4,0,0.0,0,2,TIER_2,0.948,1,1,2,0
ord_15875293,cust_504520,343.67,COD,0,0,0.0,1,2,TIER_3_HIGH_RISK,0.671,2,1,16,1
ord_73383528,cust_293463,677.25,COD,2,0,0.0,0,2,TIER_2,0.891,0,3,21,1
ord_67568240,cust_746704,1010.0,CARD,0,0,0.0,1,1,TIER_3_HIGH_RISK,0.86,0,1,13,0
ord_19003281,cust_885072,1246.7,COD,5,2,0.4,0,2,TIER_3_HIGH_RISK,0.739,1,2,15,1
ord_22790902,cust_143315,650.14,COD,4,0,0.0,0,1,TIER_1_METRO,0.538,1,1,8,0
ord_46264673,cust_322143,895.33,UPI,0,0,0.0,1,3,TIER_3_HIGH_RISK,0.781,1,3,13,1
ord_52474638,cust_375364,629.88,UPI,2,0,0.0,0,1,TIER_1_METRO,0.761,0,2,5,0
ord_73442983,cust_125823,1711.45,UPI,7,0,0.0,0,2,TIER_3_HIGH_RISK,0.747,2,2,12,0
ord_80775208,cust_388389,1540.22,COD,11,0,0.0,0,1,TIER_1_METRO,0.788,0,1,12,0
ord_39281160,cust_205182,1013.29,COD,2,0,0.0,0,1,TIER_2,0.94,0,1,14,0
ord_66285723,cust_250250,2115.07,CARD,0,0,0.0,1,4,TIER_2,0.827,0,2,17,1
ord_63423843,cust_602376,1478.88,COD,5,0,0.0,0,1,TIER_1_METRO,0.67,0,1,11,1
ord_17760004,cust_168590,598.29,COD,0,0,0.0,1,1,TIER_1_METRO,0.785,2,1,15,0
ord_69304974,cust_388969,5741.19,UPI,34,2,0.0588,0,1,TIER_1_METRO,0.757,0,1,17,0
ord_58123406,cust_459783,2788.6,UPI,4,0,0.0,0,1,TIER_1_METRO,0.893,0,1,11,0
ord_33384086,cust_198328,1714.5,COD,0,0,0.0,1,2,TIER_1_METRO,0.851,0,2,2,1
ord_37028920,cust_268774,925.59,UPI,0,0,0.0,1,1,TIER_3_HIGH_RISK,0.653,0,2,14,1
ord_86961279,cust_914639,595.02,COD,0,0,0.0,1,1,TIER_3_HIGH_RISK,0.844,1,2,13,1
ord_81930563,cust_978531,2342.69,COD,12,0,0.0,0,1,TIER_3_HIGH_RISK,0.441,1,1,10,0
ord_20276325,cust_471167,539.72,COD,0,0,0.0,1,1,TIER_1_METRO,0.853,0,1,18,0
ord_95950698,cust_595241,718.0,CARD,0,0,0.0,1,2,TIER_1_METRO,0.743,0,2,13,0
ord_40284261,cust_960283,434.54,COD,9,2,0.2222,0,1,TIER_1_METRO,0.815,0,3,22,0
ord_68592416,cust_965451,1122.88,COD,3,1,0.3333,0,1,TIER_2,0.88,2,1,9,0
ord_62718185,cust_380456,249.0,NETBANKING,0,0,0.0,1,1,TIER_2,0.915,0,1,17,0
ord_46654266,cust_843218,457.88,UPI,0,0,0.0,1,1,TIER_2,0.715,0,5,12,0
ord_24573834,cust_895707,892.51,UPI,7,1,0.1429,0,1,TIER_2,0.81,0,1,13,0
ord_72275648,cust_260749,2438.33,COD,0,0,0.0,1,1,TIER_1_METRO,0.723,1,1,4,1
ord_88119050,cust_645027,2299.16,CARD,0,0,0.0,1,3,TIER_1_METRO,0.432,2,1,11,1
ord_43104951,cust_288996,484.48,UPI,0,0,0.0,1,1,TIER_2,0.813,1,1,11,0
ord_61982472,cust_681755,431.25,CARD,3,0,0.0,0,1,TIER_2,0.577,2,2,18,1
ord_10801125,cust_112420,2056.35,CARD,19,1,0.0526,0,1,TIER_1_METRO,0.281,2,1,6,0
ord_28656014,cust_935141,3853.58,COD,0,0,0.0,1,1,TIER_2,0.558,0,1,23,1
ord_53266078,cust_994971,983.89,CARD,0,0,0.0,1,1,TIER_3_HIGH_RISK,0.73,1,1,9,0
ord_54905946,cust_350140,3602.11,CARD,8,0,0.0,0,1,TIER_1_METRO,0.639,0,1,4,0
ord_52573305,cust_512639,1601.31,COD,0,0,0.0,1,1,TIER_2,0.97,2,2,6,0
ord_72392038,cust_320595,1408.34,CARD,20,0,0.0,0,2,TIER_2,0.767,0,3,1,0
ord_90973428,cust_356817,918.09,COD,7,1,0.1429,0,2,TIER_1_METRO,0.942,0,1,12,0
ord_34070924,cust_189199,718.11,COD,0,0,0.0,1,3,TIER_2,0.905,1,1,8,0
ord_88576393,cust_758411,2017.42,CARD,0,0,0.0,1,1,TIER_1_METRO,0.606,0,1,14,0
ord_32993847,cust_451150,1122.2,CARD,10,1,0.1,0,2,TIER_2,0.784,0,3,21,0
ord_93719991,cust_251186,1267.25,COD,0,0,0.0,1,2,TIER_1_METRO,0.889,0,2,1,1
ord_26613311,cust_721208,1532.34,CARD,3,0,0.0,0,2,TIER_1_METRO,0.758,2,2,19,0
ord_13699391,cust_693665,592.03,UPI,6,0,0.0,0,1,TIER_1_METRO,0.548,3,2,10,0
ord_19609533,cust_491755,5885.82,UPI,0,0,0.0,1,2,TIER_2,0.728,0,1,1,1
ord_53513097,cust_280046,896.91,CARD,25,2,0.08,0,1,TIER_2,0.792,1,1,6,0
ord_32991510,cust_243954,721.22,COD,9,0,0.0,0,1,TIER_2,0.809,2,1,6,0
ord_92117696,cust_660956,734.14,COD,9,0,0.0,0,1,TIER_3_HIGH_RISK,0.653,0,2,20,0
ord_51126361,cust_718211,942.79,UPI,0,0,0.0,1,1,TIER_2,0.718,0,2,7,0
ord_93981636,cust_558024,930.2,COD,0,0,0.0,1,1,TIER_3_HIGH_RISK,0.613,0,2,19,1
ord_11429290,cust_729065,1346.7,UPI,0,0,0.0,1,1,TIER_2,0.94,2,8,5,0
ord_77399862,cust_267659,446.59,CARD,2,0,0.0,0,2,TIER_1_METRO,0.798,0,1,23,0
ord_95567156,cust_786838,1751.66,COD,0,0,0.0,1,1,TIER_2,0.805,2,2,19,1
ord_93709131,cust_545862,2922.72,COD,0,0,0.0,1,1,TIER_3_HIGH_RISK,0.655,1,1,21,1
ord_77342864,cust_285525,553.47,COD,0,0,0.0,1,1,TIER_2,0.861,0,1,20,1
ord_84262452,cust_977292,1252.33,COD,9,3,0.3333,0,1,TIER_2,0.698,0,2,3,1
ord_76802691,cust_146546,2694.18,UPI,4,0,0.0,0,1,TIER_1_METRO,0.919,2,2,16,0
ord_58515838,cust_954638,2803.64,CARD,2,0,0.0,0,1,TIER_1_METRO,0.858,0,1,17,0
ord_56951812,cust_807259,862.63,UPI,5,0,0.0,0,1,TIER_2,0.816,0,1,5,0
ord_98073522,cust_909471,3919.81,COD,0,0,0.0,1,1,TIER_3_HIGH_RISK,0.498,1,1,17,1
ord_44394700,cust_439535,972.84,COD,3,0,0.0,0,1,TIER_1_METRO,0.732,0,1,21,0
ord_81352324,cust_449921,1374.36,COD,0,0,0.0,1,1,TIER_1_METRO,0.884,2,1,4,0
ord_84360068,cust_530818,2215.13,CARD,8,3,0.375,0,1,TIER_1_METRO,0.912,0,1,17,1
ord_65665616,cust_795087,862.54,UPI,0,0,0.0,1,2,TIER_2,0.925,0,1,23,0
ord_32664352,cust_210443,3138.41,UPI,13,0,0.0,0,1,TIER_1_METRO,0.808,0,2,3,0
ord_26188828,cust_977407,988.63,COD,0,0,0.0,1,1,TIER_2,0.813,0,1,3,0
ord_40215254,cust_452195,2401.49,COD,0,0,0.0,1,2,TIER_1_METRO,0.59,2,1,0,0
ord_74505664,cust_682439,2235.8,CARD,0,0,0.0,1,1,TIER_3_HIGH_RISK,0.61,1,2,20,0
ord_47809281,cust_660424,2038.48,COD,8,0,0.0,0,1,TIER_1_METRO,0.746,1,1,21,0
ord_85169697,cust_216775,1031.98,COD,12,0,0.0,0,2,TIER_1_METRO,0.79,0,1,8,0
ord_73327232,cust_313827,486.96,COD,9,0,0.0,0,2,TIER_1_METRO,0.719,0,5,23,0
ord_46591531,cust_222603,683.04,COD,12,0,0.0,0,1,TIER_3_HIGH_RISK,0.748,2,1,22,1
ord_21592111,cust_914378,407.29,NETBANKING,4,0,0.0,0,1,TIER_2,0.726,2,4,0,0
ord_92716910,cust_546732,741.67,NETBANKING,0,0,0.0,1,2,TIER_1_METRO,0.795,0,1,18,0
ord_73588207,cust_478970,688.41,COD,0,0,0.0,1,1,TIER_3_HIGH_RISK,0.363,0,3,17,0
ord_21881412,cust_820183,1502.41,UPI,8,0,0.0,0,1,TIER_2,0.817,0,1,5,0
ord_82680808,cust_387401,3318.55,COD,5,1,0.2,0,1,TIER_2,0.507,0,2,8,1
ord_64900320,cust_566935,599.66,COD,7,0,0.0,0,1,TIER_2,0.961,1,1,18,0
ord_20897502,cust_102594,1213.87,COD,5,0,0.0,0,2,TIER_1_METRO,0.721,1,1,23,0
ord_43016347,cust_374068,2611.64,COD,16,0,0.0,0,1,TIER_1_METRO,0.918,0,1,19,0
ord_51920558,cust_701278,997.54,UPI,9,0,0.0,0,1,TIER_2,0.801,0,1,3,0
ord_82627077,cust_946964,1035.61,CARD,12,1,0.0833,0,3,TIER_3_HIGH_RISK,0.563,0,1,14,1
ord_17872277,cust_630413,1672.57,CARD,0,0,0.0,1,1,TIER_1_METRO,0.532,0,1,8,0
ord_15525633,cust_605626,2450.18,UPI,0,0,0.0,1,1,TIER_1_METRO,0.877,0,1,22,0
ord_26533981,cust_627350,2431.58,UPI,0,0,0.0,1,1,TIER_1_METRO,0.638,1,4,15,0
ord_11733391,cust_106088,2339.6,COD,5,0,0.0,0,4,TIER_2,0.793,0,1,8,1
ord_73352073,cust_481189,540.95,COD,19,0,0.0,0,3,TIER_2,0.715,3,8,13,1
ord_24823516,cust_171889,451.91,UPI,2,0,0.0,0,1,TIER_2,0.87,0,3,4,0
ord_65193995,cust_423054,1929.67,UPI,0,0,0.0,1,1,TIER_1_METRO,0.5,1,1,1,1
ord_21748768,cust_969875,890.94,CARD,6,0,0.0,0,1,TIER_3_HIGH_RISK,0.652,0,1,14,0
ord_61027732,cust_227852,955.62,COD,3,1,0.3333,0,1,TIER_3_HIGH_RISK,0.814,1,1,13,1
ord_20002457,cust_721300,2055.78,COD,6,0,0.0,0,1,TIER_2,0.798,0,1,14,0
ord_68544068,cust_331362,1184.47,COD,0,0,0.0,1,1,TIER_3_HIGH_RISK,0.783,2,2,8,1
ord_63578445,cust_985464,1388.67,COD,14,1,0.0714,0,4,TIER_1_METRO,0.728,0,1,9,1
ord_40773482,cust_435014,2957.13,COD,12,0,0.0,0,1,TIER_1_METRO,0.735,1,2,16,0
ord_78775060,cust_675606,1119.3,NETBANKING,16,0,0.0,0,2,TIER_2,0.938,2,1,3,0
ord_57050087,cust_445566,1955.45,UPI,0,0,0.0,1,1,TIER_2,0.899,0,4,1,0
ord_12429151,cust_841195,459.04,UPI,8,0,0.0,0,1,TIER_3_HIGH_RISK,0.796,2,2,17,0
ord_91088504,cust_395608,1996.47,COD,5,0,0.0,0,1,TIER_3_HIGH_RISK,0.492,0,1,3,1
ord_20736236,cust_814327,1368.21,UPI,3,0,0.0,0,1,TIER_2,0.477,0,2,14,0
ord_35653875,cust_835399,1999.59,CARD,3,0,0.0,0,4,TIER_3_HIGH_RISK,0.506,1,1,16,1
ord_97958171,cust_498267,1185.27,UPI,0,0,0.0,1,1,TIER_3_HIGH_RISK,0.689,1,4,20,1
ord_77107171,cust_616952,2983.88,UPI,13,0,0.0,0,1,TIER_1_METRO,0.922,0,1,1,0
ord_82340172,cust_238333,708.35,CARD,0,0,0.0,1,1,TIER_1_METRO,0.934,0,2,23,0
ord_18737723,cust_485891,832.43,UPI,2,0,0.0,0,1,TIER_2,0.523,0,2,20,0
ord_12925609,cust_995230,839.49,COD,0,0,0.0,1,1,TIER_2,0.827,0,1,16,0
ord_92947380,cust_455760,3239.71,UPI,2,2,1.0,0,1,TIER_2,0.913,0,1,18,1
ord_64101132,cust_484486,617.47,COD,0,0,0.0,1,2,TIER_2,0.658,1,1,13,0
ord_80665074,cust_514599,1446.34,COD,5,0,0.0,0,2,TIER_2,0.967,1,1,16,0
ord_93421863,cust_147266,2491.84,COD,6,1,0.1667,0,1,TIER_2,0.784,3,1,11,1
ord_55677485,cust_791445,849.2,COD,10,0,0.0,0,1,TIER_3_HIGH_RISK,0.744,0,1,17,0
ord_29320466,cust_123268,606.16,UPI,3,0,0.0,0,1,TIER_2,0.949,0,2,0,0
ord_66478333,cust_138718,651.93,UPI,8,1,0.125,0,2,TIER_3_HIGH_RISK,0.701,0,1,21,0
ord_24058071,cust_182607,952.5,NETBANKING,12,0,0.0,0,1,TIER_1_METRO,0.915,2,2,21,0
ord_29262886,cust_824794,806.96,COD,2,0,0.0,0,1,TIER_1_METRO,0.508,3,1,11,0
ord_45122798,cust_563999,1623.39,COD,7,1,0.1429,0,1,TIER_2,0.862,0,3,10,0
ord_13757974,cust_310995,303.16,UPI,4,0,0.0,0,1,TIER_3_HIGH_RISK,0.74,0,2,6,0
ord_46640608,cust_124022,1560.81,UPI,0,0,0.0,1,1,TIER_1_METRO,0.64,1,1,5,0
ord_55562388,cust_240880,4778.6,UPI,2,0,0.0,0,1,TIER_1_METRO,0.948,1,1,5,1
ord_45563453,cust_911372,4059.62,COD,0,0,0.0,1,2,TIER_1_METRO,0.89,1,2,12,1
ord_46073939,cust_937991,2490.25,COD,0,0,0.0,1,1,TIER_2,0.658,1,1,2,1
ord_26274309,cust_167824,854.23,CARD,7,1,0.1429,0,1,TIER_3_HIGH_RISK,0.715,2,1,4,1
ord_71902171,cust_742150,638.81,COD,8,0,0.0,0,1,TIER_3_HIGH_RISK,0.47,0,1,0,0
ord_20466615,cust_859893,2940.4,COD,0,0,0.0,1,1,TIER_1_METRO,0.844,0,1,19,0
ord_81066738,cust_566966,2333.64,CARD,0,0,0.0,1,1,TIER_2,0.754,0,1,5,0
ord_11998173,cust_318474,5666.28,CARD,6,0,0.0,0,2,TIER_2,0.683,0,1,14,0
ord_65257851,cust_703832,1025.91,COD,0,0,0.0,1,1,TIER_2,0.8,0,1,19,1
ord_94123279,cust_526542,1347.36,NETBANKING,17,0,0.0,0,1,TIER_2,0.707,0,1,21,0
ord_52812486,cust_317834,657.22,COD,0,0,0.0,1,1,TIER_2,0.828,0,1,21,1
ord_22523855,cust_197847,4128.59,UPI,0,0,0.0,1,1,TIER_3_HIGH_RISK,0.55,0,1,19,1
ord_54489781,cust_798512,1037.12,NETBANKING,0,0,0.0,1,1,TIER_1_METRO,0.577,0,1,7,0
ord_74807461,cust_128082,3887.07,COD,10,0,0.0,0,1,TIER_1_METRO,0.976,0,1,5,0
ord_67647084,cust_434705,1060.25,UPI,0,0,0.0,1,1,TIER_2,0.778,0,2,18,0
ord_64266388,cust_929418,1578.88,COD,0,0,0.0,1,1,TIER_1_METRO,0.91,0,1,11,1
ord_28640248,cust_540844,1687.51,COD,0,0,0.0,1,1,TIER_1_METRO,0.663,1,3,11,1
ord_28953728,cust_436243,2487.19,UPI,0,0,0.0,1,1,TIER_1_METRO,0.661,1,1,11,0
ord_18745662,cust_925535,943.02,COD,0,0,0.0,1,1,TIER_1_METRO,0.896,0,1,19,0
ord_20315271,cust_576948,3043.47,UPI,4,1,0.25,0,1,TIER_1_METRO,0.79,0,4,14,0
ord_64236488,cust_144619,2871.8,COD,7,0,0.0,0,5,TIER_2,0.978,0,2,5,1
ord_88427656,cust_226788,309.18,UPI,12,0,0.0,0,1,TIER_2,0.821,0,4,5,0
ord_71313915,cust_712404,249.0,UPI,13,0,0.0,0,1,TIER_3_HIGH_RISK,0.569,1,3,22,0
ord_50401561,cust_114202,1349.61,COD,6,0,0.0,0,1,TIER_1_METRO,0.687,2,5,12,0
ord_50279707,cust_308929,1732.97,COD,4,0,0.0,0,1,TIER_2,0.818,0,1,4,0
ord_47333769,cust_339990,554.2,UPI,1,0,0.0,0,1,TIER_2,0.643,0,3,3,0
ord_60288388,cust_463895,1421.99,UPI,0,0,0.0,1,1,TIER_2,0.884,0,1,5,0
ord_70966110,cust_182604,2083.54,UPI,0,0,0.0,1,1,TIER_1_METRO,0.535,0,1,18,0
ord_99366434,cust_719661,730.29,COD,4,0,0.0,0,1,TIER_1_METRO,0.73,0,1,10,0
ord_44447582,cust_908344,1917.97,COD,1,1,1.0,0,3,TIER_3_HIGH_RISK,0.785,2,1,7,0
ord_87184495,cust_396649,797.68,NETBANKING,0,0,0.0,1,1,TIER_1_METRO,0.732,0,1,3,0
ord_74201676,cust_365121,880.98,UPI,0,0,0.0,1,2,TIER_2,0.735,1,1,23,0
ord_45997148,cust_525775,3068.71,CARD,0,0,0.0,1,1,TIER_2,0.778,0,2,21,1
ord_92551106,cust_925745,1096.49,COD,3,0,0.0,0,1,TIER_2,0.87,0,1,20,0
ord_98096132,cust_754405,311.14,COD,13,0,0.0,0,1,TIER_1_METRO,0.929,1,1,12,0
ord_70476120,cust_439879,495.32,UPI,3,0,0.0,0,1,TIER_1_METRO,0.83,0,1,14,0
ord_75158990,cust_558538,473.45,COD,0,0,0.0,1,3,TIER_3_HIGH_RISK,0.722,1,4,16,1
ord_54362902,cust_241503,1219.04,CARD,0,0,0.0,1,1,TIER_1_METRO,0.801,2,1,3,0
ord_92325136,cust_853091,1273.7,COD,6,0,0.0,0,1,TIER_2,0.937,1,1,10,0
ord_22433196,cust_235183,1352.08,UPI,2,0,0.0,0,1,TIER_2,0.777,0,1,13,0
ord_24261565,cust_603028,322.26,UPI,1,0,0.0,0,1,TIER_2,0.94,1,2,13,0
ord_97092289,cust_617514,1155.8,UPI,2,0,0.0,0,2,TIER_1_METRO,0.58,2,4,4,0
ord_64103062,cust_107799,1892.75,UPI,0,0,0.0,1,1,TIER_1_METRO,0.837,2,3,11,0
ord_88494911,cust_157782,4060.38,UPI,2,0,0.0,0,1,TIER_2,0.929,1,2,5,0
ord_34388509,cust_642039,605.73,COD,0,0,0.0,1,1,TIER_3_HIGH_RISK,0.857,0,5,17,1
ord_50901228,cust_192326,1158.34,COD,0,0,0.0,1,1,TIER_1_METRO,0.963,0,4,6,0
ord_35171259,cust_866767,715.6,UPI,0,0,0.0,1,1,TIER_3_HIGH_RISK,0.373,0,1,7,0
ord_99380419,cust_398374,1349.78,UPI,0,0,0.0,1,2,TIER_1_METRO,0.799,0,2,18,0
ord_84010930,cust_689413,830.74,COD,22,0,0.0,0,1,TIER_2,0.585,2,2,23,0
ord_16134678,cust_884030,2374.06,COD,0,0,0.0,1,1,TIER_1_METRO,0.825,0,3,23,0
ord_28038884,cust_265992,2382.6,COD,0,0,0.0,1,2,TIER_2,0.615,0,1,10,1
ord_70279540,cust_894360,3560.36,CARD,7,0,0.0,0,1,TIER_2,0.875,0,1,2,0
ord_11330657,cust_797819,414.81,COD,3,0,0.0,0,3,TIER_2,0.735,0,2,9,1
ord_57942277,cust_880788,2461.4,UPI,0,0,0.0,1,1,TIER_3_HIGH_RISK,0.673,0,2,2,0
ord_13924482,cust_431429,532.84,UPI,3,0,0.0,0,1,TIER_2,0.563,1,1,12,0
ord_40461879,cust_716585,1688.93,CARD,0,0,0.0,1,2,TIER_3_HIGH_RISK,0.737,2,1,3,0
ord_52635059,cust_981196,2479.55,COD,8,0,0.0,0,2,TIER_1_METRO,0.845,0,1,14,0
ord_52539722,cust_368451,825.76,UPI,7,0,0.0,0,1,TIER_1_METRO,0.854,2,2,3,0
ord_94710223,cust_366404,930.42,COD,0,0,0.0,1,1,TIER_1_METRO,0.796,1,1,2,0
ord_33508102,cust_615303,846.48,UPI,0,0,0.0,1,1,TIER_1_METRO,0.702,0,2,5,0
ord_96185900,cust_519052,1307.58,UPI,0,0,0.0,1,1,TIER_2,0.531,2,2,7,0
ord_60500907,cust_819050,492.3,UPI,9,1,0.1111,0,1,TIER_1_METRO,0.875,3,2,5,0
ord_37135236,cust_746849,760.02,COD,0,0,0.0,1,1,TIER_1_METRO,0.91,0,1,7,0
ord_74269156,cust_282992,249.0,COD,11,0,0.0,0,2,TIER_1_METRO,0.925,2,1,9,0
ord_27257890,cust_473857,1376.7,COD,0,0,0.0,1,1,TIER_2,0.597,0,3,14,0
ord_99996873,cust_820687,696.37,NETBANKING,4,0,0.0,0,1,TIER_1_METRO,0.84,1,1,11,0
ord_27795759,cust_279111,249.0,COD,13,0,0.0,0,1,TIER_1_METRO,0.984,0,1,0,0
ord_18497552,cust_468406,1005.59,CARD,0,0,0.0,1,1,TIER_1_METRO,0.788,1,1,3,0
ord_69696180,cust_813297,2077.25,COD,16,0,0.0,0,1,TIER_2,0.778,0,1,19,0
ord_13017721,cust_938093,3541.33,UPI,0,0,0.0,1,1,TIER_2,0.707,0,2,13,0
ord_20339460,cust_334068,1045.07,COD,6,2,0.3333,0,1,TIER_1_METRO,0.788,0,2,8,1
ord_30411011,cust_916925,2157.32,COD,12,1,0.0833,0,4,TIER_2,0.906,0,2,13,0
ord_22883071,cust_370192,2187.86,CARD,0,0,0.0,1,3,TIER_2,0.696,0,1,15,0
ord_96497975,cust_576708,775.74,COD,0,0,0.0,1,2,TIER_1_METRO,0.799,1,1,16,0
ord_42766156,cust_432414,1168.87,COD,0,0,0.0,1,1,TIER_3_HIGH_RISK,0.868,1,1,7,0
ord_63347272,cust_248369,655.39,COD,12,0,0.0,0,1,TIER_2,0.894,1,1,19,1
ord_89966125,cust_707518,3851.86,CARD,5,0,0.0,0,1,TIER_1_METRO,0.993,0,1,18,0
ord_37058432,cust_710211,885.13,COD,0,0,0.0,1,1,TIER_1_METRO,0.935,1,3,18,0
ord_92051235,cust_292206,1530.31,COD,0,0,0.0,1,1,TIER_1_METRO,0.853,0,2,0,0
ord_51464131,cust_378369,712.99,COD,0,0,0.0,1,4,TIER_2,0.874,0,1,11,1
ord_47358841,cust_298187,679.13,COD,0,0,0.0,1,1,TIER_2,0.932,1,1,23,0
ord_12059385,cust_255312,697.67,UPI,13,0,0.0,0,3,TIER_1_METRO,0.399,2,2,3,0
ord_53189769,cust_522342,473.96,UPI,0,0,0.0,1,1,TIER_1_METRO,0.549,1,2,19,0
ord_30686655,cust_641689,1087.9,NETBANKING,0,0,0.0,1,1,TIER_2,0.927,0,1,10,0
ord_54787557,cust_281122,1217.93,CARD,0,0,0.0,1,1,TIER_1_METRO,0.853,2,1,23,0
ord_38525318,cust_570770,1820.47,COD,5,0,0.0,0,2,TIER_1_METRO,0.875,1,2,14,1
ord_97697746,cust_238235,1059.62,UPI,10,0,0.0,0,1,TIER_1_METRO,0.597,2,1,13,0
ord_45285473,cust_380850,1439.57,UPI,0,0,0.0,1,1,TIER_1_METRO,0.836,0,2,17,0
ord_68582691,cust_257873,1487.35,COD,0,0,0.0,1,1,TIER_1_METRO,0.906,2,1,0,1
ord_99019008,cust_126576,1974.6,UPI,2,0,0.0,0,1,TIER_1_METRO,0.68,0,4,9,0
ord_70132166,cust_412570,663.98,COD,3,0,0.0,0,2,TIER_3_HIGH_RISK,0.593,0,1,21,1
ord_14003487,cust_744052,1744.12,COD,16,0,0.0,0,1,TIER_1_METRO,0.968,1,2,15,0
ord_12253722,cust_943823,2101.29,COD,1,0,0.0,0,1,TIER_1_METRO,0.642,0,2,4,0
ord_19163766,cust_911531,1098.65,CARD,0,0,0.0,1,1,TIER_2,0.879,1,5,17,0
ord_98926440,cust_147907,686.59,UPI,8,0,0.0,0,4,TIER_1_METRO,0.856,0,1,6,0
ord_46446270,cust_902947,2704.8,COD,0,0,0.0,1,1,TIER_2,0.712,1,1,19,0
ord_60166883,cust_817654,2618.41,UPI,1,0,0.0,0,1,TIER_3_HIGH_RISK,0.8,2,1,16,0
ord_15674719,cust_355549,543.82,UPI,0,0,0.0,1,4,TIER_2,0.903,0,3,12,1
ord_60877374,cust_904069,725.03,UPI,7,1,0.1429,0,1,TIER_1_METRO,0.808,0,2,10,0
ord_37149854,cust_148419,593.7,UPI,0,0,0.0,1,1,TIER_2,0.805,0,1,5,1
ord_53694538,cust_787831,1699.47,CARD,6,0,0.0,0,1,TIER_2,0.648,0,2,4,0
ord_95641772,cust_198026,2806.51,CARD,0,0,0.0,1,1,TIER_3_HIGH_RISK,0.843,0,2,17,0
ord_84006537,cust_891894,584.26,COD,11,0,0.0,0,1,TIER_3_HIGH_RISK,0.704,0,1,2,1
ord_70288658,cust_995152,1967.53,COD,0,0,0.0,1,1,TIER_1_METRO,0.5,1,1,9,0
ord_38618453,cust_433477,3163.73,CARD,4,0,0.0,0,1,TIER_3_HIGH_RISK,0.672,0,1,5,0
ord_33388869,cust_549047,674.11,CARD,0,0,0.0,1,1,TIER_2,0.735,0,1,11,0
ord_58191644,cust_232321,3674.68,COD,0,0,0.0,1,1,TIER_1_METRO,0.466,3,1,3,0
ord_33043592,cust_535926,1655.86,CARD,13,0,0.0,0,1,TIER_1_METRO,0.954,0,2,16,0
ord_75548974,cust_307663,636.89,UPI,0,0,0.0,1,1,TIER_1_METRO,0.668,0,1,10,0
ord_41334729,cust_974756,1457.68,COD,7,0,0.0,0,2,TIER_3_HIGH_RISK,0.82,0,2,3,1
ord_64259773,cust_782159,1321.91,CARD,3,0,0.0,0,1,TIER_3_HIGH_RISK,0.564,3,3,16,1
ord_73975459,cust_828285,804.78,COD,0,0,0.0,1,1,TIER_2,0.704,0,1,10,1
ord_93624212,cust_494039,910.52,UPI,1,0,0.0,0,1,TIER_2,0.873,0,1,13,0
ord_36149594,cust_537867,821.82,CARD,11,0,0.0,0,3,TIER_1_METRO,0.767,0,2,1,0
ord_55745050,cust_254779,901.74,COD,1,0,0.0,0,1,TIER_3_HIGH_RISK,0.755,1,2,1,1
ord_13487104,cust_310674,4689.1,COD,14,0,0.0,0,4,TIER_2,0.916,0,1,14,1
ord_85404817,cust_522376,1152.46,COD,0,0,0.0,1,3,TIER_1_METRO,0.975,0,3,13,1
ord_91917620,cust_961656,396.84,UPI,6,0,0.0,0,2,TIER_2,0.46,3,1,9,0
ord_14975467,cust_802166,1756.74,CARD,4,0,0.0,0,1,TIER_3_HIGH_RISK,0.515,0,4,0,0
ord_58518372,cust_856913,1265.32,COD,9,1,0.1111,0,1,TIER_1_METRO,0.732,2,3,6,0
ord_12763357,cust_326608,729.39,UPI,0,0,0.0,1,1,TIER_1_METRO,0.939,0,2,20,0
ord_47938509,cust_659408,1195.3,UPI,0,0,0.0,1,2,TIER_1_METRO,0.876,2,3,3,0
ord_70637833,cust_892271,684.24,NETBANKING,4,0,0.0,0,2,TIER_2,0.464,0,3,19,0
ord_84429969,cust_452072,2069.98,COD,0,0,0.0,1,2,TIER_1_METRO,0.956,0,2,6,1
ord_24578363,cust_620146,1396.4,COD,0,0,0.0,1,1,TIER_3_HIGH_RISK,0.75,0,1,4,1
ord_74283282,cust_792241,2441.84,COD,0,0,0.0,1,1,TIER_2,0.785,1,5,9,0
ord_77115328,cust_508274,1334.09,COD,5,0,0.0,0,1,TIER_1_METRO,0.959,2,1,14,0
ord_39615163,cust_866333,1585.51,UPI,13,0,0.0,0,1,TIER_1_METRO,0.929,1,2,22,0
ord_67059478,cust_271825,2017.77,UPI,0,0,0.0,1,1,TIER_1_METRO,0.81,0,1,2,0
ord_92438757,cust_941694,790.15,COD,6,2,0.3333,0,5,TIER_2,0.725,1,2,22,1
ord_83658410,cust_714773,1544.52,UPI,14,1,0.0714,0,1,TIER_3_HIGH_RISK,0.718,2,1,14,0
ord_89614567,cust_223031,309.44,COD,0,0,0.0,1,1,TIER_1_METRO,0.923,0,2,11,0
ord_47626908,cust_404524,1519.35,UPI,18,0,0.0,0,1,TIER_2,0.8,2,1,4,0
ord_64302831,cust_544764,2518.5,COD,4,0,0.0,0,1,TIER_2,0.833,1,1,19,0
ord_85929310,cust_831951,1724.68,UPI,4,0,0.0,0,1,TIER_3_HIGH_RISK,0.576,0,2,3,1
ord_50949943,cust_495085,1717.65,COD,18,0,0.0,0,2,TIER_3_HIGH_RISK,0.462,1,1,3,0
ord_80594726,cust_318422,624.63,UPI,0,0,0.0,1,1,TIER_3_HIGH_RISK,0.684,0,1,0,1
ord_85594878,cust_555639,1110.31,UPI,6,0,0.0,0,1,TIER_3_HIGH_RISK,0.684,0,2,6,0
ord_45160184,cust_294006,3973.45,UPI,0,0,0.0,1,2,TIER_1_METRO,0.727,1,1,1,0
ord_62672750,cust_475631,707.11,UPI,9,0,0.0,0,2,TIER_1_METRO,0.753,1,1,7,0
ord_11569720,cust_771866,1965.41,COD,2,1,0.5,0,1,TIER_2,0.675,1,1,17,1
ord_88987338,cust_730175,1577.12,CARD,0,0,0.0,1,2,TIER_1_METRO,0.79,1,2,19,0
ord_87823788,cust_546624,959.66,UPI,11,0,0.0,0,1,TIER_1_METRO,0.819,1,3,19,0
ord_54807180,cust_711889,2200.8,COD,9,0,0.0,0,1,TIER_2,0.838,0,1,7,0
ord_16200646,cust_464236,1966.6,COD,0,0,0.0,1,1,TIER_1_METRO,0.822,0,2,14,1
ord_36947160,cust_769189,1879.2,UPI,14,3,0.2143,0,1,TIER_1_METRO,0.566,0,3,5,0
ord_22756935,cust_869680,1005.27,COD,0,0,0.0,1,1,TIER_2,0.822,1,1,21,0
ord_77368966,cust_624818,1499.14,COD,4,0,0.0,0,1,TIER_1_METRO,0.822,0,2,22,0
ord_92559572,cust_299530,1315.56,COD,0,0,0.0,1,1,TIER_3_HIGH_RISK,0.713,0,1,15,1
ord_26139153,cust_776124,958.27,COD,5,0,0.0,0,1,TIER_1_METRO,0.854,0,3,17,0
ord_57908590,cust_975662,1591.84,UPI,0,0,0.0,1,1,TIER_1_METRO,0.797,0,2,3,0
ord_14181726,cust_221729,1112.03,COD,0,0,0.0,1,1,TIER_2,0.78,1,1,22,0
ord_66416204,cust_332798,354.33,NETBANKING,3,0,0.0,0,1,TIER_2,0.907,0,1,2,0
ord_44099933,cust_265189,1158.1,UPI,0,0,0.0,1,2,TIER_3_HIGH_RISK,0.358,0,1,19,0
ord_88308332,cust_743887,1367.98,COD,6,0,0.0,0,4,TIER_1_METRO,0.712,2,1,20,0
ord_23049353,cust_507000,1523.08,UPI,0,0,0.0,1,4,TIER_1_METRO,0.679,3,2,8,1
ord_84042970,cust_784729,1363.05,COD,2,0,0.0,0,1,TIER_3_HIGH_RISK,0.341,0,1,21,1
ord_41079502,cust_350278,536.37,UPI,13,1,0.0769,0,1,TIER_3_HIGH_RISK,0.386,1,5,21,0
ord_25886372,cust_154918,1725.15,COD,13,1,0.0769,0,5,TIER_3_HIGH_RISK,0.84,0,1,20,1
ord_37726096,cust_672618,2573.38,COD,0,0,0.0,1,3,TIER_3_HIGH_RISK,0.593,0,1,4,1
ord_73226994,cust_858861,2455.32,COD,0,0,0.0,1,1,TIER_2,0.854,0,4,9,0
ord_47132658,cust_864291,4088.72,UPI,8,0,0.0,0,1,TIER_2,0.767,0,1,16,0
ord_70322781,cust_562735,5501.46,UPI,6,0,0.0,0,2,TIER_1_METRO,0.477,0,2,18,0
ord_86796444,cust_132835,249.0,CARD,20,1,0.05,0,1,TIER_1_METRO,0.352,1,4,10,0
ord_79768650,cust_634328,2196.97,NETBANKING,0,0,0.0,1,4,TIER_2,0.518,1,1,18,0
ord_24756739,cust_190888,917.61,COD,9,0,0.0,0,1,TIER_1_METRO,0.808,0,1,20,0
ord_90513261,cust_128063,590.85,UPI,0,0,0.0,1,1,TIER_3_HIGH_RISK,0.79,0,1,12,0
ord_89207198,cust_850219,1540.54,COD,3,0,0.0,0,3,TIER_1_METRO,0.742,0,1,23,0
ord_20598429,cust_347387,1216.03,COD,0,0,0.0,1,1,TIER_1_METRO,0.909,0,1,18,0
ord_55052863,cust_878574,2477.28,COD,5,0,0.0,0,1,TIER_1_METRO,0.862,2,2,14,0
ord_22633010,cust_639486,1752.54,UPI,9,0,0.0,0,1,TIER_1_METRO,0.588,0,2,16,0
ord_93214330,cust_102590,768.16,COD,10,1,0.1,0,1,TIER_3_HIGH_RISK,0.786,0,1,2,1
ord_92955872,cust_157477,449.84,COD,0,0,0.0,1,1,TIER_2,0.9,2,1,9,0
ord_88859551,cust_440047,1591.69,UPI,13,0,0.0,0,1,TIER_1_METRO,0.835,2,1,17,0
ord_37270507,cust_806209,901.97,COD,13,7,0.5385,0,7,TIER_1_METRO,0.565,0,1,9,1
ord_48175224,cust_146235,1796.54,UPI,4,0,0.0,0,3,TIER_1_METRO,0.457,1,1,17,0
ord_43978658,cust_724533,1069.6,COD,4,0,0.0,0,2,TIER_3_HIGH_RISK,0.454,0,2,23,1
ord_58320828,cust_392009,1472.01,UPI,0,0,0.0,1,2,TIER_2,0.843,1,1,7,0
ord_41299028,cust_616641,6655.06,COD,9,0,0.0,0,1,TIER_2,0.54,3,1,3,0
ord_10759848,cust_288727,2316.7,UPI,6,0,0.0,0,1,TIER_2,0.443,0,3,6,1
ord_72922874,cust_632724,2753.75,COD,0,0,0.0,1,1,TIER_2,0.843,0,2,0,0
ord_35955176,cust_891598,613.49,COD,0,0,0.0,1,1,TIER_3_HIGH_RISK,0.582,1,1,15,1
ord_41163841,cust_745253,428.52,CARD,5,0,0.0,0,1,TIER_3_HIGH_RISK,0.501,2,1,4,0
ord_98410441,cust_714822,3870.76,COD,0,0,0.0,1,2,TIER_2,0.889,0,2,1,1
ord_58120511,cust_911100,524.44,COD,1,0,0.0,0,1,TIER_2,0.868,2,3,5,1
ord_37845100,cust_465271,626.19,COD,0,0,0.0,1,1,TIER_2,0.8,2,1,5,0
ord_17834112,cust_931022,263.82,UPI,4,0,0.0,0,1,TIER_2,0.915,2,2,15,0
ord_52209016,cust_850039,493.16,NETBANKING,4,0,0.0,0,1,TIER_2,0.661,0,2,11,0
ord_97091071,cust_494048,1216.16,COD,0,0,0.0,1,1,TIER_1_METRO,0.755,0,1,14,0
ord_28463212,cust_758554,337.72,COD,8,1,0.125,0,1,TIER_1_METRO,0.759,0,1,17,0
ord_35423295,cust_623253,1748.98,CARD,0,0,0.0,1,1,TIER_2,0.847,0,3,11,1
ord_83667211,cust_532038,255.72,COD,0,0,0.0,1,1,TIER_1_METRO,0.903,0,1,16,0
ord_43875777,cust_607619,674.1,COD,5,1,0.2,0,3,TIER_2,0.777,1,2,20,0
ord_86798029,cust_208712,1259.07,COD,5,0,0.0,0,1,TIER_2,0.706,1,3,0,0
ord_20342588,cust_386603,1991.53,COD,0,0,0.0,1,1,TIER_2,0.922,2,2,18,0
ord_50657662,cust_830074,1038.38,COD,0,0,0.0,1,1,TIER_3_HIGH_RISK,0.776,1,1,0,0
ord_86079376,cust_907449,1092.1,UPI,6,1,0.1667,0,1,TIER_1_METRO,0.993,1,1,3,0
ord_83788019,cust_504593,249.0,COD,4,0,0.0,0,1,TIER_2,0.858,1,1,8,0
ord_22124055,cust_378900,2051.47,CARD,0,0,0.0,1,1,TIER_3_HIGH_RISK,0.685,0,2,2,0
ord_13636402,cust_299570,2603.16,NETBANKING,0,0,0.0,1,1,TIER_1_METRO,0.612,0,1,14,0
ord_53677912,cust_480457,1201.53,UPI,0,0,0.0,1,2,TIER_1_METRO,0.871,3,1,17,0
ord_72926675,cust_253893,1495.1,COD,0,0,0.0,1,1,TIER_3_HIGH_RISK,0.764,0,3,18,1
ord_91260962,cust_316886,515.76,COD,0,0,0.0,1,1,TIER_1_METRO,0.549,1,1,18,1
ord_89908991,cust_892465,2358.01,COD,4,0,0.0,0,1,TIER_3_HIGH_RISK,0.71,0,1,22,1
ord_22070834,cust_173247,1276.27,COD,2,1,0.5,0,2,TIER_3_HIGH_RISK,0.444,1,3,14,1
ord_52204785,cust_820570,828.09,COD,0,0,0.0,1,1,TIER_2,0.428,0,1,12,0
ord_43203861,cust_708527,1278.68,CARD,12,0,0.0,0,1,TIER_1_METRO,0.73,0,2,10,0
ord_75622576,cust_396306,1411.7,UPI,7,1,0.1429,0,3,TIER_2,0.922,1,1,4,1
ord_12592316,cust_859242,2308.01,CARD,1,0,0.0,0,4,TIER_3_HIGH_RISK,0.741,1,1,6,1
ord_35262277,cust_141530,1061.27,COD,4,0,0.0,0,1,TIER_3_HIGH_RISK,0.58,0,1,13,1
ord_74259515,cust_886825,732.29,CARD,0,0,0.0,1,1,TIER_1_METRO,0.71,0,8,2,0
ord_63376963,cust_339285,784.87,UPI,5,0,0.0,0,4,TIER_3_HIGH_RISK,0.653,3,2,9,1
ord_19900154,cust_691850,2231.96,UPI,6,0,0.0,0,3,TIER_2,0.784,1,1,5,0
ord_48676626,cust_588373,3431.47,UPI,0,0,0.0,1,2,TIER_1_METRO,0.695,1,2,8,0
ord_87086898,cust_638908,1536.83,UPI,0,0,0.0,1,1,TIER_3_HIGH_RISK,0.678,1,2,0,1
ord_40249071,cust_244776,574.85,UPI,4,0,0.0,0,1,TIER_3_HIGH_RISK,0.592,0,1,6,0
ord_24804511,cust_872793,792.57,CARD,3,1,0.3333,0,1,TIER_1_METRO,0.852,0,2,3,0
ord_84950504,cust_652275,10797.3,COD,2,0,0.0,0,1,TIER_2,0.826,1,1,17,1
ord_70787892,cust_954721,1746.55,COD,0,0,0.0,1,1,TIER_1_METRO,0.774,0,1,12,0
ord_44396761,cust_569209,1404.52,UPI,0,0,0.0,1,4,TIER_2,0.6,1,1,22,1
ord_53749282,cust_447806,845.48,COD,15,0,0.0,0,2,TIER_1_METRO,0.723,0,1,2,0
ord_47564874,cust_310128,1477.48,CARD,8,0,0.0,0,1,TIER_2,0.567,0,2,16,0
ord_41061293,cust_833251,3405.89,COD,0,0,0.0,1,1,TIER_1_METRO,0.74,0,3,1,1
ord_61951074,cust_373994,2211.42,CARD,12,1,0.0833,0,1,TIER_2,0.701,0,1,18,0
ord_51164396,cust_392490,4245.12,UPI,6,2,0.3333,0,1,TIER_1_METRO,0.958,1,3,5,0
ord_35258148,cust_485145,687.89,UPI,0,0,0.0,1,1,TIER_1_METRO,0.861,2,2,22,0
ord_19271125,cust_172372,1003.66,COD,6,0,0.0,0,4,TIER_2,0.64,0,1,6,0
ord_51129759,cust_891032,724.38,COD,0,0,0.0,1,1,TIER_3_HIGH_RISK,0.771,1,1,8,1
ord_36996639,cust_974261,2313.15,COD,2,0,0.0,0,1,TIER_1_METRO,0.856,3,2,22,0
ord_69910712,cust_341147,1664.52,COD,0,0,0.0,1,1,TIER_2,0.975,0,1,7,0
ord_37950196,cust_877725,1258.94,NETBANKING,7,0,0.0,0,1,TIER_1_METRO,0.774,0,2,1,0
ord_53105220,cust_832555,657.48,COD,6,0,0.0,0,1,TIER_3_HIGH_RISK,0.691,0,4,3,1
ord_80618176,cust_497974,1473.1,UPI,0,0,0.0,1,1,TIER_1_METRO,0.855,3,2,8,0
ord_19694535,cust_630942,635.47,UPI,0,0,0.0,1,2,TIER_2,0.893,0,2,3,0
ord_74076530,cust_486009,799.73,CARD,4,1,0.25,0,1,TIER_1_METRO,0.811,0,1,9,0
ord_68365555,cust_761574,1690.61,COD,0,0,0.0,1,1,TIER_1_METRO,0.71,0,1,19,0
ord_55209051,cust_561540,961.75,UPI,1,0,0.0,0,1,TIER_1_METRO,0.624,1,1,1,0
ord_62617967,cust_844271,746.03,NETBANKING,0,0,0.0,1,3,TIER_1_METRO,0.721,1,1,17,0
ord_24689949,cust_407181,840.06,COD,7,0,0.0,0,1,TIER_1_METRO,0.423,0,1,22,0
ord_16969369,cust_604254,1738.38,UPI,0,0,0.0,1,2,TIER_2,0.647,0,3,23,0
ord_50174673,cust_813839,581.21,COD,0,0,0.0,1,5,TIER_1_METRO,0.504,0,1,8,1
ord_29975372,cust_247215,725.3,UPI,13,0,0.0,0,1,TIER_1_METRO,0.708,1,1,21,0
ord_63938971,cust_346150,585.8,COD,5,0,0.0,0,1,TIER_3_HIGH_RISK,0.763,0,1,7,0
ord_91509173,cust_821580,1653.07,COD,11,0,0.0,0,1,TIER_2,0.716,0,1,20,0
ord_50840312,cust_146475,5592.16,UPI,0,0,0.0,1,1,TIER_1_METRO,0.771,0,3,10,0
ord_61743858,cust_157858,531.21,COD,0,0,0.0,1,3,TIER_2,0.718,1,2,18,1
ord_57108178,cust_978258,415.9,UPI,0,0,0.0,1,1,TIER_3_HIGH_RISK,0.473,2,3,3,0
ord_85134271,cust_154459,249.0,COD,3,0,0.0,0,1,TIER_2,0.748,1,3,21,0
ord_36365210,cust_913389,1908.81,NETBANKING,5,0,0.0,0,1,TIER_1_METRO,0.786,0,1,14,0
ord_54134346,cust_484910,3366.13,COD,3,1,0.3333,0,1,TIER_1_METRO,0.521,2,3,12,0
ord_29989274,cust_405005,391.81,UPI,0,0,0.0,1,1,TIER_2,0.717,0,2,20,0
ord_63293585,cust_254736,1836.1,CARD,0,0,0.0,1,1,TIER_3_HIGH_RISK,0.71,0,2,18,1
ord_66112266,cust_764990,1092.2,COD,5,0,0.0,0,1,TIER_1_METRO,0.934,0,5,15,0
ord_57209261,cust_521350,5577.55,NETBANKING,6,0,0.0,0,1,TIER_3_HIGH_RISK,0.746,0,2,19,0
ord_96308041,cust_640192,1321.45,UPI,15,0,0.0,0,1,TIER_2,0.579,2,8,1,0
ord_22832377,cust_846256,1613.79,COD,10,1,0.1,0,1,TIER_1_METRO,0.886,2,1,4,1
ord_44961971,cust_188499,421.0,UPI,0,0,0.0,1,1,TIER_3_HIGH_RISK,0.526,0,1,14,0
ord_21476429,cust_779520,4592.11,UPI,0,0,0.0,1,2,TIER_2,0.844,0,1,15,1
ord_76881679,cust_284348,274.69,UPI,0,0,0.0,1,1,TIER_1_METRO,0.368,0,1,17,0
ord_63367513,cust_390604,1993.84,UPI,0,0,0.0,1,2,TIER_1_METRO,0.778,0,2,8,0
ord_53648136,cust_359717,4353.42,CARD,1,0,0.0,0,1,TIER_3_HIGH_RISK,0.561,0,1,1,0
ord_33213953,cust_286845,622.77,COD,7,0,0.0,0,1,TIER_1_METRO,0.715,0,2,11,0
ord_51484903,cust_517757,1179.53,COD,3,0,0.0,0,1,TIER_1_METRO,0.813,0,2,23,0
ord_61555629,cust_459553,1064.54,UPI,1,0,0.0,0,1,TIER_1_METRO,0.478,0,2,5,0
ord_15088268,cust_963459,1706.82,CARD,0,0,0.0,1,1,TIER_1_METRO,0.625,0,1,19,0
ord_34210512,cust_317054,508.96,NETBANKING,0,0,0.0,1,1,TIER_2,0.804,1,1,21,0
ord_80891028,cust_726305,2212.66,UPI,0,0,0.0,1,1,TIER_3_HIGH_RISK,0.702,0,3,16,0
ord_39509068,cust_179449,2522.98,CARD,6,1,0.1667,0,3,TIER_3_HIGH_RISK,0.259,0,3,23,1
ord_40580703,cust_395843,1766.94,UPI,0,0,0.0,1,1,TIER_1_METRO,0.765,1,3,16,0
ord_69193912,cust_767702,966.35,COD,1,0,0.0,0,1,TIER_1_METRO,0.743,1,1,6,1
ord_26413806,cust_611559,249.0,COD,12,1,0.0833,0,1,TIER_2,0.572,0,2,1,1
ord_78841193,cust_906397,618.41,CARD,2,0,0.0,0,1,TIER_1_METRO,0.694,1,2,3,0
ord_74402892,cust_747377,481.87,COD,6,1,0.1667,0,1,TIER_1_METRO,0.679,0,3,11,0
ord_29933180,cust_504225,2905.83,COD,0,0,0.0,1,2,TIER_1_METRO,0.675,0,2,2,0
ord_81178892,cust_905482,360.44,COD,3,0,0.0,0,1,TIER_2,0.62,3,2,22,0
ord_23458496,cust_565924,1260.79,UPI,4,0,0.0,0,1,TIER_3_HIGH_RISK,0.63,1,2,2,0
ord_80067827,cust_212446,1388.62,COD,5,1,0.2,0,1,TIER_2,0.679,0,1,19,1
ord_87696863,cust_544540,511.4,COD,0,0,0.0,1,1,TIER_1_METRO,0.953,2,1,1,1
ord_56267957,cust_809914,821.84,COD,3,1,0.3333,0,1,TIER_2,0.71,2,4,8,1
ord_46847763,cust_110934,4104.64,UPI,9,1,0.1111,0,1,TIER_2,0.671,0,1,6,0
ord_21885324,cust_209602,4556.75,COD,13,0,0.0,0,2,TIER_1_METRO,0.822,2,1,4,0
ord_97144164,cust_344042,3277.67,COD,10,0,0.0,0,1,TIER_1_METRO,0.777,0,1,20,0
ord_13800760,cust_589100,1202.49,UPI,0,0,0.0,1,1,TIER_1_METRO,0.705,0,1,23,0
ord_30937178,cust_550757,619.17,COD,0,0,0.0,1,1,TIER_1_METRO,0.617,0,2,10,1
ord_38613621,cust_210947,2528.29,UPI,0,0,0.0,1,1,TIER_2,0.647,3,1,9,0
ord_79538564,cust_860528,2253.17,COD,5,0,0.0,0,1,TIER_2,0.807,0,1,4,0
ord_38886746,cust_524363,4180.17,UPI,9,0,0.0,0,1,TIER_1_METRO,0.984,1,1,15,0
ord_46179145,cust_367204,1101.26,COD,0,0,0.0,1,1,TIER_1_METRO,0.747,0,3,6,0
ord_85434208,cust_629885,836.74,CARD,0,0,0.0,1,1,TIER_1_METRO,0.703,0,1,3,0
ord_33056282,cust_614918,1346.8,COD,0,0,0.0,1,1,TIER_2,0.762,0,1,17,0
ord_51720218,cust_721965,981.14,UPI,2,0,0.0,0,4,TIER_1_METRO,0.765,0,2,18,0
ord_27298460,cust_473242,1179.0,COD,20,0,0.0,0,1,TIER_1_METRO,0.902,0,1,6,1
ord_83592863,cust_750761,3232.95,UPI,7,0,0.0,0,1,TIER_1_METRO,0.959,0,4,4,0
ord_99858638,cust_979997,606.43,UPI,0,0,0.0,1,1,TIER_1_METRO,0.872,2,2,21,0
ord_75055568,cust_168745,805.22,COD,0,0,0.0,1,2,TIER_1_METRO,0.754,2,1,9,1
ord_62212945,cust_672305,520.0,UPI,5,1,0.2,0,2,TIER_3_HIGH_RISK,0.416,0,1,1,0
ord_94759500,cust_993242,879.07,COD,0,0,0.0,1,1,TIER_1_METRO,0.833,1,2,10,1
ord_99555533,cust_235811,1115.5,UPI,9,2,0.2222,0,1,TIER_2,0.914,0,2,4,0
ord_79437340,cust_224109,1751.61,UPI,0,0,0.0,1,1,TIER_1_METRO,0.887,0,1,3,0
ord_45490172,cust_565718,576.97,COD,9,0,0.0,0,1,TIER_2,0.705,0,1,19,0
ord_51969656,cust_189067,441.22,UPI,11,0,0.0,0,1,TIER_2,0.603,1,1,22,0
ord_11279372,cust_113570,1088.38,COD,8,3,0.375,0,4,TIER_1_METRO,0.57,0,3,11,1
ord_99966606,cust_486230,608.6,NETBANKING,4,0,0.0,0,1,TIER_1_METRO,0.767,0,2,15,0
ord_23721794,cust_805658,2474.21,COD,0,0,0.0,1,1,TIER_2,0.721,0,1,2,1
ord_96963106,cust_597288,436.26,COD,6,0,0.0,0,1,TIER_3_HIGH_RISK,0.781,2,4,6,1
ord_16252551,cust_795854,1115.37,COD,3,0,0.0,0,2,TIER_2,0.87,0,1,17,0
ord_74261658,cust_571358,1018.08,COD,8,0,0.0,0,2,TIER_1_METRO,0.733,1,1,10,0
ord_91406572,cust_464211,1893.5,UPI,0,0,0.0,1,1,TIER_2,0.957,1,1,22,0
ord_58436828,cust_229516,1997.57,UPI,0,0,0.0,1,1,TIER_1_METRO,0.837,0,1,13,0
ord_49275054,cust_417241,1114.06,CARD,0,0,0.0,1,1,TIER_2,0.522,0,1,16,0
ord_35292122,cust_974123,2722.36,COD,7,0,0.0,0,1,TIER_1_METRO,0.812,1,5,2,0
ord_30811680,cust_861563,740.79,COD,3,0,0.0,0,1,TIER_3_HIGH_RISK,0.681,0,4,9,0
ord_90929221,cust_350736,605.17,COD,6,1,0.1667,0,2,TIER_3_HIGH_RISK,0.675,0,1,1,1
ord_93836420,cust_846640,1067.28,COD,5,0,0.0,0,3,TIER_3_HIGH_RISK,0.469,3,3,23,1
ord_84183397,cust_156467,1873.66,NETBANKING,4,0,0.0,0,1,TIER_2,0.901,0,1,3,0
ord_29244209,cust_940350,2224.26,UPI,1,0,0.0,0,1,TIER_3_HIGH_RISK,0.719,0,1,2,0
ord_23627775,cust_644428,939.21,COD,0,0,0.0,1,1,TIER_1_METRO,0.786,0,1,19,0
ord_91718171,cust_500337,501.01,NETBANKING,0,0,0.0,1,5,TIER_3_HIGH_RISK,0.761,2,2,16,1
ord_77793007,cust_302898,2707.02,UPI,0,0,0.0,1,1,TIER_2,0.644,0,1,3,0
ord_11506440,cust_797757,491.96,UPI,11,0,0.0,0,3,TIER_1_METRO,0.874,0,2,5,0
ord_85232019,cust_312243,642.17,UPI,0,0,0.0,1,2,TIER_3_HIGH_RISK,0.918,0,3,19,0
ord_50744495,cust_979950,249.0,COD,3,1,0.3333,0,4,TIER_3_HIGH_RISK,0.576,0,1,14,1
ord_69394758,cust_949868,674.53,COD,4,0,0.0,0,4,TIER_2,0.957,0,2,6,0
ord_62849274,cust_773056,1615.37,UPI,4,0,0.0,0,1,TIER_3_HIGH_RISK,0.847,0,1,14,0
ord_46982693,cust_781060,370.11,COD,12,0,0.0,0,1,TIER_1_METRO,0.774,2,1,14,0
ord_66018784,cust_222659,1925.49,CARD,0,0,0.0,1,1,TIER_1_METRO,0.65,1,1,4,0
ord_15071915,cust_414221,1227.47,UPI,7,0,0.0,0,4,TIER_2,0.794,0,2,12,0
ord_20999719,cust_155277,802.45,UPI,0,0,0.0,1,1,TIER_2,0.701,1,1,2,0
ord_63520939,cust_415044,511.23,CARD,16,1,0.0625,0,1,TIER_1_METRO,0.73,0,1,12,1
ord_48752795,cust_632114,714.39,COD,5,0,0.0,0,1,TIER_1_METRO,0.95,2,2,12,0
ord_34595230,cust_194096,1481.42,UPI,11,1,0.0909,0,1,TIER_3_HIGH_RISK,0.709,0,1,23,1
ord_56489207,cust_501889,2038.91,UPI,8,0,0.0,0,1,TIER_3_HIGH_RISK,0.741,2,1,19,0
ord_84780252,cust_324059,394.94,UPI,4,0,0.0,0,1,TIER_2,0.823,2,1,22,0
ord_26304297,cust_927307,2225.57,COD,0,0,0.0,1,1,TIER_1_METRO,0.661,1,2,22,1
ord_78532150,cust_514745,2215.14,UPI,3,0,0.0,0,3,TIER_3_HIGH_RISK,0.367,2,1,18,1
ord_36150956,cust_413142,586.35,UPI,0,0,0.0,1,1,TIER_2,0.769,0,1,19,0
ord_96812839,cust_184300,1328.71,COD,3,0,0.0,0,1,TIER_1_METRO,0.797,0,1,7,0
ord_85827800,cust_933778,1474.47,COD,0,0,0.0,1,1,TIER_3_HIGH_RISK,0.707,1,1,17,1
ord_78590041,cust_387010,12447.47,UPI,0,0,0.0,1,1,TIER_2,0.909,0,1,9,1
ord_90088377,cust_877765,1060.54,COD,7,0,0.0,0,1,TIER_1_METRO,0.5,0,1,8,0
ord_60690929,cust_378336,858.64,COD,3,0,0.0,0,1,TIER_2,0.833,1,2,4,1
ord_63393129,cust_320826,2170.46,COD,7,0,0.0,0,7,TIER_1_METRO,0.578,1,1,18,0
ord_51540754,cust_771544,3972.43,UPI,0,0,0.0,1,1,TIER_1_METRO,0.674,0,5,8,0
ord_11732141,cust_783641,1642.58,COD,0,0,0.0,1,2,TIER_1_METRO,0.987,2,1,1,0
ord_15050058,cust_727943,4624.89,NETBANKING,1,0,0.0,0,1,TIER_1_METRO,0.85,1,3,12,0
ord_45966581,cust_389006,1723.39,CARD,0,0,0.0,1,1,TIER_1_METRO,0.835,0,2,11,1
ord_41852787,cust_184984,3272.45,COD,7,0,0.0,0,2,TIER_2,0.814,0,1,19,1
ord_12276360,cust_895736,3058.8,UPI,0,0,0.0,1,1,TIER_1_METRO,0.953,1,1,2,0
ord_87579686,cust_800375,1353.19,CARD,0,0,0.0,1,1,TIER_3_HIGH_RISK,0.397,1,3,10,0
ord_52729836,cust_759893,2209.86,COD,3,1,0.3333,0,4,TIER_1_METRO,0.774,2,3,20,1
ord_76008862,cust_442240,2555.2,COD,10,0,0.0,0,1,TIER_1_METRO,0.888,1,2,20,0
ord_62576779,cust_583843,357.94,COD,11,0,0.0,0,1,TIER_1_METRO,0.603,0,2,12,0
ord_49171924,cust_285517,6621.56,UPI,0,0,0.0,1,2,TIER_1_METRO,0.579,0,2,1,0
ord_93260243,cust_385233,875.82,UPI,14,0,0.0,0,1,TIER_2,0.774,1,2,21,0
ord_67050790,cust_944032,270.1,CARD,6,0,0.0,0,1,TIER_3_HIGH_RISK,0.681,3,2,0,1
ord_73775147,cust_179870,4290.59,CARD,4,0,0.0,0,1,TIER_1_METRO,0.969,1,1,20,0
ord_33195170,cust_946444,1415.94,COD,3,0,0.0,0,1,TIER_3_HIGH_RISK,0.502,2,1,18,1
ord_40831219,cust_611933,8306.91,COD,0,0,0.0,1,1,TIER_2,0.823,1,1,23,1
ord_87848913,cust_740416,1012.29,COD,3,0,0.0,0,1,TIER_2,0.751,2,1,13,0
ord_66870756,cust_637639,978.15,COD,6,2,0.3333,0,2,TIER_2,0.51,1,2,3,1
ord_38135480,cust_990797,1054.64,CARD,5,0,0.0,0,1,TIER_1_METRO,0.782,1,1,6,0
ord_93800357,cust_706271,2324.76,UPI,7,1,0.1429,0,4,TIER_3_HIGH_RISK,0.666,1,2,13,0
ord_40271417,cust_776355,506.1,COD,6,1,0.1667,0,1,TIER_1_METRO,0.896,0,1,6,1
ord_79298432,cust_933401,3952.89,CARD,7,0,0.0,0,1,TIER_1_METRO,0.756,1,1,9,0
ord_57226729,cust_826099,701.96,COD,6,0,0.0,0,1,TIER_2,0.735,0,1,9,0
ord_23059040,cust_470719,460.99,UPI,12,3,0.25,0,1,TIER_3_HIGH_RISK,0.628,2,1,9,0
ord_58320330,cust_490721,702.52,COD,6,1,0.1667,0,1,TIER_1_METRO,0.972,3,2,10,0
ord_30619856,cust_500607,872.6,UPI,0,0,0.0,1,3,TIER_3_HIGH_RISK,0.6,1,3,5,1
ord_28152861,cust_151500,840.77,CARD,6,0,0.0,0,1,TIER_1_METRO,0.746,0,1,23,0
ord_67698477,cust_915226,2046.27,CARD,4,0,0.0,0,4,TIER_2,0.991,1,1,4,0
ord_29145619,cust_213209,1235.56,COD,3,1,0.3333,0,2,TIER_2,0.945,0,2,8,1
ord_92537517,cust_474673,3166.45,COD,8,0,0.0,0,1,TIER_2,0.76,0,4,1,1
ord_52854385,cust_958515,1735.58,UPI,0,0,0.0,1,1,TIER_3_HIGH_RISK,0.503,0,2,23,0
ord_55600430,cust_403588,4280.96,UPI,2,0,0.0,0,3,TIER_1_METRO,0.817,0,1,8,0
ord_97793077,cust_641055,5526.14,CARD,0,0,0.0,1,1,TIER_1_METRO,0.854,2,1,9,1
ord_64206558,cust_806826,663.89,CARD,8,0,0.0,0,1,TIER_1_METRO,0.764,1,2,20,0
ord_99811317,cust_619357,2091.71,COD,0,0,0.0,1,1,TIER_1_METRO,0.976,0,1,1,0
ord_27579065,cust_838985,4034.09,COD,5,0,0.0,0,2,TIER_1_METRO,0.761,0,5,20,0
ord_28969167,cust_976098,777.99,UPI,3,1,0.3333,0,2,TIER_1_METRO,0.933,0,3,10,0
ord_29699313,cust_189788,1912.3,CARD,0,0,0.0,1,1,TIER_3_HIGH_RISK,0.383,0,2,16,1
ord_18306931,cust_221497,995.27,COD,7,0,0.0,0,1,TIER_1_METRO,0.78,3,2,22,0
ord_74168739,cust_668944,623.12,COD,0,0,0.0,1,3,TIER_1_METRO,0.893,2,2,21,1
ord_26230378,cust_474313,602.13,UPI,10,0,0.0,0,2,TIER_2,0.825,0,1,19,0
ord_29931456,cust_820380,2074.08,COD,5,0,0.0,0,1,TIER_2,0.74,0,1,1,0
ord_48834379,cust_492938,365.1,COD,7,0,0.0,0,1,TIER_1_METRO,0.862,0,1,8,0
ord_94538772,cust_603646,2499.22,COD,0,0,0.0,1,3,TIER_3_HIGH_RISK,0.56,2,1,21,1
ord_98827492,cust_370153,7685.29,CARD,0,0,0.0,1,1,TIER_1_METRO,0.801,0,1,16,0
ord_81975804,cust_633210,1587.02,UPI,4,0,0.0,0,1,TIER_3_HIGH_RISK,0.759,0,1,3,0
ord_58130342,cust_574656,1013.72,UPI,14,0,0.0,0,4,TIER_2,0.825,0,1,6,0
ord_18667126,cust_454168,1008.9,UPI,5,1,0.2,0,1,TIER_3_HIGH_RISK,0.681,0,2,6,0
ord_45463343,cust_109958,4293.55,UPI,0,0,0.0,1,1,TIER_2,0.537,1,3,9,0
ord_87688894,cust_310244,3127.01,COD,11,0,0.0,0,7,TIER_3_HIGH_RISK,0.779,0,1,3,1
ord_13313723,cust_345377,286.14,CARD,0,0,0.0,1,1,TIER_1_METRO,0.851,1,3,6,0
ord_80030848,cust_265211,1036.31,COD,0,0,0.0,1,1,TIER_2,0.951,0,1,20,0
ord_95711044,cust_604948,749.1,COD,0,0,0.0,1,2,TIER_3_HIGH_RISK,0.429,3,2,3,1
ord_87827225,cust_190027,2180.88,UPI,0,0,0.0,1,1,TIER_1_METRO,0.821,2,1,7,0
ord_50004651,cust_509852,841.78,UPI,0,0,0.0,1,1,TIER_1_METRO,0.761,0,1,1,0
ord_65745877,cust_652359,631.44,COD,11,0,0.0,0,1,TIER_2,0.7,0,1,8,0
ord_11838346,cust_504243,808.38,UPI,13,0,0.0,0,1,TIER_2,0.558,2,1,11,0
ord_30440391,cust_987442,1218.74,COD,6,0,0.0,0,1,TIER_1_METRO,0.367,1,2,22,0
ord_12837689,cust_379067,1077.09,UPI,0,0,0.0,1,4,TIER_3_HIGH_RISK,0.691,0,1,18,1
ord_79089289,cust_509180,940.83,COD,0,0,0.0,1,2,TIER_1_METRO,0.685,2,1,5,1
ord_32636109,cust_220198,2184.73,COD,4,0,0.0,0,1,TIER_2,0.665,0,3,16,0
ord_39608705,cust_789415,528.89,COD,0,0,0.0,1,2,TIER_1_METRO,0.34,3,1,10,1
ord_87960088,cust_496302,1416.9,COD,9,1,0.1111,0,4,TIER_3_HIGH_RISK,0.574,0,1,21,0
ord_31490505,cust_277195,1410.43,COD,0,0,0.0,1,1,TIER_2,0.914,0,2,9,0
ord_53627391,cust_592089,3488.81,COD,7,0,0.0,0,1,TIER_1_METRO,0.901,2,2,16,0
ord_42121967,cust_792822,697.69,UPI,1,0,0.0,0,3,TIER_1_METRO,0.799,0,1,2,0
ord_13700568,cust_527047,431.03,UPI,5,0,0.0,0,1,TIER_1_METRO,0.841,2,1,5,0
ord_14812585,cust_500852,3926.49,UPI,0,0,0.0,1,1,TIER_2,0.93,0,3,7,0
ord_59440284,cust_564829,882.9,COD,2,0,0.0,0,2,TIER_2,0.788,0,1,3,0
ord_87755705,cust_602270,1826.34,UPI,0,0,0.0,1,1,TIER_3_HIGH_RISK,0.429,0,5,19,1
ord_46093497,cust_426543,1492.05,UPI,0,0,0.0,1,2,TIER_3_HIGH_RISK,0.591,0,1,2,1
ord_49203166,cust_890428,1374.87,UPI,0,0,0.0,1,1,TIER_2,0.89,1,3,12,0
ord_78836237,cust_342591,1559.36,COD,0,0,0.0,1,1,TIER_2,0.921,0,1,14,0
ord_11712189,cust_906147,439.3,NETBANKING,15,2,0.1333,0,1,TIER_1_METRO,0.908,2,1,16,0
ord_82265622,cust_274380,2675.28,UPI,3,0,0.0,0,1,TIER_1_METRO,0.796,1,3,19,0
ord_95906960,cust_359517,2478.87,CARD,5,0,0.0,0,1,TIER_3_HIGH_RISK,0.535,0,3,18,0
ord_98849481,cust_381907,1470.72,CARD,0,0,0.0,1,1,TIER_1_METRO,0.595,0,1,10,0
ord_69537422,cust_399329,923.74,UPI,0,0,0.0,1,2,TIER_1_METRO,0.815,0,1,14,0
ord_38439575,cust_399117,5537.01,COD,3,0,0.0,0,1,TIER_3_HIGH_RISK,0.462,1,1,6,1
ord_51428124,cust_495107,1217.14,COD,0,0,0.0,1,1,TIER_1_METRO,0.878,1,1,1,1
ord_38964394,cust_673248,4131.95,UPI,0,0,0.0,1,1,TIER_2,0.963,0,1,14,0
ord_94194703,cust_805051,1186.17,COD,0,0,0.0,1,1,TIER_1_METRO,0.904,1,1,19,0
ord_19816702,cust_924580,2388.69,UPI,0,0,0.0,1,1,TIER_2,0.807,1,2,9,1
ord_78269539,cust_525377,358.85,COD,0,0,0.0,1,1,TIER_1_METRO,0.754,1,4,15,0
ord_99498130,cust_129469,4564.05,UPI,7,0,0.0,0,1,TIER_3_HIGH_RISK,0.757,1,1,19,0
ord_73368711,cust_214527,3194.37,COD,5,0,0.0,0,3,TIER_1_METRO,0.693,3,1,6,0
ord_85142815,cust_423733,1553.71,UPI,0,0,0.0,1,1,TIER_1_METRO,0.83,3,1,23,0
ord_51149257,cust_568205,1696.48,CARD,0,0,0.0,1,2,TIER_2,0.568,0,1,8,0
ord_88797826,cust_885139,1550.29,UPI,0,0,0.0,1,1,TIER_1_METRO,0.58,1,2,23,0
ord_43976813,cust_886360,1044.17,UPI,8,1,0.125,0,1,TIER_1_METRO,0.825,1,3,8,0
ord_31596739,cust_459512,1233.0,UPI,9,0,0.0,0,4,TIER_2,0.525,0,2,14,0
ord_10250231,cust_512545,2146.5,UPI,8,1,0.125,0,2,TIER_1_METRO,0.671,1,4,12,1
ord_70974218,cust_390349,886.67,UPI,0,0,0.0,1,1,TIER_1_METRO,0.874,1,2,8,0
ord_90512624,cust_281839,3481.02,COD,0,0,0.0,1,1,TIER_3_HIGH_RISK,0.751,0,1,1,1
ord_13926888,cust_728300,5794.02,COD,0,0,0.0,1,1,TIER_1_METRO,0.74,0,1,13,0
ord_50539152,cust_266056,1762.44,CARD,17,0,0.0,0,1,TIER_1_METRO,0.876,1,1,13,0
ord_36271534,cust_387832,959.39,CARD,0,0,0.0,1,1,TIER_1_METRO,0.5,2,2,1,0
ord_25643927,cust_591293,1624.49,COD,10,1,0.1,0,1,TIER_2,0.847,0,1,8,0
ord_30599595,cust_683184,5022.87,COD,0,0,0.0,1,1,TIER_2,0.775,1,2,13,1
ord_35090373,cust_165214,1237.78,CARD,0,0,0.0,1,1,TIER_2,0.849,0,1,23,0
ord_77730611,cust_160563,581.76,COD,14,6,0.4286,0,1,TIER_3_HIGH_RISK,0.363,1,1,21,1
ord_64290553,cust_357075,594.35,COD,0,0,0.0,1,2,TIER_1_METRO,0.55,1,4,6,0
ord_63560760,cust_943535,376.13,COD,18,0,0.0,0,4,TIER_1_METRO,0.801,1,1,7,0
ord_71862731,cust_730340,2180.43,COD,1,0,0.0,0,4,TIER_2,0.773,2,2,1,1
ord_12155748,cust_968729,1877.15,UPI,3,0,0.0,0,1,TIER_3_HIGH_RISK,0.57,1,1,15,0
ord_64255896,cust_366378,2989.96,COD,0,0,0.0,1,4,TIER_2,0.92,1,5,20,1
ord_16097020,cust_597229,849.47,COD,8,0,0.0,0,3,TIER_1_METRO,0.812,0,1,2,0
ord_43604704,cust_921186,814.84,COD,7,1,0.1429,0,1,TIER_3_HIGH_RISK,0.565,0,1,11,1
ord_83333762,cust_872221,1556.13,COD,5,0,0.0,0,1,TIER_2,0.915,0,2,0,0
ord_31249305,cust_284740,663.01,UPI,0,0,0.0,1,1,TIER_1_METRO,0.868,0,1,3,0
ord_48736622,cust_299460,2297.16,COD,6,0,0.0,0,1,TIER_2,0.755,2,1,16,0
ord_28673436,cust_394772,1862.35,COD,5,0,0.0,0,1,TIER_2,0.613,2,1,16,0
ord_61689941,cust_899523,2787.71,COD,0,0,0.0,1,5,TIER_2,0.875,1,3,11,1
ord_97260739,cust_980370,1142.04,COD,13,1,0.0769,0,1,TIER_1_METRO,0.73,0,2,20,0
ord_30542660,cust_593487,2372.76,COD,0,0,0.0,1,1,TIER_1_METRO,0.791,0,2,5,0
ord_89268932,cust_311270,713.96,UPI,8,0,0.0,0,2,TIER_1_METRO,0.801,0,1,8,0
ord_94370894,cust_261928,1484.48,COD,2,0,0.0,0,1,TIER_2,0.815,0,1,22,0
ord_73081963,cust_614513,1570.03,COD,9,0,0.0,0,1,TIER_2,0.458,0,2,2,0
ord_92050896,cust_220250,850.93,COD,7,0,0.0,0,1,TIER_1_METRO,0.796,2,4,19,0
ord_74113169,cust_502867,1611.02,UPI,4,0,0.0,0,1,TIER_1_METRO,0.585,0,3,2,0
ord_50435721,cust_321746,522.0,COD,15,1,0.0667,0,1,TIER_1_METRO,0.963,0,1,8,0
ord_96601446,cust_301818,1640.81,COD,3,0,0.0,0,1,TIER_2,0.811,0,1,1,1
ord_13456653,cust_613909,1217.64,COD,15,0,0.0,0,1,TIER_1_METRO,0.902,0,1,11,0
ord_24372528,cust_458315,575.95,COD,2,0,0.0,0,2,TIER_1_METRO,0.521,1,1,12,0
ord_40776598,cust_277297,379.91,COD,1,0,0.0,0,1,TIER_2,0.653,1,1,14,1
ord_83810692,cust_438424,1518.16,COD,5,0,0.0,0,1,TIER_1_METRO,0.801,1,1,17,0
ord_96417276,cust_675817,355.02,UPI,3,0,0.0,0,1,TIER_2,0.963,0,1,8,0
ord_62296372,cust_552827,376.03,COD,0,0,0.0,1,2,TIER_2,0.873,1,2,3,1
ord_77403222,cust_498565,573.15,UPI,1,0,0.0,0,1,TIER_3_HIGH_RISK,0.697,2,1,10,0
ord_29973915,cust_653560,3612.88,COD,3,0,0.0,0,1,TIER_1_METRO,0.857,1,1,22,0
ord_52734307,cust_609622,2481.27,UPI,6,0,0.0,0,2,TIER_2,0.617,0,1,13,0
ord_27457883,cust_506088,2787.85,COD,0,0,0.0,1,3,TIER_1_METRO,0.824,0,2,22,1
ord_79056627,cust_764407,3181.0,COD,0,0,0.0,1,1,TIER_2,0.689,2,1,19,1
ord_13501174,cust_139767,1672.08,COD,2,1,0.5,0,1,TIER_3_HIGH_RISK,0.691,0,4,11,1
ord_34090583,cust_550047,2930.94,COD,2,0,0.0,0,1,TIER_3_HIGH_RISK,0.804,2,1,9,1
ord_59133346,cust_169770,668.65,COD,4,0,0.0,0,1,TIER_3_HIGH_RISK,0.386,0,1,23,0
ord_75372277,cust_345152,2136.68,COD,0,0,0.0,1,3,TIER_1_METRO,0.752,0,1,5,1
ord_60193907,cust_656496,1109.27,COD,5,0,0.0,0,1,TIER_2,0.653,1,4,2,0
ord_32203939,cust_813896,815.78,UPI,0,0,0.0,1,1,TIER_2,0.881,2,1,14,0
ord_82469542,cust_553685,674.51,COD,9,0,0.0,0,1,TIER_2,0.886,0,1,11,0
ord_65051355,cust_473905,1702.42,COD,8,1,0.125,0,3,TIER_1_METRO,0.879,0,1,23,1
ord_97655395,cust_520515,886.02,CARD,3,0,0.0,0,1,TIER_1_METRO,0.834,1,1,12,0
ord_51311634,cust_236615,815.31,CARD,3,0,0.0,0,1,TIER_1_METRO,0.688,2,1,10,0
ord_43214626,cust_752595,3187.35,UPI,0,0,0.0,1,1,TIER_2,0.851,0,2,2,0
ord_13732529,cust_756627,1607.53,UPI,6,2,0.3333,0,1,TIER_1_METRO,0.666,0,8,14,0
ord_87166635,cust_821813,863.11,COD,5,0,0.0,0,1,TIER_3_HIGH_RISK,0.824,1,2,14,1
ord_89885559,cust_902216,770.13,COD,0,0,0.0,1,1,TIER_3_HIGH_RISK,0.809,2,1,17,1
ord_53585013,cust_521171,855.71,UPI,11,0,0.0,0,1,TIER_1_METRO,0.952,1,2,8,0
ord_50113379,cust_611765,3681.46,COD,0,0,0.0,1,1,TIER_1_METRO,0.883,2,2,3,1
ord_73180151,cust_642086,1487.0,COD,0,0,0.0,1,1,TIER_2,0.896,1,2,2,1
ord_41474949,cust_999516,4320.45,COD,3,0,0.0,0,1,TIER_1_METRO,0.824,0,1,19,1
ord_75347939,cust_760531,363.87,COD,8,0,0.0,0,1,TIER_2,0.874,0,1,19,0
ord_42716943,cust_886329,2858.48,UPI,0,0,0.0,1,3,TIER_3_HIGH_RISK,0.45,1,1,19,1
ord_56822114,cust_289065,969.11,COD,2,0,0.0,0,1,TIER_3_HIGH_RISK,0.782,1,2,15,0
ord_83991663,cust_344955,928.77,UPI,8,0,0.0,0,1,TIER_2,0.81,0,1,8,0
ord_13661306,cust_574766,449.48,UPI,0,0,0.0,1,4,TIER_2,0.938,0,1,16,0
ord_66953426,cust_537140,369.71,NETBANKING,6,0,0.0,0,1,TIER_2,0.972,2,1,5,0
ord_68807849,cust_209446,270.47,COD,0,0,0.0,1,1,TIER_3_HIGH_RISK,0.641,0,1,15,1
ord_99992508,cust_310339,600.0,COD,6,0,0.0,0,2,TIER_1_METRO,0.874,2,1,23,0
ord_54786626,cust_402262,825.17,COD,3,0,0.0,0,1,TIER_1_METRO,0.812,1,2,11,1
ord_35165043,cust_579207,507.74,UPI,4,0,0.0,0,2,TIER_1_METRO,0.576,1,1,2,0
ord_65500286,cust_915319,2299.17,COD,0,0,0.0,1,1,TIER_2,0.989,0,1,9,0
ord_21687988,cust_936301,687.16,UPI,21,0,0.0,0,3,TIER_1_METRO,0.834,1,4,16,0
ord_41861707,cust_283256,1798.73,COD,5,0,0.0,0,3,TIER_2,0.606,2,1,18,0
ord_81425912,cust_780243,425.55,COD,7,0,0.0,0,1,TIER_3_HIGH_RISK,0.522,0,1,1,0
ord_20149777,cust_316789,1176.8,CARD,0,0,0.0,1,1,TIER_1_METRO,0.717,0,2,5,0
ord_91561339,cust_717104,1266.99,COD,0,0,0.0,1,1,TIER_1_METRO,0.619,1,1,9,0
ord_86113335,cust_312810,725.43,COD,7,0,0.0,0,1,TIER_1_METRO,0.801,0,1,18,0
ord_55806781,cust_701448,1827.89,UPI,0,0,0.0,1,1,TIER_1_METRO,0.844,1,1,6,0
ord_11097996,cust_675087,1263.53,COD,0,0,0.0,1,1,TIER_2,0.768,0,1,4,0
ord_62842611,cust_299813,1723.16,UPI,0,0,0.0,1,1,TIER_2,0.893,1,2,5,0
ord_92833209,cust_437247,3011.37,NETBANKING,3,0,0.0,0,1,TIER_1_METRO,0.818,0,1,19,0
ord_86418103,cust_780575,2218.41,COD,0,0,0.0,1,1,TIER_2,0.813,0,1,4,1
ord_63446307,cust_684947,840.11,UPI,0,0,0.0,1,1,TIER_1_METRO,0.965,1,1,23,0
ord_79288986,cust_919746,1451.58,COD,0,0,0.0,1,1,TIER_3_HIGH_RISK,0.704,0,4,2,1
ord_73020641,cust_801893,597.96,COD,8,3,0.375,0,2,TIER_1_METRO,0.758,1,1,12,1
ord_74521316,cust_750178,1620.21,UPI,9,0,0.0,0,2,TIER_3_HIGH_RISK,0.718,2,1,8,0
ord_77480480,cust_147027,294.24,CARD,0,0,0.0,1,1,TIER_3_HIGH_RISK,0.533,0,2,8,0
ord_47201803,cust_696323,249.0,CARD,9,0,0.0,0,5,TIER_3_HIGH_RISK,0.729,3,3,9,0
ord_69292991,cust_391840,641.28,UPI,7,0,0.0,0,1,TIER_3_HIGH_RISK,0.637,2,8,11,0
ord_72953135,cust_404851,550.79,UPI,5,0,0.0,0,1,TIER_1_METRO,0.969,2,1,0,0
ord_16656669,cust_446592,2825.69,COD,3,1,0.3333,0,7,TIER_2,0.774,0,3,13,1
ord_73874028,cust_532795,4900.84,UPI,5,0,0.0,0,1,TIER_3_HIGH_RISK,0.879,1,1,14,0
ord_28347713,cust_912597,791.48,CARD,5,0,0.0,0,4,TIER_3_HIGH_RISK,0.874,1,1,4,1
ord_15478878,cust_681556,1558.02,UPI,4,0,0.0,0,2,TIER_1_METRO,0.914,0,1,9,0
ord_72543732,cust_451926,3393.27,COD,0,0,0.0,1,1,TIER_1_METRO,0.895,0,2,15,1
ord_42985192,cust_345512,1273.48,COD,12,0,0.0,0,1,TIER_1_METRO,0.872,0,4,4,0
ord_84834030,cust_429711,1090.6,UPI,6,2,0.3333,0,3,TIER_1_METRO,0.981,0,2,9,0
ord_23099507,cust_912953,745.0,UPI,10,0,0.0,0,2,TIER_1_METRO,0.632,0,2,3,0
ord_46534277,cust_637476,886.87,COD,0,0,0.0,1,1,TIER_2,0.799,1,2,3,1
ord_43255876,cust_699181,1587.1,UPI,0,0,0.0,1,1,TIER_2,0.691,0,3,18,1
ord_98096643,cust_616663,1386.94,COD,0,0,0.0,1,2,TIER_1_METRO,0.892,2,1,16,0
ord_62499002,cust_578921,1626.39,CARD,0,0,0.0,1,1,TIER_3_HIGH_RISK,0.634,0,1,8,1
ord_57984649,cust_547651,1532.1,NETBANKING,0,0,0.0,1,1,TIER_1_METRO,0.98,0,1,2,0
ord_69725776,cust_511022,984.23,COD,0,0,0.0,1,4,TIER_2,0.886,0,1,20,1
ord_65967937,cust_770740,769.57,COD,0,0,0.0,1,1,TIER_1_METRO,0.606,1,2,0,0
ord_39227191,cust_330066,1212.14,COD,0,0,0.0,1,1,TIER_3_HIGH_RISK,0.719,0,1,22,0
ord_50909998,cust_698831,4095.36,UPI,0,0,0.0,1,1,TIER_3_HIGH_RISK,0.64,0,2,13,1
ord_50636012,cust_654985,820.67,COD,7,0,0.0,0,1,TIER_2,0.899,0,1,6,1
ord_23606497,cust_814256,542.79,COD,8,0,0.0,0,1,TIER_1_METRO,0.96,1,1,19,0
ord_79617028,cust_542493,588.1,UPI,9,0,0.0,0,1,TIER_1_METRO,0.417,1,1,23,0
ord_19007429,cust_567212,1784.79,COD,0,0,0.0,1,2,TIER_1_METRO,0.821,1,2,2,0
ord_88967903,cust_924850,412.52,COD,6,0,0.0,0,1,TIER_1_METRO,0.833,1,1,16,0
ord_68723541,cust_596533,1862.85,CARD,0,0,0.0,1,1,TIER_2,0.669,2,1,1,0
ord_88000128,cust_291157,746.57,NETBANKING,0,0,0.0,1,1,TIER_3_HIGH_RISK,0.716,0,1,1,0
ord_83675556,cust_983371,6319.54,CARD,0,0,0.0,1,2,TIER_3_HIGH_RISK,0.523,0,2,19,0
ord_98012644,cust_511038,1479.02,COD,16,3,0.1875,0,1,TIER_3_HIGH_RISK,0.786,1,3,12,1
ord_90836396,cust_146659,1092.7,COD,0,0,0.0,1,1,TIER_1_METRO,0.713,0,2,21,0
ord_91677981,cust_991580,2288.81,CARD,11,0,0.0,0,1,TIER_3_HIGH_RISK,0.71,1,2,16,0
ord_82279852,cust_691296,1667.64,COD,0,0,0.0,1,4,TIER_2,0.575,1,4,18,1
ord_14409352,cust_309957,1287.19,UPI,0,0,0.0,1,1,TIER_3_HIGH_RISK,0.846,0,1,4,0
ord_64692514,cust_891376,1811.32,UPI,7,0,0.0,0,3,TIER_2,0.777,0,2,23,0
ord_80321747,cust_634968,782.59,UPI,4,0,0.0,0,1,TIER_3_HIGH_RISK,0.718,0,2,6,0
ord_44090796,cust_298878,1806.36,COD,0,0,0.0,1,3,TIER_1_METRO,0.756,1,1,13,1
ord_49648899,cust_430927,704.64,UPI,2,0,0.0,0,1,TIER_1_METRO,0.958,0,2,6,0
ord_15982547,cust_107482,995.11,COD,7,0,0.0,0,2,TIER_1_METRO,0.884,0,4,3,0
ord_13823873,cust_256118,1379.73,COD,0,0,0.0,1,1,TIER_2,0.727,1,3,7,1
ord_35477565,cust_830161,3791.05,COD,4,0,0.0,0,1,TIER_1_METRO,0.553,1,1,18,0
ord_53799966,cust_303811,2299.46,COD,0,0,0.0,1,2,TIER_2,0.714,0,5,3,1
ord_32931448,cust_722838,1583.56,COD,2,0,0.0,0,1,TIER_2,0.897,3,4,10,1
ord_29878589,cust_304670,2990.36,COD,7,0,0.0,0,2,TIER_1_METRO,0.923,1,1,22,0
ord_34455289,cust_519508,1284.33,COD,9,1,0.1111,0,2,TIER_2,0.496,2,3,4,1
ord_71227669,cust_689804,1434.72,COD,0,0,0.0,1,4,TIER_1_METRO,0.554,1,4,8,1
ord_86085630,cust_753416,889.0,COD,5,0,0.0,0,5,TIER_3_HIGH_RISK,0.558,0,3,1,1
ord_71597704,cust_488831,429.3,UPI,7,0,0.0,0,1,TIER_2,0.765,1,1,0,0
ord_60340446,cust_477150,685.17,COD,7,0,0.0,0,2,TIER_1_METRO,0.972,0,2,11,0
ord_58593510,cust_976876,3640.92,UPI,0,0,0.0,1,1,TIER_3_HIGH_RISK,0.609,0,1,19,1
ord_97258518,cust_265391,3571.05,COD,4,0,0.0,0,1,TIER_1_METRO,0.876,2,2,13,0
ord_37504225,cust_760792,890.62,COD,8,1,0.125,0,1,TIER_1_METRO,0.898,1,2,10,0
ord_97967173,cust_649562,1697.85,COD,0,0,0.0,1,1,TIER_2,0.845,0,2,10,0
ord_41676806,cust_867283,547.99,COD,5,0,0.0,0,1,TIER_3_HIGH_RISK,0.634,1,1,11,0
ord_22842659,cust_294068,1087.81,UPI,5,0,0.0,0,1,TIER_2,0.785,3,1,21,0
ord_47317456,cust_556201,694.21,COD,30,0,0.0,0,2,TIER_3_HIGH_RISK,0.636,2,2,15,0
ord_41984287,cust_875806,466.06,COD,6,0,0.0,0,2,TIER_2,0.839,0,1,21,0
ord_19161408,cust_403874,2221.93,UPI,0,0,0.0,1,1,TIER_1_METRO,0.862,1,1,16,0
ord_23781009,cust_243979,1004.38,NETBANKING,3,0,0.0,0,1,TIER_1_METRO,0.883,1,1,6,0
ord_37596545,cust_410569,1644.14,COD,0,0,0.0,1,4,TIER_2,0.826,1,3,19,1
ord_44972569,cust_372018,4222.73,COD,5,1,0.2,0,1,TIER_2,0.94,1,1,16,1
ord_52066702,cust_868595,301.0,COD,17,1,0.0588,0,1,TIER_3_HIGH_RISK,0.733,1,1,4,1
ord_55720847,cust_459140,3479.42,UPI,5,0,0.0,0,1,TIER_2,0.711,0,2,19,0
ord_73569689,cust_204533,2161.13,COD,4,0,0.0,0,1,TIER_3_HIGH_RISK,0.624,2,8,7,0
ord_96735175,cust_138977,3536.43,CARD,5,0,0.0,0,4,TIER_1_METRO,0.838,0,2,14,0
ord_53714543,cust_402476,1472.5,UPI,0,0,0.0,1,1,TIER_1_METRO,0.99,0,3,23,0
ord_94062435,cust_510685,25765.84,COD,0,0,0.0,1,1,TIER_2,0.908,0,1,14,0
ord_53848928,cust_302565,1443.21,CARD,1,0,0.0,0,5,TIER_1_METRO,0.872,1,3,1,1
ord_63755144,cust_271140,488.02,COD,0,0,0.0,1,1,TIER_3_HIGH_RISK,0.658,0,2,7,1
ord_53663896,cust_537991,249.0,UPI,0,0,0.0,1,2,TIER_1_METRO,0.694,0,3,6,1
ord_86569846,cust_372849,1180.21,UPI,7,0,0.0,0,1,TIER_1_METRO,0.551,1,4,3,0
ord_89475640,cust_189037,1196.48,COD,4,1,0.25,0,1,TIER_2,0.965,0,1,3,1
ord_62813914,cust_797371,682.9,COD,0,0,0.0,1,4,TIER_1_METRO,0.975,1,2,12,1
ord_62362791,cust_557884,987.47,UPI,0,0,0.0,1,2,TIER_1_METRO,0.703,1,2,22,0
ord_13561497,cust_516101,2237.74,COD,0,0,0.0,1,1,TIER_3_HIGH_RISK,0.665,2,1,7,1
ord_81193455,cust_695144,1338.44,COD,9,0,0.0,0,1,TIER_2,0.789,1,1,22,0
ord_60095425,cust_107304,1109.44,UPI,7,0,0.0,0,1,TIER_2,0.426,2,1,16,0
ord_59669011,cust_798394,469.4,UPI,10,0,0.0,0,1,TIER_1_METRO,0.869,1,2,20,0
ord_86737383,cust_909657,2557.44,COD,6,0,0.0,0,2,TIER_1_METRO,0.795,0,2,12,0
ord_76331430,cust_877270,2702.07,UPI,3,0,0.0,0,1,TIER_1_METRO,0.986,2,2,7,0
ord_97126721,cust_954127,1521.56,COD,0,0,0.0,1,1,TIER_3_HIGH_RISK,0.493,2,2,1,1
ord_96125745,cust_176031,5712.91,UPI,17,0,0.0,0,1,TIER_3_HIGH_RISK,0.763,0,1,0,0
ord_33694787,cust_175589,1850.62,COD,0,0,0.0,1,1,TIER_1_METRO,0.823,2,2,19,0
ord_39625849,cust_313752,977.52,COD,0,0,0.0,1,1,TIER_2,0.892,0,1,23,1
ord_34281104,cust_625587,584.62,COD,0,0,0.0,1,1,TIER_1_METRO,0.945,0,1,3,0
ord_97860489,cust_268702,1191.44,UPI,0,0,0.0,1,4,TIER_1_METRO,0.684,2,1,3,1
ord_80783017,cust_952835,1695.18,CARD,16,0,0.0,0,1,TIER_1_METRO,0.555,0,2,13,0
ord_12120711,cust_153046,1276.14,CARD,0,0,0.0,1,2,TIER_2,0.611,0,1,8,0
ord_86116475,cust_685698,249.0,UPI,0,0,0.0,1,1,TIER_3_HIGH_RISK,0.797,0,2,10,0
ord_92272164,cust_600846,703.59,COD,0,0,0.0,1,2,TIER_1_METRO,0.914,0,1,5,0
ord_23739212,cust_876716,3069.29,UPI,6,1,0.1667,0,1,TIER_2,0.744,2,1,21,0
ord_44356387,cust_389041,3966.05,COD,10,1,0.1,0,1,TIER_3_HIGH_RISK,0.397,0,2,10,0
ord_89549361,cust_610839,1899.45,COD,0,0,0.0,1,1,TIER_3_HIGH_RISK,0.575,2,2,6,1
ord_39077102,cust_551104,2230.28,UPI,7,0,0.0,0,1,TIER_3_HIGH_RISK,0.624,0,3,23,0
ord_20867948,cust_120497,1373.94,CARD,4,0,0.0,0,1,TIER_1_METRO,0.769,1,1,11,0
ord_88058309,cust_111160,1986.55,UPI,7,0,0.0,0,1,TIER_1_METRO,0.624,1,3,8,0
ord_75030702,cust_646588,800.46,UPI,10,3,0.3,0,1,TIER_2,0.668,1,2,18,0
ord_89712722,cust_287937,422.6,NETBANKING,0,0,0.0,1,1,TIER_3_HIGH_RISK,0.765,0,1,19,0
ord_86586435,cust_531561,1728.13,COD,6,0,0.0,0,1,TIER_1_METRO,0.956,1,1,3,0
ord_53955276,cust_718028,969.25,UPI,4,1,0.25,0,1,TIER_1_METRO,0.802,0,1,20,0
ord_25562820,cust_840904,1389.4,COD,11,0,0.0,0,1,TIER_3_HIGH_RISK,0.326,0,2,23,1
ord_24418934,cust_619333,3595.15,UPI,6,0,0.0,0,1,TIER_3_HIGH_RISK,0.718,0,1,18,0
ord_38013885,cust_115213,824.41,COD,6,0,0.0,0,1,TIER_2,0.714,2,2,2,0
ord_52849684,cust_794524,1077.37,UPI,2,1,0.5,0,1,TIER_3_HIGH_RISK,0.792,0,1,15,0
ord_76385640,cust_952836,927.42,CARD,7,0,0.0,0,1,TIER_2,0.703,2,2,11,0
ord_42134444,cust_755803,531.76,UPI,0,0,0.0,1,7,TIER_2,0.884,0,1,22,1
ord_51245764,cust_207535,458.19,UPI,9,0,0.0,0,1,TIER_2,0.911,0,1,20,0
ord_23628984,cust_939537,2351.23,COD,1,0,0.0,0,3,TIER_3_HIGH_RISK,0.575,1,4,4,1
ord_87347388,cust_736651,2296.92,COD,10,0,0.0,0,5,TIER_1_METRO,0.94,0,4,14,0
ord_28275555,cust_816464,264.86,COD,4,0,0.0,0,1,TIER_1_METRO,0.885,0,1,17,0
ord_81766715,cust_460981,1278.23,COD,28,0,0.0,0,1,TIER_1_METRO,0.689,0,1,14,0
ord_38658787,cust_676172,1477.79,UPI,8,0,0.0,0,2,TIER_1_METRO,0.357,1,1,3,0
ord_47413236,cust_309112,3081.2,COD,0,0,0.0,1,3,TIER_2,0.903,0,1,7,1
ord_62024800,cust_449325,1531.32,COD,0,0,0.0,1,1,TIER_2,0.826,0,1,3,1
ord_25299289,cust_120948,2516.8,COD,3,0,0.0,0,5,TIER_3_HIGH_RISK,0.538,0,1,2,1
ord_93629045,cust_356196,1117.13,COD,1,0,0.0,0,1,TIER_2,0.728,2,2,4,1
ord_55399577,cust_705302,1143.26,NETBANKING,3,0,0.0,0,1,TIER_1_METRO,0.624,1,3,21,0
ord_43548071,cust_449773,1728.22,UPI,4,0,0.0,0,1,TIER_2,0.82,0,1,20,0
ord_19212230,cust_602911,909.7,UPI,0,0,0.0,1,1,TIER_2,0.51,0,3,20,0
ord_97339788,cust_388365,908.68,COD,5,0,0.0,0,2,TIER_3_HIGH_RISK,0.445,0,2,10,1
ord_62845243,cust_985499,725.67,UPI,4,0,0.0,0,1,TIER_1_METRO,0.637,2,2,3,0
ord_58715257,cust_144858,845.44,COD,4,0,0.0,0,1,TIER_1_METRO,0.812,0,1,8,0
ord_45882465,cust_863871,526.08,COD,4,0,0.0,0,1,TIER_2,0.676,0,2,12,0
ord_15197535,cust_196320,1346.33,UPI,0,0,0.0,1,1,TIER_2,0.905,0,1,10,0
ord_53728950,cust_541618,6236.55,UPI,9,0,0.0,0,1,TIER_3_HIGH_RISK,0.674,1,2,19,0
ord_44310156,cust_440492,2143.85,COD,0,0,0.0,1,1,TIER_1_METRO,0.249,0,1,21,0
ord_49138695,cust_925217,2790.45,UPI,10,0,0.0,0,1,TIER_2,0.727,1,1,16,0
ord_58950934,cust_130086,716.08,NETBANKING,6,1,0.1667,0,1,TIER_2,0.825,0,2,12,0
ord_19963441,cust_313065,1818.04,COD,1,1,1.0,0,1,TIER_1_METRO,0.821,2,2,15,1
ord_70769147,cust_505519,4499.54,CARD,0,0,0.0,1,1,TIER_2,0.773,1,1,8,0
ord_53895401,cust_940023,577.67,COD,5,0,0.0,0,1,TIER_1_METRO,0.825,1,1,4,0
ord_32700314,cust_175503,649.17,CARD,0,0,0.0,1,1,TIER_3_HIGH_RISK,0.512,3,1,5,0
ord_75040040,cust_768975,1191.07,COD,0,0,0.0,1,1,TIER_1_METRO,0.829,0,2,10,0
ord_28476763,cust_270134,3900.13,COD,0,0,0.0,1,1,TIER_2,0.592,0,2,12,1
ord_39797713,cust_875128,605.45,COD,6,0,0.0,0,1,TIER_2,0.83,0,2,4,0
ord_37764209,cust_529497,3077.61,NETBANKING,7,0,0.0,0,1,TIER_1_METRO,0.771,2,1,15,0
ord_44376361,cust_954399,849.96,UPI,1,0,0.0,0,1,TIER_2,0.859,0,1,3,0
ord_17214554,cust_441355,1755.96,COD,0,0,0.0,1,1,TIER_2,0.57,1,1,18,1
ord_43267858,cust_643647,3406.52,UPI,0,0,0.0,1,1,TIER_2,0.784,0,2,23,0
ord_54952238,cust_949277,1571.35,COD,0,0,0.0,1,4,TIER_1_METRO,0.799,1,1,18,1
ord_36877562,cust_251882,709.24,UPI,5,0,0.0,0,1,TIER_1_METRO,0.626,0,1,17,0
ord_69744702,cust_922299,1430.82,UPI,3,0,0.0,0,1,TIER_1_METRO,0.916,1,1,12,0
ord_80797888,cust_318223,2005.19,COD,3,0,0.0,0,2,TIER_2,0.712,1,1,7,1
ord_42337259,cust_462710,501.49,COD,0,0,0.0,1,1,TIER_1_METRO,0.632,1,1,11,0
ord_86017109,cust_133749,2189.74,COD,2,0,0.0,0,1,TIER_2,0.752,1,5,18,0
ord_71203758,cust_789963,433.3,UPI,0,0,0.0,1,1,TIER_1_METRO,0.654,0,1,3,0
ord_56988351,cust_697040,722.25,UPI,0,0,0.0,1,1,TIER_1_METRO,0.83,0,5,2,0
ord_83487248,cust_989427,4274.93,UPI,0,0,0.0,1,2,TIER_1_METRO,0.806,1,1,10,0
ord_96853461,cust_854270,721.96,COD,0,0,0.0,1,3,TIER_2,0.696,0,1,1,1
ord_75981367,cust_526616,1577.08,UPI,0,0,0.0,1,1,TIER_2,0.473,0,1,10,0
ord_48988394,cust_344734,984.71,COD,0,0,0.0,1,1,TIER_1_METRO,0.574,0,1,13,0
ord_79870022,cust_324540,718.4,COD,10,0,0.0,0,1,TIER_1_METRO,0.762,2,2,8,0
ord_13881857,cust_130844,625.38,COD,6,0,0.0,0,1,TIER_3_HIGH_RISK,0.49,1,3,10,0
ord_34516082,cust_664410,1693.43,UPI,5,0,0.0,0,1,TIER_1_METRO,0.932,1,2,4,0
ord_34728848,cust_309944,3296.42,UPI,0,0,0.0,1,1,TIER_1_METRO,0.927,0,1,6,0
ord_53151442,cust_771833,1718.71,COD,4,0,0.0,0,1,TIER_1_METRO,0.854,0,1,15,0
ord_83985777,cust_477431,1143.77,UPI,0,0,0.0,1,1,TIER_3_HIGH_RISK,0.474,0,1,5,1
ord_60120903,cust_215637,328.41,NETBANKING,9,5,0.5556,0,1,TIER_3_HIGH_RISK,0.696,2,1,10,0
ord_34397736,cust_255022,580.73,COD,3,0,0.0,0,1,TIER_2,0.906,1,2,11,0
ord_86298453,cust_283455,1658.79,UPI,11,2,0.1818,0,2,TIER_1_METRO,0.768,0,2,2,1
ord_56123553,cust_361372,3472.39,CARD,0,0,0.0,1,5,TIER_2,0.821,0,1,20,0
ord_58835195,cust_809192,2170.18,UPI,5,0,0.0,0,1,TIER_1_METRO,0.766,0,4,16,0
ord_33119427,cust_634228,920.54,UPI,0,0,0.0,1,3,TIER_1_METRO,0.627,1,2,10,1
ord_52197305,cust_735361,2751.08,UPI,9,0,0.0,0,1,TIER_2,0.844,1,3,4,0
ord_23028847,cust_668323,271.86,UPI,9,1,0.1111,0,1,TIER_3_HIGH_RISK,0.67,0,1,9,1
ord_32268806,cust_320510,1337.19,COD,8,0,0.0,0,3,TIER_3_HIGH_RISK,0.765,0,3,3,1
ord_39851990,cust_504168,946.74,COD,1,0,0.0,0,1,TIER_2,0.875,0,1,6,0
ord_40272855,cust_823130,982.2,NETBANKING,0,0,0.0,1,2,TIER_3_HIGH_RISK,0.825,0,1,0,0
ord_29032579,cust_513727,1408.69,COD,13,0,0.0,0,1,TIER_2,0.783,2,3,13,0
ord_94486278,cust_702051,249.0,UPI,3,0,0.0,0,2,TIER_2,0.744,1,2,16,0
ord_19323634,cust_511193,352.69,COD,1,0,0.0,0,1,TIER_2,0.74,1,2,11,0
ord_31277544,cust_176133,249.0,UPI,0,0,0.0,1,1,TIER_2,0.879,0,2,21,0
ord_84126055,cust_204627,3127.21,UPI,5,1,0.2,0,1,TIER_2,0.922,2,1,21,0
ord_55172091,cust_115009,2066.97,COD,4,0,0.0,0,1,TIER_3_HIGH_RISK,0.67,0,1,16,1
ord_65725103,cust_806182,1356.01,COD,10,0,0.0,0,2,TIER_2,0.917,0,1,15,0
ord_29033129,cust_505187,1600.65,UPI,0,0,0.0,1,1,TIER_2,0.622,2,2,17,0
ord_40711515,cust_961477,1631.74,COD,0,0,0.0,1,1,TIER_1_METRO,0.679,2,1,16,0
ord_42962212,cust_561491,5161.25,COD,0,0,0.0,1,1,TIER_1_METRO,0.699,0,2,20,1
ord_90472702,cust_902271,445.36,UPI,7,0,0.0,0,1,TIER_1_METRO,0.657,2,2,16,0
ord_37390898,cust_200927,3384.57,COD,4,0,0.0,0,2,TIER_2,0.894,0,1,1,0
ord_17955229,cust_976720,1394.11,CARD,10,0,0.0,0,1,TIER_2,0.732,0,1,5,0
ord_86843273,cust_631375,3408.3,COD,0,0,0.0,1,1,TIER_1_METRO,0.741,2,1,15,1
ord_84705341,cust_654661,541.74,UPI,7,0,0.0,0,2,TIER_3_HIGH_RISK,0.784,0,2,6,0
ord_99857223,cust_816300,664.27,COD,5,1,0.2,0,4,TIER_2,0.76,1,2,22,1
ord_49236300,cust_888634,769.09,COD,0,0,0.0,1,1,TIER_3_HIGH_RISK,0.624,0,1,4,0
ord_18825150,cust_989297,618.98,COD,7,1,0.1429,0,2,TIER_3_HIGH_RISK,0.593,0,1,18,1
ord_14866148,cust_361697,967.32,UPI,0,0,0.0,1,1,TIER_2,0.79,3,2,3,1
ord_89567573,cust_330842,1068.88,COD,3,0,0.0,0,2,TIER_2,0.678,1,1,19,0
ord_44806093,cust_982688,1279.71,UPI,0,0,0.0,1,1,TIER_3_HIGH_RISK,0.874,0,4,4,0
ord_88971956,cust_596405,5662.7,CARD,10,0,0.0,0,1,TIER_2,0.948,1,2,20,0
ord_97961053,cust_429649,552.17,CARD,0,0,0.0,1,1,TIER_2,0.71,2,1,14,1
ord_27699022,cust_466709,1375.79,UPI,9,2,0.2222,0,1,TIER_1_METRO,0.701,0,1,2,1
ord_77252568,cust_800843,641.38,COD,14,0,0.0,0,1,TIER_3_HIGH_RISK,0.693,1,1,2,1
ord_10125355,cust_720775,767.54,COD,17,0,0.0,0,1,TIER_3_HIGH_RISK,0.399,1,1,1,0
ord_83297617,cust_432924,2772.72,COD,0,0,0.0,1,2,TIER_1_METRO,0.372,0,1,12,1
ord_27204925,cust_254042,2538.93,COD,0,0,0.0,1,1,TIER_1_METRO,0.728,0,1,6,1
ord_37569057,cust_211513,1335.99,CARD,9,0,0.0,0,1,TIER_2,0.803,0,2,14,0
ord_44139374,cust_330739,367.05,COD,5,0,0.0,0,3,TIER_2,0.781,0,1,20,0
ord_17530577,cust_365388,1355.55,CARD,4,1,0.25,0,2,TIER_1_METRO,0.903,0,1,12,0
ord_82686422,cust_348562,725.88,UPI,7,1,0.1429,0,1,TIER_1_METRO,0.948,0,1,9,0
ord_39718818,cust_422726,974.18,NETBANKING,0,0,0.0,1,1,TIER_1_METRO,0.585,0,1,12,0
ord_69026001,cust_343445,875.95,COD,0,0,0.0,1,3,TIER_1_METRO,0.844,0,2,22,1
ord_77658520,cust_988349,2805.55,UPI,6,0,0.0,0,1,TIER_1_METRO,0.98,0,1,10,0
ord_69079827,cust_186934,1408.19,UPI,2,0,0.0,0,1,TIER_2,0.741,0,2,7,0
ord_90697028,cust_104902,1260.11,UPI,3,0,0.0,0,3,TIER_2,0.72,0,1,7,0
ord_39528460,cust_250111,3924.26,COD,0,0,0.0,1,1,TIER_1_METRO,0.803,0,1,4,0
ord_39354523,cust_435108,594.5,COD,5,0,0.0,0,1,TIER_1_METRO,0.724,0,2,7,0
ord_55584684,cust_621819,956.11,UPI,8,0,0.0,0,1,TIER_3_HIGH_RISK,0.386,2,1,15,0
ord_14721005,cust_666879,776.53,CARD,5,0,0.0,0,1,TIER_1_METRO,0.841,0,1,0,0
ord_74485846,cust_768439,937.7,COD,13,0,0.0,0,3,TIER_1_METRO,0.784,2,1,7,0
ord_80779877,cust_735665,567.93,COD,13,0,0.0,0,1,TIER_1_METRO,0.785,2,1,7,0
ord_24918181,cust_376207,1638.27,UPI,0,0,0.0,1,1,TIER_2,0.93,1,2,0,0
ord_12498544,cust_464630,402.69,COD,0,0,0.0,1,1,TIER_2,0.936,0,1,0,0
ord_27155571,cust_134787,447.41,COD,0,0,0.0,1,2,TIER_1_METRO,0.902,0,1,3,1
ord_66546286,cust_909223,257.55,COD,3,0,0.0,0,1,TIER_2,0.866,0,1,18,0
ord_73794852,cust_690709,574.82,COD,4,0,0.0,0,1,TIER_3_HIGH_RISK,0.795,1,3,18,0
ord_52719684,cust_538824,1064.03,UPI,0,0,0.0,1,4,TIER_2,0.733,0,2,10,1
ord_91040740,cust_364091,796.24,UPI,0,0,0.0,1,1,TIER_2,0.546,0,2,22,0
ord_52827096,cust_175656,1990.4,COD,4,0,0.0,0,1,TIER_1_METRO,0.22,0,4,16,0
ord_40995053,cust_700352,1008.02,CARD,0,0,0.0,1,1,TIER_1_METRO,0.5,3,2,3,0
ord_76561172,cust_278841,2710.27,UPI,1,0,0.0,0,2,TIER_1_METRO,0.613,0,1,19,0
ord_92129604,cust_598017,914.46,COD,0,0,0.0,1,4,TIER_3_HIGH_RISK,0.553,0,2,10,1
ord_51464523,cust_763582,499.1,NETBANKING,6,0,0.0,0,1,TIER_2,0.914,1,4,21,0
ord_11559757,cust_144898,4276.51,COD,1,0,0.0,0,1,TIER_2,0.769,1,2,17,0
ord_32139911,cust_806757,992.31,UPI,3,0,0.0,0,1,TIER_1_METRO,0.782,0,3,23,0
ord_29501490,cust_984679,1304.3,UPI,0,0,0.0,1,1,TIER_3_HIGH_RISK,0.739,0,1,10,1
ord_39380783,cust_427716,627.79,COD,11,0,0.0,0,1,TIER_3_HIGH_RISK,0.81,0,1,20,1
ord_79562616,cust_781398,1725.29,CARD,1,0,0.0,0,3,TIER_2,0.386,1,8,17,0
ord_23979901,cust_276339,460.97,UPI,0,0,0.0,1,1,TIER_1_METRO,0.901,0,1,3,0
ord_81908276,cust_696842,2364.74,COD,3,0,0.0,0,1,TIER_3_HIGH_RISK,0.684,3,1,22,1
ord_92832587,cust_906360,1730.74,UPI,6,0,0.0,0,3,TIER_3_HIGH_RISK,0.786,1,2,1,0
ord_31130343,cust_288717,632.79,UPI,5,0,0.0,0,4,TIER_1_METRO,0.711,0,1,18,0
ord_16729806,cust_890358,1823.13,UPI,7,0,0.0,0,1,TIER_1_METRO,0.83,0,2,8,0
ord_47411032,cust_744423,410.23,COD,4,0,0.0,0,1,TIER_2,0.559,2,1,23,0
ord_38227962,cust_586830,1485.85,COD,4,0,0.0,0,1,TIER_3_HIGH_RISK,0.842,2,3,14,0
ord_35974082,cust_475181,1068.02,COD,0,0,0.0,1,1,TIER_1_METRO,0.89,2,1,23,0
ord_33809421,cust_871935,1472.8,UPI,0,0,0.0,1,1,TIER_3_HIGH_RISK,0.825,0,1,12,1
ord_32502043,cust_341569,1559.06,CARD,2,0,0.0,0,1,TIER_3_HIGH_RISK,0.566,0,1,0,0
ord_77951050,cust_199329,2101.5,UPI,7,0,0.0,0,1,TIER_3_HIGH_RISK,0.226,1,1,3,0
ord_47248225,cust_748053,940.1,COD,13,0,0.0,0,2,TIER_2,0.903,0,1,19,0
ord_67988223,cust_552697,1175.96,COD,15,0,0.0,0,2,TIER_3_HIGH_RISK,0.631,0,2,12,0
ord_64271711,cust_477925,7051.35,UPI,10,1,0.1,0,1,TIER_1_METRO,0.857,1,2,15,0
ord_77591939,cust_540769,1785.53,CARD,14,0,0.0,0,1,TIER_2,0.688,0,1,0,0
ord_91735269,cust_497084,324.84,COD,17,0,0.0,0,1,TIER_2,0.736,0,1,7,0
ord_74882335,cust_597890,935.32,UPI,0,0,0.0,1,1,TIER_2,0.675,0,1,1,1
ord_64158919,cust_329417,450.97,CARD,4,0,0.0,0,1,TIER_3_HIGH_RISK,0.774,0,1,10,0
ord_71036630,cust_820622,392.95,COD,3,0,0.0,0,1,TIER_2,0.409,0,3,11,0
ord_76936329,cust_759216,1298.03,UPI,16,0,0.0,0,2,TIER_1_METRO,0.651,0,1,1,0
ord_93221304,cust_232777,1152.77,UPI,0,0,0.0,1,1,TIER_2,0.692,2,1,1,0
ord_37891351,cust_824331,1051.57,UPI,0,0,0.0,1,1,TIER_3_HIGH_RISK,0.801,0,3,10,0
ord_18274437,cust_905809,641.39,COD,0,0,0.0,1,1,TIER_1_METRO,0.968,0,1,10,1
ord_63934667,cust_294644,955.9,COD,5,0,0.0,0,3,TIER_3_HIGH_RISK,0.816,0,3,18,1
ord_66852293,cust_277071,2420.08,NETBANKING,0,0,0.0,1,1,TIER_2,0.634,0,3,17,0
ord_19190617,cust_227240,1095.89,COD,0,0,0.0,1,5,TIER_1_METRO,0.982,2,2,17,1
ord_17346585,cust_140831,2884.04,CARD,3,1,0.3333,0,1,TIER_1_METRO,0.613,0,3,0,0
ord_79824412,cust_563142,3290.59,COD,0,0,0.0,1,5,TIER_2,0.915,1,1,2,1
ord_28786176,cust_778100,4034.23,COD,0,0,0.0,1,1,TIER_1_METRO,0.951,0,1,16,0
ord_33380568,cust_472308,674.69,COD,7,0,0.0,0,4,TIER_1_METRO,0.95,1,3,16,1
ord_89446074,cust_202599,1166.28,CARD,4,0,0.0,0,1,TIER_1_METRO,0.955,1,1,10,0
ord_46421189,cust_185997,1178.15,COD,0,0,0.0,1,1,TIER_2,0.937,0,1,4,0
ord_35693164,cust_844502,1830.38,UPI,0,0,0.0,1,2,TIER_1_METRO,0.869,0,2,7,0
ord_74773330,cust_281721,3130.04,NETBANKING,0,0,0.0,1,1,TIER_1_METRO,0.779,1,2,15,0
ord_14528268,cust_410483,1437.67,UPI,0,0,0.0,1,1,TIER_2,0.535,1,1,23,0
ord_76337457,cust_741518,639.66,UPI,1,0,0.0,0,2,TIER_2,0.814,0,1,21,0
ord_83393043,cust_773078,3308.37,UPI,17,3,0.1765,0,1,TIER_2,0.43,0,1,16,0
ord_86328756,cust_147060,1088.95,NETBANKING,0,0,0.0,1,2,TIER_1_METRO,0.538,1,1,21,0
ord_76808666,cust_706049,4081.3,UPI,3,0,0.0,0,2,TIER_2,0.59,2,1,3,0
ord_63625353,cust_164467,550.17,UPI,5,2,0.4,0,1,TIER_3_HIGH_RISK,0.701,0,5,7,0
ord_70627118,cust_642834,2062.05,UPI,4,0,0.0,0,1,TIER_1_METRO,0.622,0,1,11,0
ord_49722995,cust_300073,2293.17,COD,0,0,0.0,1,1,TIER_1_METRO,0.488,0,1,7,0
ord_85543722,cust_807527,1415.72,UPI,7,0,0.0,0,2,TIER_1_METRO,0.895,0,1,4,0
ord_38606051,cust_456035,1615.45,COD,0,0,0.0,1,1,TIER_3_HIGH_RISK,0.629,0,1,23,1
ord_64495674,cust_105699,1183.97,COD,9,0,0.0,0,1,TIER_3_HIGH_RISK,0.786,0,1,1,0
ord_32179282,cust_449863,1001.19,CARD,0,0,0.0,1,1,TIER_3_HIGH_RISK,0.586,1,3,8,0
ord_76012495,cust_369024,704.34,CARD,0,0,0.0,1,2,TIER_1_METRO,0.754,0,2,17,0
ord_97629448,cust_686257,1078.88,COD,8,0,0.0,0,1,TIER_1_METRO,0.846,0,1,5,0
ord_20608790,cust_141041,2002.05,COD,9,0,0.0,0,1,TIER_3_HIGH_RISK,0.565,0,3,22,0
ord_42424666,cust_112437,2654.12,COD,14,3,0.2143,0,1,TIER_2,0.768,0,3,6,0
ord_27750431,cust_211151,680.14,UPI,0,0,0.0,1,1,TIER_2,0.538,1,3,20,0
ord_80843806,cust_523693,1783.45,COD,0,0,0.0,1,1,TIER_3_HIGH_RISK,0.672,1,2,11,1
ord_40543878,cust_746812,617.36,UPI,7,0,0.0,0,2,TIER_1_METRO,0.298,2,2,17,0
ord_72023737,cust_770247,1348.57,NETBANKING,5,2,0.4,0,3,TIER_3_HIGH_RISK,0.557,1,1,22,0
ord_61139392,cust_509251,249.0,UPI,20,2,0.1,0,1,TIER_1_METRO,0.863,1,1,0,0
ord_99431483,cust_331560,2018.01,UPI,0,0,0.0,1,1,TIER_1_METRO,0.793,0,2,19,0
ord_56523537,cust_770095,2003.35,NETBANKING,5,0,0.0,0,1,TIER_2,0.742,1,1,8,0
ord_57612896,cust_525859,1886.08,UPI,1,0,0.0,0,2,TIER_3_HIGH_RISK,0.577,0,2,3,0
ord_40416728,cust_960794,351.65,UPI,0,0,0.0,1,1,TIER_2,0.761,1,2,23,0
ord_47501958,cust_470868,872.35,COD,5,0,0.0,0,4,TIER_1_METRO,0.893,2,2,0,0
ord_19332439,cust_737559,1613.95,COD,0,0,0.0,1,1,TIER_1_METRO,0.794,0,1,9,1
ord_54882342,cust_491374,1167.35,UPI,0,0,0.0,1,1,TIER_2,0.627,0,1,17,0
ord_74526295,cust_691346,1416.3,COD,4,0,0.0,0,2,TIER_1_METRO,0.753,0,1,17,0
ord_50952235,cust_676335,1656.44,COD,3,0,0.0,0,1,TIER_2,0.623,1,1,1,1
ord_61017938,cust_594044,1459.11,COD,0,0,0.0,1,1,TIER_3_HIGH_RISK,0.676,3,5,13,1
ord_53351876,cust_589881,2327.52,UPI,5,0,0.0,0,1,TIER_2,0.811,0,2,23,0
ord_26202558,cust_693982,249.92,UPI,11,0,0.0,0,1,TIER_3_HIGH_RISK,0.684,0,3,8,0
ord_43241589,cust_476640,1506.88,COD,7,0,0.0,0,1,TIER_2,0.731,1,2,3,0
ord_16469723,cust_351176,1287.57,COD,0,0,0.0,1,1,TIER_1_METRO,0.865,2,1,2,0
ord_65137733,cust_345954,2954.18,COD,4,0,0.0,0,1,TIER_1_METRO,0.925,0,1,0,0
ord_24432245,cust_915265,887.3,COD,0,0,0.0,1,1,TIER_3_HIGH_RISK,0.879,0,1,13,0
ord_69986033,cust_727571,1023.2,COD,8,1,0.125,0,1,TIER_2,0.708,3,4,2,1
ord_62559151,cust_413817,1479.68,UPI,0,0,0.0,1,4,TIER_1_METRO,0.583,0,2,1,1
ord_21424241,cust_701091,917.84,COD,4,1,0.25,0,1,TIER_2,0.62,0,1,0,1
ord_78687322,cust_967307,657.46,UPI,6,0,0.0,0,1,TIER_2,0.818,0,1,15,0
ord_90856713,cust_521501,737.4,CARD,5,1,0.2,0,1,TIER_1_METRO,0.982,2,1,4,0
ord_78888756,cust_378904,871.37,COD,0,0,0.0,1,3,TIER_2,0.794,1,3,20,1
ord_11330363,cust_495063,2628.35,UPI,0,0,0.0,1,2,TIER_1_METRO,0.988,0,2,20,0
ord_41276622,cust_711282,2300.28,UPI,3,0,0.0,0,3,TIER_1_METRO,0.827,0,3,20,0
ord_69705919,cust_722041,2134.57,COD,3,0,0.0,0,1,TIER_2,0.848,3,1,1,0
ord_29350554,cust_762737,1762.72,COD,10,0,0.0,0,1,TIER_1_METRO,0.786,0,1,1,0
ord_94597796,cust_694360,2287.2,UPI,0,0,0.0,1,1,TIER_1_METRO,0.843,1,3,1,0
ord_56573028,cust_202020,1334.51,COD,0,0,0.0,1,1,TIER_3_HIGH_RISK,0.751,0,1,11,1
ord_76470904,cust_608102,3293.53,UPI,5,0,0.0,0,1,TIER_3_HIGH_RISK,0.662,2,3,20,0
ord_52307805,cust_678327,1097.94,COD,0,0,0.0,1,1,TIER_1_METRO,0.765,0,1,21,0
ord_61120091,cust_882031,346.47,UPI,0,0,0.0,1,1,TIER_3_HIGH_RISK,0.72,2,3,12,1
ord_15954632,cust_371326,843.17,UPI,0,0,0.0,1,1,TIER_1_METRO,0.932,0,1,20,0
ord_82554179,cust_176693,1104.94,UPI,7,0,0.0,0,1,TIER_3_HIGH_RISK,0.463,2,3,18,0
ord_46970246,cust_591747,385.65,UPI,5,0,0.0,0,2,TIER_1_METRO,0.856,1,1,2,0
ord_33335437,cust_537090,856.92,COD,0,0,0.0,1,3,TIER_1_METRO,0.971,2,2,22,1
ord_39121418,cust_352697,1086.01,NETBANKING,0,0,0.0,1,1,TIER_2,0.55,1,4,13,0
ord_20450652,cust_881215,710.58,COD,7,0,0.0,0,1,TIER_3_HIGH_RISK,0.61,0,1,2,0
ord_18437712,cust_331360,310.35,COD,4,0,0.0,0,1,TIER_2,0.654,2,3,11,0
ord_36966655,cust_769037,3050.74,UPI,19,0,0.0,0,1,TIER_2,0.765,0,1,4,0
ord_87266579,cust_391288,2019.23,COD,0,0,0.0,1,4,TIER_3_HIGH_RISK,0.851,2,2,18,1
ord_96421324,cust_108577,1287.06,UPI,5,2,0.4,0,1,TIER_1_METRO,0.411,0,8,10,0
ord_69073295,cust_619405,2690.03,COD,3,0,0.0,0,1,TIER_2,0.777,1,2,22,0
ord_81414529,cust_432306,1766.64,COD,0,0,0.0,1,2,TIER_3_HIGH_RISK,0.511,1,2,17,1
ord_95663930,cust_896399,696.57,COD,5,0,0.0,0,4,TIER_2,0.576,2,1,22,0
ord_41374900,cust_228470,2237.96,UPI,5,0,0.0,0,2,TIER_1_METRO,0.728,0,1,0,0
ord_10671253,cust_998273,752.81,COD,13,0,0.0,0,1,TIER_1_METRO,0.747,0,1,8,0
ord_41745493,cust_720709,1309.91,COD,10,0,0.0,0,1,TIER_1_METRO,0.418,3,1,1,0
ord_45453171,cust_650197,1122.09,COD,0,0,0.0,1,1,TIER_3_HIGH_RISK,0.784,1,1,7,1
ord_26795119,cust_733717,1274.4,UPI,0,0,0.0,1,1,TIER_3_HIGH_RISK,0.857,1,1,19,0
ord_24553939,cust_223409,704.28,COD,11,0,0.0,0,1,TIER_2,0.963,2,2,5,0
ord_26094140,cust_882703,563.22,COD,25,0,0.0,0,2,TIER_1_METRO,0.763,1,1,5,0
ord_52385077,cust_227615,3422.65,UPI,0,0,0.0,1,1,TIER_1_METRO,0.929,3,3,21,0
ord_97888841,cust_719405,505.22,COD,10,1,0.1,0,1,TIER_1_METRO,0.814,0,1,7,0
ord_65332984,cust_241916,1225.85,CARD,12,2,0.1667,0,1,TIER_1_METRO,0.773,0,2,22,0
ord_87822269,cust_634714,938.43,NETBANKING,4,1,0.25,0,3,TIER_2,0.759,0,1,6,1
ord_77001632,cust_974479,1306.98,CARD,0,0,0.0,1,2,TIER_2,0.593,1,1,2,0
ord_41789623,cust_792502,474.88,UPI,2,0,0.0,0,3,TIER_2,0.928,1,1,0,1
ord_60014457,cust_412683,953.72,UPI,0,0,0.0,1,1,TIER_2,0.81,0,1,6,0
ord_44824440,cust_628082,1228.17,UPI,3,0,0.0,0,2,TIER_1_METRO,0.852,0,1,14,0
ord_85452392,cust_788874,1312.08,COD,0,0,0.0,1,1,TIER_2,0.898,1,2,0,1
ord_32826747,cust_393797,332.85,COD,0,0,0.0,1,2,TIER_1_METRO,0.824,3,2,3,1
ord_31340869,cust_534264,1311.0,UPI,9,1,0.1111,0,2,TIER_2,0.893,1,1,0,0
ord_54160167,cust_518381,826.15,COD,0,0,0.0,1,1,TIER_2,0.81,0,1,6,1
ord_98121122,cust_732465,686.21,COD,0,0,0.0,1,1,TIER_1_METRO,0.661,0,1,13,0
ord_20774986,cust_153205,3951.92,COD,2,0,0.0,0,5,TIER_3_HIGH_RISK,0.695,0,1,18,1
ord_92396202,cust_983479,259.57,UPI,7,0,0.0,0,1,TIER_1_METRO,0.773,2,2,20,0
ord_97733932,cust_134253,1457.28,COD,8,0,0.0,0,1,TIER_2,0.798,1,2,9,0
ord_64496748,cust_998612,2458.07,COD,12,1,0.0833,0,4,TIER_2,0.933,1,2,21,0
ord_37841304,cust_814564,2098.92,COD,8,1,0.125,0,1,TIER_1_METRO,0.886,2,2,19,0
ord_20806349,cust_657776,1592.13,UPI,0,0,0.0,1,1,TIER_2,0.68,2,1,7,0
ord_35812055,cust_337012,522.13,NETBANKING,0,0,0.0,1,1,TIER_1_METRO,0.703,1,1,13,0
ord_82258398,cust_103376,279.64,COD,1,0,0.0,0,1,TIER_2,0.719,0,5,3,0
ord_72932278,cust_605100,888.18,COD,6,0,0.0,0,1,TIER_2,0.701,3,1,15,0
ord_48679027,cust_807647,2128.39,CARD,0,0,0.0,1,1,TIER_1_METRO,0.84,0,1,19,0
ord_17740359,cust_780583,510.54,COD,18,2,0.1111,0,1,TIER_2,0.81,2,1,6,0
ord_90846200,cust_301107,5191.1,UPI,0,0,0.0,1,1,TIER_2,0.612,1,1,14,0
ord_51634984,cust_627947,1814.07,COD,8,0,0.0,0,2,TIER_1_METRO,0.801,2,1,18,0
ord_32435781,cust_747440,465.32,COD,19,0,0.0,0,1,TIER_2,0.86,2,1,10,0
ord_52812847,cust_594651,1102.6,UPI,4,0,0.0,0,1,TIER_2,0.806,2,2,5,0
ord_98570093,cust_140478,3312.44,UPI,10,0,0.0,0,1,TIER_2,0.592,0,1,23,0
ord_78233769,cust_987687,2069.6,UPI,9,1,0.1111,0,1,TIER_1_METRO,0.923,1,1,10,0
ord_94472981,cust_452401,2797.01,COD,10,0,0.0,0,1,TIER_3_HIGH_RISK,0.841,0,1,21,0
ord_90266451,cust_924514,743.65,COD,6,1,0.1667,0,1,TIER_3_HIGH_RISK,0.371,0,2,17,1
ord_81831204,cust_224790,963.53,UPI,6,0,0.0,0,1,TIER_1_METRO,0.658,0,1,17,0
ord_52683639,cust_550463,1837.63,COD,4,0,0.0,0,2,TIER_1_METRO,0.806,0,2,17,0
ord_97396543,cust_739951,2125.15,UPI,11,0,0.0,0,2,TIER_2,0.753,0,1,11,0
ord_19093964,cust_503051,1205.21,UPI,0,0,0.0,1,1,TIER_3_HIGH_RISK,0.832,0,4,8,0
ord_62289440,cust_234918,607.02,COD,0,0,0.0,1,1,TIER_1_METRO,0.887,1,2,18,0
ord_37308991,cust_911015,614.35,COD,0,0,0.0,1,1,TIER_2,0.819,0,1,1,1
ord_16423841,cust_577781,554.19,COD,5,0,0.0,0,1,TIER_2,0.83,0,1,17,0
ord_70941388,cust_844075,316.31,COD,0,0,0.0,1,1,TIER_1_METRO,0.334,0,1,11,0
ord_60277283,cust_458315,870.48,COD,4,0,0.0,0,1,TIER_1_METRO,0.872,1,2,23,0
ord_58427738,cust_727846,670.05,COD,0,0,0.0,1,1,TIER_3_HIGH_RISK,0.602,1,1,10,1
ord_60065992,cust_474673,427.98,COD,7,0,0.0,0,1,TIER_2,0.845,0,8,15,0
ord_56684370,cust_714639,5028.92,COD,14,0,0.0,0,2,TIER_1_METRO,0.806,0,1,9,0
ord_10611213,cust_763621,3121.43,COD,8,0,0.0,0,1,TIER_3_HIGH_RISK,0.607,0,4,11,0
ord_97669911,cust_729505,2217.56,CARD,11,1,0.0909,0,1,TIER_2,0.605,3,3,13,0
ord_85488205,cust_275725,646.78,COD,0,0,0.0,1,1,TIER_3_HIGH_RISK,0.565,1,1,8,1
ord_46515101,cust_299143,292.38,COD,10,0,0.0,0,1,TIER_1_METRO,0.812,0,1,21,0
ord_57350357,cust_312690,699.79,COD,1,0,0.0,0,1,TIER_2,0.84,2,2,16,1
ord_71710132,cust_685923,794.06,COD,14,2,0.1429,0,1,TIER_1_METRO,0.935,3,2,1,1
ord_77087885,cust_499104,3374.75,COD,6,0,0.0,0,1,TIER_1_METRO,0.83,0,1,20,0
ord_19407062,cust_231930,1889.84,UPI,5,0,0.0,0,1,TIER_1_METRO,0.529,1,1,20,0
ord_14704863,cust_701252,519.45,COD,0,0,0.0,1,2,TIER_2,0.619,0,1,23,1
ord_36559312,cust_794212,1800.49,UPI,3,0,0.0,0,1,TIER_2,0.852,1,1,10,0
ord_89773767,cust_340655,1873.43,UPI,6,0,0.0,0,4,TIER_2,0.552,0,3,5,0
ord_64503422,cust_307012,381.35,COD,14,0,0.0,0,1,TIER_1_METRO,0.758,0,1,2,0
ord_68735632,cust_179297,1550.98,UPI,0,0,0.0,1,1,TIER_1_METRO,0.459,0,2,3,0
ord_74169220,cust_624201,2023.61,COD,0,0,0.0,1,1,TIER_1_METRO,0.643,2,1,14,1
ord_87620710,cust_517653,781.57,COD,0,0,0.0,1,1,TIER_3_HIGH_RISK,0.314,0,1,10,1
ord_49700092,cust_109275,1363.08,COD,0,0,0.0,1,3,TIER_3_HIGH_RISK,0.408,0,1,14,1
ord_96740199,cust_667161,319.16,UPI,6,0,0.0,0,1,TIER_1_METRO,0.599,2,1,16,0
ord_89240559,cust_533995,2034.19,COD,13,2,0.1538,0,1,TIER_2,0.855,1,1,2,0
ord_52622487,cust_897455,287.66,CARD,4,1,0.25,0,1,TIER_2,0.593,0,1,19,0
ord_23539916,cust_182790,1084.57,COD,0,0,0.0,1,1,TIER_2,0.751,1,1,9,0
ord_17281505,cust_342941,7235.61,COD,0,0,0.0,1,1,TIER_3_HIGH_RISK,0.891,1,1,14,1
ord_47018326,cust_873358,2281.38,UPI,0,0,0.0,1,1,TIER_3_HIGH_RISK,0.613,0,1,22,1
ord_80683651,cust_589854,849.05,COD,4,0,0.0,0,1,TIER_2,0.709,0,1,15,0
ord_42145070,cust_986518,4604.45,COD,0,0,0.0,1,1,TIER_3_HIGH_RISK,0.808,0,4,9,1
ord_63176805,cust_144828,669.69,UPI,12,0,0.0,0,2,TIER_2,0.714,0,1,15,0
ord_39677320,cust_772051,313.16,COD,4,0,0.0,0,4,TIER_3_HIGH_RISK,0.666,0,1,13,1
ord_68231611,cust_621358,1630.27,COD,0,0,0.0,1,1,TIER_3_HIGH_RISK,0.592,1,1,20,0
ord_98947434,cust_260059,489.52,COD,15,0,0.0,0,1,TIER_2,0.247,1,2,2,1
ord_41023701,cust_472526,452.09,UPI,0,0,0.0,1,1,TIER_2,0.82,1,3,21,0
ord_72200055,cust_238426,861.8,UPI,2,0,0.0,0,2,TIER_1_METRO,0.657,1,2,18,0
ord_27482530,cust_459536,1668.1,COD,2,0,0.0,0,2,TIER_1_METRO,0.961,0,3,4,0
ord_23907579,cust_309991,1550.68,UPI,6,0,0.0,0,2,TIER_2,0.846,1,1,17,0
ord_82468326,cust_894473,1235.24,COD,4,0,0.0,0,3,TIER_1_METRO,0.815,0,1,5,0
ord_99705690,cust_344951,1425.39,COD,23,2,0.087,0,4,TIER_1_METRO,0.84,0,2,16,1
ord_65670586,cust_508016,2956.99,COD,10,1,0.1,0,1,TIER_2,0.957,2,1,0,0
ord_15959429,cust_335328,249.0,COD,9,0,0.0,0,1,TIER_2,0.789,0,1,10,0
ord_34177315,cust_310994,763.55,COD,0,0,0.0,1,2,TIER_3_HIGH_RISK,0.646,0,1,10,1
ord_53855533,cust_792456,599.41,UPI,6,0,0.0,0,1,TIER_3_HIGH_RISK,0.683,1,1,9,0
ord_67430782,cust_365853,1120.27,UPI,0,0,0.0,1,1,TIER_3_HIGH_RISK,0.773,0,2,14,1
ord_39822180,cust_255355,2127.27,UPI,0,0,0.0,1,1,TIER_2,0.889,0,1,14,0
ord_26760394,cust_276371,967.85,UPI,0,0,0.0,1,1,TIER_3_HIGH_RISK,0.585,0,1,19,0
ord_67464779,cust_186569,4533.05,COD,4,0,0.0,0,1,TIER_2,0.591,0,1,22,0
ord_38107874,cust_431061,274.38,COD,0,0,0.0,1,1,TIER_1_METRO,0.863,0,4,12,0
ord_11000294,cust_177228,818.92,UPI,8,0,0.0,0,1,TIER_1_METRO,0.894,1,1,23,0
ord_53802064,cust_809830,1831.78,UPI,5,0,0.0,0,1,TIER_2,0.395,0,3,14,0
ord_91148858,cust_517625,1567.28,COD,0,0,0.0,1,3,TIER_3_HIGH_RISK,0.677,2,1,22,1
ord_25876696,cust_570547,1571.11,COD,0,0,0.0,1,1,TIER_2,0.885,1,1,8,0
ord_78754453,cust_286668,249.0,COD,6,0,0.0,0,2,TIER_1_METRO,0.939,2,1,14,0
ord_89108152,cust_834330,1532.9,CARD,5,0,0.0,0,1,TIER_3_HIGH_RISK,0.782,0,2,13,0
ord_77256609,cust_419464,446.53,COD,10,1,0.1,0,1,TIER_1_METRO,0.478,1,3,14,0
ord_94111129,cust_878873,249.0,CARD,0,0,0.0,1,1,TIER_1_METRO,0.821,0,1,11,0
ord_85178888,cust_574677,6757.83,UPI,0,0,0.0,1,1,TIER_1_METRO,0.465,0,1,20,0
ord_21031873,cust_529355,1145.62,COD,0,0,0.0,1,1,TIER_3_HIGH_RISK,0.808,0,2,5,0
ord_19368140,cust_103608,1179.1,NETBANKING,10,0,0.0,0,1,TIER_1_METRO,0.509,2,1,18,0
ord_38338206,cust_949390,533.42,UPI,0,0,0.0,1,3,TIER_1_METRO,0.825,1,1,18,0
ord_25741873,cust_979761,1615.99,COD,12,0,0.0,0,3,TIER_1_METRO,0.625,2,1,13,0
ord_22856498,cust_390832,560.22,COD,1,0,0.0,0,1,TIER_1_METRO,0.829,1,1,2,0
ord_58674916,cust_318865,2272.85,COD,1,0,0.0,0,1,TIER_3_HIGH_RISK,0.737,0,1,14,0
ord_85996188,cust_800948,4804.1,CARD,11,1,0.0909,0,1,TIER_3_HIGH_RISK,0.666,1,3,9,0
ord_48844162,cust_774104,764.48,COD,2,0,0.0,0,3,TIER_1_METRO,0.761,0,1,1,0
ord_83179381,cust_647403,1070.16,UPI,4,0,0.0,0,4,TIER_1_METRO,0.939,2,2,17,0
ord_15386159,cust_136680,562.34,COD,0,0,0.0,1,1,TIER_1_METRO,0.785,1,3,1,0
ord_33946891,cust_919977,1786.77,UPI,2,0,0.0,0,1,TIER_3_HIGH_RISK,0.52,3,1,1,0
ord_32866176,cust_296062,249.0,UPI,0,0,0.0,1,3,TIER_1_METRO,0.801,0,1,22,1
ord_75882505,cust_340739,369.03,UPI,2,0,0.0,0,1,TIER_1_METRO,0.766,1,1,23,0
ord_61859613,cust_807254,612.17,NETBANKING,5,0,0.0,0,3,TIER_3_HIGH_RISK,0.329,1,1,15,0
ord_67584089,cust_942990,697.63,COD,0,0,0.0,1,1,TIER_3_HIGH_RISK,0.666,0,1,5,0
ord_90418563,cust_220456,5339.14,UPI,7,0,0.0,0,1,TIER_1_METRO,0.963,0,2,10,0
ord_20024015,cust_249710,2809.07,COD,0,0,0.0,1,1,TIER_1_METRO,0.815,1,2,9,0
ord_97116625,cust_927058,2215.59,COD,2,2,1.0,0,1,TIER_1_METRO,0.481,0,1,6,1
ord_58825789,cust_748238,1838.72,UPI,0,0,0.0,1,1,TIER_1_METRO,0.939,1,1,21,0
ord_89108265,cust_848873,886.87,COD,2,1,0.5,0,1,TIER_2,0.838,2,1,20,1
ord_81582311,cust_672822,999.76,UPI,0,0,0.0,1,1,TIER_3_HIGH_RISK,0.613,2,1,17,0
ord_82044364,cust_490014,2530.79,UPI,9,0,0.0,0,1,TIER_2,0.857,0,4,9,0
ord_50906614,cust_694105,1841.83,UPI,2,0,0.0,0,2,TIER_1_METRO,0.776,0,2,4,0
ord_59349430,cust_715702,1832.64,UPI,0,0,0.0,1,1,TIER_1_METRO,0.786,0,2,12,0
ord_17587676,cust_760773,2077.47,UPI,0,0,0.0,1,2,TIER_1_METRO,0.78,1,2,10,0
ord_32004757,cust_641816,2099.91,COD,8,0,0.0,0,2,TIER_1_METRO,0.805,2,1,15,0
ord_97142585,cust_273703,956.5,UPI,8,1,0.125,0,4,TIER_2,0.756,1,4,1,0
ord_90831680,cust_159321,1582.33,COD,0,0,0.0,1,1,TIER_3_HIGH_RISK,0.596,0,1,0,1
ord_32158515,cust_320370,480.89,CARD,10,2,0.2,0,3,TIER_1_METRO,0.586,3,3,16,0
ord_12362854,cust_144350,1486.98,UPI,8,0,0.0,0,1,TIER_1_METRO,0.849,1,3,17,0
ord_86573891,cust_776002,1838.68,UPI,6,0,0.0,0,1,TIER_3_HIGH_RISK,0.553,0,3,2,0
ord_32023611,cust_821180,700.63,COD,0,0,0.0,1,2,TIER_1_METRO,0.618,0,1,17,1
ord_61101656,cust_367361,2550.82,CARD,0,0,0.0,1,1,TIER_1_METRO,0.595,0,1,6,0
ord_43873206,cust_160666,1282.26,UPI,5,0,0.0,0,1,TIER_3_HIGH_RISK,0.691,0,2,2,0
ord_77282865,cust_660064,1810.01,UPI,0,0,0.0,1,1,TIER_2,0.819,2,1,13,0
ord_26649919,cust_292888,1071.33,NETBANKING,0,0,0.0,1,1,TIER_3_HIGH_RISK,0.487,0,2,3,1
ord_94934358,cust_387238,1509.75,COD,0,0,0.0,1,1,TIER_2,0.888,1,1,21,1
ord_93417293,cust_477186,458.81,UPI,0,0,0.0,1,1,TIER_1_METRO,0.655,0,1,5,0
ord_75082317,cust_974134,2211.14,NETBANKING,1,0,0.0,0,1,TIER_1_METRO,0.35,1,1,21,0
ord_68811819,cust_246293,990.79,UPI,6,0,0.0,0,1,TIER_2,0.842,0,1,22,0
ord_62492736,cust_346130,4631.55,COD,3,0,0.0,0,1,TIER_3_HIGH_RISK,0.568,1,2,16,1
ord_90390652,cust_694506,1712.48,UPI,4,0,0.0,0,1,TIER_1_METRO,0.736,0,1,23,0
ord_63543055,cust_780859,3283.34,COD,0,0,0.0,1,1,TIER_1_METRO,0.792,0,2,23,1
ord_46557769,cust_312194,948.94,UPI,0,0,0.0,1,3,TIER_1_METRO,0.888,3,1,0,1
ord_10578526,cust_803332,704.97,UPI,9,0,0.0,0,1,TIER_1_METRO,0.833,0,1,3,0
ord_22646791,cust_243128,738.35,CARD,0,0,0.0,1,2,TIER_3_HIGH_RISK,0.542,1,2,20,0
ord_75502200,cust_937166,1501.61,UPI,0,0,0.0,1,1,TIER_3_HIGH_RISK,0.767,0,1,16,1
ord_37139568,cust_709121,336.73,UPI,11,0,0.0,0,1,TIER_3_HIGH_RISK,0.726,0,1,6,0
ord_12464722,cust_235701,1481.74,COD,0,0,0.0,1,3,TIER_1_METRO,0.697,2,1,3,1
ord_10749971,cust_616941,797.32,COD,0,0,0.0,1,1,TIER_3_HIGH_RISK,0.753,0,1,20,1
ord_13490513,cust_905849,607.57,UPI,0,0,0.0,1,3,TIER_3_HIGH_RISK,0.757,0,2,23,1
ord_62869791,cust_516602,1066.3,UPI,6,0,0.0,0,1,TIER_3_HIGH_RISK,0.737,1,2,7,0
ord_85072709,cust_729201,1842.43,UPI,0,0,0.0,1,1,TIER_2,0.725,0,1,8,0
ord_74387807,cust_398489,797.43,UPI,6,0,0.0,0,1,TIER_1_METRO,0.696,2,1,19,0
ord_32451154,cust_716591,969.36,UPI,0,0,0.0,1,1,TIER_1_METRO,0.781,0,2,13,0
ord_65859612,cust_445625,1147.21,UPI,0,0,0.0,1,1,TIER_1_METRO,0.629,2,1,5,0
ord_85356616,cust_516779,847.71,COD,5,0,0.0,0,1,TIER_2,0.626,0,2,15,1
ord_55657190,cust_471562,498.7,UPI,5,0,0.0,0,1,TIER_1_METRO,0.785,0,2,2,0
ord_76183387,cust_428897,839.0,COD,3,0,0.0,0,2,TIER_3_HIGH_RISK,0.71,2,1,10,1
ord_44051597,cust_300203,1433.64,UPI,3,0,0.0,0,1,TIER_1_METRO,0.844,0,1,20,0
ord_97217186,cust_212666,740.77,NETBANKING,9,4,0.4444,0,1,TIER_1_METRO,0.926,0,2,12,0
ord_17058175,cust_331129,2174.22,UPI,15,0,0.0,0,1,TIER_3_HIGH_RISK,0.776,3,1,8,0
ord_37639012,cust_840714,1121.49,UPI,0,0,0.0,1,1,TIER_2,0.457,0,4,15,0
ord_71398562,cust_728479,2139.71,COD,0,0,0.0,1,1,TIER_1_METRO,0.803,2,1,4,1
ord_83416540,cust_181119,6534.8,UPI,3,0,0.0,0,1,TIER_3_HIGH_RISK,0.716,1,1,5,0
ord_97324860,cust_585951,1054.11,UPI,10,0,0.0,0,1,TIER_2,0.882,1,1,5,0
ord_86006379,cust_894370,3668.79,UPI,0,0,0.0,1,1,TIER_2,0.832,0,1,13,0
ord_89457242,cust_126082,2850.86,CARD,8,0,0.0,0,2,TIER_1_METRO,0.766,0,1,19,0
ord_98668417,cust_574514,249.0,COD,5,0,0.0,0,1,TIER_2,0.793,0,2,21,0
ord_76884542,cust_648143,1227.65,UPI,0,0,0.0,1,1,TIER_3_HIGH_RISK,0.443,0,1,20,0
ord_67434908,cust_922646,1087.5,UPI,1,0,0.0,0,1,TIER_1_METRO,0.615,0,1,5,0
ord_99284936,cust_640638,2467.25,CARD,2,0,0.0,0,2,TIER_2,0.813,0,2,12,0
ord_86719668,cust_486122,469.25,COD,7,1,0.1429,0,1,TIER_2,0.702,1,1,19,0
ord_68727655,cust_817844,393.98,CARD,0,0,0.0,1,1,TIER_1_METRO,0.576,1,1,16,0
ord_55640965,cust_495952,1828.78,COD,0,0,0.0,1,2,TIER_3_HIGH_RISK,0.762,3,2,14,1
ord_49488817,cust_502826,3822.65,CARD,3,0,0.0,0,1,TIER_1_METRO,0.95,0,1,0,0
ord_25531310,cust_824629,703.61,COD,0,0,0.0,1,1,TIER_1_METRO,0.84,0,1,8,0
ord_59922192,cust_977714,2837.44,COD,0,0,0.0,1,1,TIER_1_METRO,0.615,1,1,1,0
ord_60551974,cust_812944,747.49,CARD,1,0,0.0,0,1,TIER_1_METRO,0.882,2,1,23,0
ord_94364445,cust_205894,1210.55,UPI,10,0,0.0,0,2,TIER_2,0.914,0,4,4,0
ord_17857997,cust_916700,3900.55,COD,10,0,0.0,0,1,TIER_1_METRO,0.789,0,2,1,0
ord_50711152,cust_660414,2059.32,COD,4,0,0.0,0,1,TIER_1_METRO,0.844,1,1,13,0
ord_22383582,cust_617948,1809.64,COD,6,0,0.0,0,1,TIER_1_METRO,0.898,1,2,20,0
ord_64342321,cust_334669,274.22,CARD,9,0,0.0,0,5,TIER_1_METRO,0.804,0,1,1,0
ord_72905267,cust_186891,562.88,COD,0,0,0.0,1,1,TIER_1_METRO,0.741,1,2,14,0
ord_50908724,cust_690313,580.66,COD,0,0,0.0,1,2,TIER_1_METRO,0.578,1,2,17,0
ord_51574796,cust_714181,1242.87,COD,10,0,0.0,0,1,TIER_3_HIGH_RISK,0.612,0,4,23,0
ord_64574689,cust_671097,1264.24,CARD,0,0,0.0,1,1,TIER_3_HIGH_RISK,0.581,1,2,16,1
ord_35580123,cust_658382,3074.84,COD,4,0,0.0,0,1,TIER_3_HIGH_RISK,0.615,0,1,3,1
ord_97119020,cust_162160,660.48,CARD,0,0,0.0,1,4,TIER_2,0.868,2,3,18,1
ord_45409403,cust_254525,1202.38,COD,0,0,0.0,1,1,TIER_3_HIGH_RISK,0.67,0,1,22,1
ord_45539628,cust_816846,249.0,CARD,15,1,0.0667,0,3,TIER_3_HIGH_RISK,0.606,0,2,14,1
ord_68934479,cust_412144,3711.92,COD,0,0,0.0,1,1,TIER_1_METRO,0.272,0,3,3,0
ord_22457080,cust_528410,1217.36,COD,9,0,0.0,0,1,TIER_1_METRO,0.325,0,8,14,1
ord_72611642,cust_891588,3532.84,COD,22,0,0.0,0,1,TIER_2,0.636,0,1,8,0
ord_25694202,cust_439546,775.97,COD,0,0,0.0,1,1,TIER_1_METRO,0.842,0,1,10,1
ord_15055769,cust_715929,5179.77,UPI,0,0,0.0,1,1,TIER_1_METRO,0.822,1,2,1,0
ord_35813096,cust_709510,249.0,CARD,0,0,0.0,1,1,TIER_2,0.846,0,3,1,1
ord_71681549,cust_259964,449.4,COD,0,0,0.0,1,4,TIER_2,0.63,1,4,12,1
ord_61112289,cust_513145,352.18,COD,0,0,0.0,1,1,TIER_2,0.726,0,2,20,0
ord_78154397,cust_415050,261.3,COD,13,0,0.0,0,1,TIER_2,0.824,2,4,1,0
ord_89643698,cust_514380,1897.54,UPI,0,0,0.0,1,1,TIER_3_HIGH_RISK,0.445,0,2,5,0
ord_46868929,cust_653100,1199.17,COD,2,0,0.0,0,2,TIER_1_METRO,0.411,0,1,17,0
ord_37740293,cust_516724,844.76,CARD,3,0,0.0,0,1,TIER_2,0.71,2,1,0,1
ord_78611582,cust_425397,1389.5,COD,7,0,0.0,0,3,TIER_1_METRO,0.879,2,1,18,1
ord_77887955,cust_316643,1205.58,COD,0,0,0.0,1,1,TIER_1_METRO,0.945,2,1,0,0
ord_65117261,cust_565377,2546.3,UPI,0,0,0.0,1,1,TIER_1_METRO,0.866,0,3,16,0
ord_96817611,cust_436811,839.1,NETBANKING,7,0,0.0,0,1,TIER_2,0.787,0,1,4,0
ord_92635262,cust_170408,1211.68,CARD,14,1,0.0714,0,1,TIER_3_HIGH_RISK,0.578,3,2,9,1
ord_66886493,cust_348482,706.49,COD,8,0,0.0,0,1,TIER_3_HIGH_RISK,0.797,1,1,4,1
ord_74853869,cust_420100,4176.39,UPI,12,0,0.0,0,1,TIER_3_HIGH_RISK,0.814,0,1,4,0
ord_88781101,cust_909697,2062.3,COD,6,0,0.0,0,1,TIER_2,0.982,0,1,3,0
ord_59063350,cust_995719,542.61,UPI,15,2,0.1333,0,1,TIER_3_HIGH_RISK,0.499,1,1,19,1
ord_24931127,cust_409199,725.37,COD,0,0,0.0,1,2,TIER_2,0.835,0,1,20,1
ord_64089302,cust_987103,858.75,COD,0,0,0.0,1,1,TIER_3_HIGH_RISK,0.758,0,1,14,1
ord_20897788,cust_158396,350.05,COD,0,0,0.0,1,1,TIER_3_HIGH_RISK,0.69,2,1,10,1
ord_86120467,cust_867360,770.98,COD,4,0,0.0,0,1,TIER_2,0.779,0,1,16,0
ord_23965345,cust_129152,685.56,UPI,2,0,0.0,0,1,TIER_2,0.782,0,2,0,0
ord_88350878,cust_581005,1067.34,UPI,0,0,0.0,1,2,TIER_2,0.809,0,2,1,0
ord_99296767,cust_721443,2245.91,UPI,11,0,0.0,0,2,TIER_2,0.705,0,1,3,0
ord_80635049,cust_190159,394.31,UPI,2,0,0.0,0,1,TIER_1_METRO,0.518,1,2,11,0
ord_17534504,cust_656490,1837.94,COD,5,0,0.0,0,1,TIER_1_METRO,0.671,0,2,0,0
ord_26018797,cust_319973,1694.25,COD,3,0,0.0,0,1,TIER_1_METRO,0.763,0,1,8,1
ord_55422040,cust_860397,7685.21,UPI,3,1,0.3333,0,1,TIER_2,0.579,0,2,18,0
ord_18103670,cust_486804,1256.34,COD,0,0,0.0,1,1,TIER_1_METRO,0.919,0,1,22,0
ord_83414100,cust_814364,3509.84,COD,0,0,0.0,1,1,TIER_1_METRO,0.978,1,3,16,0
ord_57417161,cust_105378,2351.01,COD,0,0,0.0,1,1,TIER_1_METRO,0.834,0,3,19,0
ord_11750093,cust_438668,866.72,COD,5,1,0.2,0,1,TIER_1_METRO,0.726,0,3,3,1
ord_99078939,cust_832224,983.35,CARD,1,0,0.0,0,2,TIER_1_METRO,0.496,2,3,12,0
ord_43389637,cust_132827,1086.49,CARD,0,0,0.0,1,1,TIER_2,0.885,0,5,23,0
ord_42596266,cust_867494,742.08,COD,0,0,0.0,1,1,TIER_2,0.709,1,1,18,1
ord_99967767,cust_840739,1122.12,COD,4,0,0.0,0,2,TIER_1_METRO,0.44,1,1,11,0
ord_81572452,cust_639439,1893.96,UPI,1,0,0.0,0,2,TIER_1_METRO,0.766,1,2,22,0
ord_50129705,cust_756335,249.0,UPI,0,0,0.0,1,2,TIER_3_HIGH_RISK,0.709,0,2,21,1
ord_15015551,cust_311168,1387.88,COD,1,0,0.0,0,1,TIER_1_METRO,0.839,0,2,23,0
ord_57474562,cust_222641,2389.49,UPI,0,0,0.0,1,1,TIER_2,0.665,1,1,0,0
ord_72893670,cust_282434,1630.21,UPI,0,0,0.0,1,2,TIER_3_HIGH_RISK,0.899,1,1,17,1
ord_46328139,cust_782121,4520.26,COD,0,0,0.0,1,1,TIER_2,0.859,0,2,19,1
ord_46612753,cust_179244,249.0,UPI,7,0,0.0,0,1,TIER_3_HIGH_RISK,0.512,2,1,16,0
ord_79996621,cust_497959,5597.42,COD,0,0,0.0,1,1,TIER_2,0.918,2,3,5,1
ord_10818706,cust_981811,319.66,COD,6,0,0.0,0,1,TIER_1_METRO,0.429,0,3,23,0
ord_71431120,cust_125437,1714.91,COD,0,0,0.0,1,1,TIER_1_METRO,0.633,2,1,20,1
ord_96254490,cust_202491,1482.4,COD,0,0,0.0,1,1,TIER_2,0.559,0,1,19,1
ord_33531674,cust_196682,1171.26,UPI,17,0,0.0,0,1,TIER_2,0.841,2,4,1,0
ord_70996414,cust_988805,1906.55,COD,0,0,0.0,1,1,TIER_2,0.7,1,1,6,0
ord_18966309,cust_899111,1160.18,UPI,0,0,0.0,1,1,TIER_3_HIGH_RISK,0.586,0,2,21,0
ord_23855509,cust_562757,2262.12,COD,0,0,0.0,1,2,TIER_1_METRO,0.629,1,1,13,0
ord_58687330,cust_804003,296.32,COD,4,0,0.0,0,2,TIER_1_METRO,0.98,1,8,19,1
ord_66975081,cust_402408,942.78,UPI,0,0,0.0,1,1,TIER_2,0.896,0,1,11,0
ord_80238849,cust_269559,249.0,CARD,0,0,0.0,1,3,TIER_1_METRO,0.857,0,1,12,0
ord_29396438,cust_165781,2220.9,COD,4,0,0.0,0,1,TIER_1_METRO,0.407,3,1,20,0
ord_58632668,cust_386400,1409.13,COD,0,0,0.0,1,1,TIER_1_METRO,0.869,0,1,19,0
ord_83006026,cust_127618,249.0,COD,17,1,0.0588,0,1,TIER_2,0.844,3,1,20,0
ord_47363827,cust_539802,2905.8,UPI,0,0,0.0,1,2,TIER_2,0.705,1,1,11,0
ord_97132497,cust_578911,1793.87,UPI,5,0,0.0,0,2,TIER_2,0.796,3,1,17,0
ord_17681356,cust_392290,1229.68,NETBANKING,5,1,0.2,0,1,TIER_1_METRO,0.538,1,2,3,0
ord_14553804,cust_359757,2398.7,UPI,4,1,0.25,0,1,TIER_1_METRO,0.719,0,3,14,0
ord_80001342,cust_723711,452.53,COD,7,0,0.0,0,1,TIER_1_METRO,0.772,2,1,8,0
ord_49290062,cust_108195,537.03,UPI,0,0,0.0,1,2,TIER_1_METRO,0.768,0,2,8,0
ord_37705858,cust_996508,515.21,COD,6,0,0.0,0,2,TIER_3_HIGH_RISK,0.685,2,2,9,1
ord_64047447,cust_124881,3797.8,COD,4,0,0.0,0,1,TIER_3_HIGH_RISK,0.652,1,1,4,1
ord_41941562,cust_445796,3438.86,UPI,0,0,0.0,1,1,TIER_3_HIGH_RISK,0.586,0,2,18,0
ord_42482294,cust_907342,722.87,UPI,16,1,0.0625,0,1,TIER_2,0.914,1,2,13,0
ord_98347675,cust_335439,1139.08,UPI,0,0,0.0,1,1,TIER_2,0.584,0,1,7,0
ord_94758408,cust_575428,2673.75,COD,0,0,0.0,1,1,TIER_2,0.756,2,1,5,1
ord_86204645,cust_227873,752.2,UPI,4,0,0.0,0,3,TIER_1_METRO,0.909,0,1,22,0
ord_51846292,cust_871829,2409.36,CARD,4,1,0.25,0,1,TIER_1_METRO,0.865,2,1,6,0
ord_35156918,cust_779631,3307.96,CARD,25,1,0.04,0,2,TIER_1_METRO,0.699,0,2,4,0
ord_72465051,cust_281410,1224.91,COD,13,0,0.0,0,1,TIER_1_METRO,0.925,0,1,22,0
ord_83660245,cust_613690,1226.91,CARD,7,0,0.0,0,1,TIER_2,0.954,2,1,12,0
ord_20679744,cust_996536,931.3,CARD,0,0,0.0,1,2,TIER_3_HIGH_RISK,0.358,3,1,23,1
ord_40031137,cust_812495,424.09,UPI,0,0,0.0,1,1,TIER_3_HIGH_RISK,0.761,1,2,11,0
ord_90296229,cust_419399,1455.59,UPI,0,0,0.0,1,1,TIER_1_METRO,0.739,2,1,19,0
ord_98632256,cust_932792,297.93,UPI,6,0,0.0,0,1,TIER_1_METRO,0.702,0,2,13,1
ord_50096587,cust_788086,923.79,COD,0,0,0.0,1,1,TIER_1_METRO,0.893,0,1,12,0
ord_79167585,cust_698671,1823.2,UPI,10,0,0.0,0,1,TIER_3_HIGH_RISK,0.578,0,1,2,0
ord_26052465,cust_101607,1655.79,COD,0,0,0.0,1,1,TIER_2,0.701,0,1,20,0
ord_57548564,cust_650640,249.0,COD,11,0,0.0,0,1,TIER_2,0.868,1,1,8,0
ord_33511930,cust_218251,350.55,COD,4,1,0.25,0,3,TIER_2,0.598,1,1,14,1
ord_72488170,cust_506485,1605.77,NETBANKING,0,0,0.0,1,1,TIER_1_METRO,0.509,2,1,13,0
ord_71269940,cust_316988,1202.93,COD,1,0,0.0,0,1,TIER_2,0.856,0,1,8,1
ord_95251438,cust_466563,10436.96,UPI,3,0,0.0,0,1,TIER_1_METRO,0.911,0,2,4,0
ord_98780367,cust_447284,1767.52,COD,6,0,0.0,0,1,TIER_3_HIGH_RISK,0.823,0,1,6,0
ord_67773185,cust_707198,707.56,UPI,2,0,0.0,0,1,TIER_2,0.525,0,2,21,0
ord_40071551,cust_970506,7055.18,COD,0,0,0.0,1,1,TIER_2,0.875,1,1,5,0
ord_45951072,cust_617291,873.83,UPI,3,1,0.3333,0,1,TIER_3_HIGH_RISK,0.757,0,2,13,0
ord_68058808,cust_721849,1131.77,COD,1,0,0.0,0,2,TIER_3_HIGH_RISK,0.667,0,1,6,1
ord_19117535,cust_808986,805.54,NETBANKING,0,0,0.0,1,1,TIER_3_HIGH_RISK,0.28,3,1,21,1
ord_28130540,cust_484521,448.9,COD,3,0,0.0,0,2,TIER_3_HIGH_RISK,0.542,0,2,14,1
ord_73034622,cust_726264,650.4,NETBANKING,0,0,0.0,1,1,TIER_3_HIGH_RISK,0.718,2,2,1,0
ord_27485885,cust_825925,3415.52,COD,4,1,0.25,0,1,TIER_2,0.875,1,1,7,1
ord_46732072,cust_698915,949.58,CARD,1,0,0.0,0,1,TIER_2,0.528,1,4,3,0
ord_25512659,cust_494823,2726.88,COD,0,0,0.0,1,2,TIER_2,0.621,0,1,5,0
ord_48020566,cust_969565,1874.08,COD,6,0,0.0,0,2,TIER_2,0.746,2,2,5,0
ord_87281083,cust_416161,2020.12,COD,0,0,0.0,1,1,TIER_2,0.965,0,1,5,1
ord_60068499,cust_758272,730.77,CARD,0,0,0.0,1,1,TIER_2,0.935,0,1,4,0
ord_56287149,cust_869867,1221.84,COD,8,0,0.0,0,4,TIER_1_METRO,0.858,0,1,9,0
ord_72344912,cust_361989,1363.01,COD,14,3,0.2143,0,1,TIER_3_HIGH_RISK,0.623,1,1,23,1
ord_77474906,cust_438084,3269.88,NETBANKING,7,0,0.0,0,1,TIER_1_METRO,0.93,1,1,9,0
ord_94805214,cust_384513,1439.78,UPI,0,0,0.0,1,1,TIER_1_METRO,0.839,1,3,21,0
ord_79594042,cust_545061,1404.54,CARD,0,0,0.0,1,1,TIER_3_HIGH_RISK,0.676,0,1,15,0
ord_30814962,cust_679437,1003.93,UPI,1,0,0.0,0,1,TIER_1_METRO,0.888,0,2,20,0
ord_79953044,cust_283328,1328.58,UPI,0,0,0.0,1,1,TIER_3_HIGH_RISK,0.419,2,4,12,0
ord_13494029,cust_434481,1982.32,COD,0,0,0.0,1,7,TIER_3_HIGH_RISK,0.614,0,1,11,1
ord_61048404,cust_544258,270.97,COD,8,2,0.25,0,1,TIER_3_HIGH_RISK,0.676,1,1,22,1
ord_63926452,cust_508153,642.5,NETBANKING,0,0,0.0,1,1,TIER_2,0.829,0,1,5,0
ord_71316090,cust_772961,400.85,COD,15,0,0.0,0,1,TIER_1_METRO,0.665,0,1,16,0
ord_97208998,cust_559512,3328.37,UPI,0,0,0.0,1,2,TIER_1_METRO,0.72,1,1,20,0
ord_75061522,cust_260045,379.64,UPI,3,0,0.0,0,1,TIER_1_METRO,0.762,2,1,11,0
ord_10131936,cust_748869,463.72,UPI,0,0,0.0,1,1,TIER_1_METRO,0.949,0,1,1,0
ord_77855334,cust_884492,705.97,UPI,2,0,0.0,0,1,TIER_2,0.885,1,2,23,0
ord_54306168,cust_641001,732.7,COD,2,0,0.0,0,1,TIER_2,0.7,2,1,20,1
ord_25221492,cust_815883,401.71,CARD,0,0,0.0,1,1,TIER_1_METRO,0.868,0,5,1,0
ord_40707007,cust_973523,854.99,COD,0,0,0.0,1,1,TIER_1_METRO,0.34,2,1,5,0
ord_94711896,cust_787005,2558.08,UPI,0,0,0.0,1,3,TIER_3_HIGH_RISK,0.562,0,1,19,1
ord_32653052,cust_785671,350.17,COD,0,0,0.0,1,1,TIER_1_METRO,0.679,0,1,19,1
ord_65616606,cust_418477,684.57,NETBANKING,0,0,0.0,1,1,TIER_1_METRO,0.764,0,2,12,0
ord_52796369,cust_486678,2417.84,COD,5,1,0.2,0,1,TIER_1_METRO,0.711,1,1,5,0
ord_90591527,cust_557588,810.99,UPI,0,0,0.0,1,1,TIER_1_METRO,0.516,0,2,16,0
ord_82548971,cust_217616,438.61,COD,0,0,0.0,1,1,TIER_3_HIGH_RISK,0.588,1,1,22,1
ord_18355425,cust_689215,543.46,COD,8,0,0.0,0,1,TIER_1_METRO,0.669,1,1,22,0
ord_88521418,cust_177952,249.0,UPI,7,1,0.1429,0,1,TIER_3_HIGH_RISK,0.683,1,1,15,0
ord_31515563,cust_628197,993.98,COD,8,0,0.0,0,1,TIER_3_HIGH_RISK,0.555,0,1,13,0
ord_83678496,cust_444318,1683.69,UPI,0,0,0.0,1,3,TIER_1_METRO,0.929,1,1,4,0
ord_97979966,cust_972255,1387.66,COD,4,0,0.0,0,1,TIER_3_HIGH_RISK,0.503,0,1,20,0
ord_87906493,cust_286983,249.0,COD,13,2,0.1538,0,1,TIER_2,0.559,0,1,19,0
ord_65098996,cust_456338,1343.38,COD,5,0,0.0,0,1,TIER_2,0.608,3,3,0,1
ord_21679241,cust_755528,418.91,COD,8,0,0.0,0,2,TIER_3_HIGH_RISK,0.685,0,2,9,1
ord_96468894,cust_145957,2146.32,UPI,15,5,0.3333,0,1,TIER_2,0.717,0,1,13,1
ord_47937226,cust_413260,2019.6,NETBANKING,1,0,0.0,0,1,TIER_1_METRO,0.493,2,2,1,0
ord_52548791,cust_888637,1367.01,UPI,4,0,0.0,0,1,TIER_2,0.866,0,1,9,0
ord_29578545,cust_957473,258.77,UPI,5,0,0.0,0,1,TIER_1_METRO,0.814,3,1,2,1
ord_61689101,cust_236974,611.77,UPI,5,0,0.0,0,1,TIER_1_METRO,0.955,0,2,21,0
ord_58492304,cust_459336,666.3,COD,6,0,0.0,0,1,TIER_2,0.85,1,2,0,0
ord_99155041,cust_706151,3699.75,COD,8,1,0.125,0,2,TIER_2,0.91,0,3,9,0
ord_81709884,cust_664267,376.68,UPI,0,0,0.0,1,1,TIER_1_METRO,0.554,1,2,16,0
ord_39108395,cust_308130,398.41,COD,0,0,0.0,1,1,TIER_2,0.95,2,2,7,0
ord_25049132,cust_237711,1014.33,COD,0,0,0.0,1,1,TIER_2,0.731,2,2,10,1
ord_33411915,cust_524286,478.37,COD,1,0,0.0,0,1,TIER_1_METRO,0.728,1,1,17,0
ord_90518323,cust_451487,1203.18,COD,0,0,0.0,1,2,TIER_3_HIGH_RISK,0.657,2,1,1,1
ord_57793791,cust_988390,557.83,UPI,2,0,0.0,0,1,TIER_3_HIGH_RISK,0.519,0,1,14,0
ord_79322753,cust_219271,697.71,COD,0,0,0.0,1,1,TIER_3_HIGH_RISK,0.673,1,4,10,0
ord_77181943,cust_703805,1886.73,COD,11,0,0.0,0,1,TIER_3_HIGH_RISK,0.724,2,1,16,0
ord_77068816,cust_874072,1830.57,CARD,10,0,0.0,0,4,TIER_1_METRO,0.819,0,2,17,0
ord_71865999,cust_791111,2033.66,COD,0,0,0.0,1,1,TIER_1_METRO,0.817,1,1,21,0
ord_79800140,cust_552029,378.88,UPI,0,0,0.0,1,1,TIER_2,0.633,1,1,9,0
ord_83690987,cust_455675,272.86,UPI,22,0,0.0,0,1,TIER_1_METRO,0.842,0,2,7,0
ord_93667964,cust_753935,555.54,UPI,0,0,0.0,1,3,TIER_1_METRO,0.912,2,2,3,1
ord_22489289,cust_601109,3053.83,COD,6,1,0.1667,0,2,TIER_3_HIGH_RISK,0.437,0,1,2,0
ord_65173904,cust_476863,2812.24,UPI,0,0,0.0,1,1,TIER_1_METRO,0.942,1,1,18,1
ord_66877183,cust_639457,1218.65,NETBANKING,0,0,0.0,1,2,TIER_2,0.981,2,1,7,0
ord_59214147,cust_165638,736.6,COD,0,0,0.0,1,3,TIER_3_HIGH_RISK,0.679,1,1,11,1
ord_44725365,cust_437180,1910.4,UPI,0,0,0.0,1,2,TIER_2,0.8,0,2,16,0
ord_98362401,cust_354770,662.3,CARD,4,0,0.0,0,1,TIER_2,0.813,0,2,9,0
ord_42726850,cust_856391,1130.57,UPI,5,1,0.2,0,4,TIER_1_METRO,0.922,1,1,6,0
ord_72454561,cust_179486,424.76,UPI,0,0,0.0,1,1,TIER_1_METRO,0.656,0,2,10,0
ord_22428706,cust_366984,249.0,UPI,14,0,0.0,0,2,TIER_1_METRO,0.807,1,1,11,0
ord_64138275,cust_306840,1124.67,CARD,6,0,0.0,0,1,TIER_2,0.691,1,1,10,0
ord_17553925,cust_127235,632.98,UPI,0,0,0.0,1,7,TIER_1_METRO,0.785,2,1,6,1
ord_35574001,cust_729323,2820.36,COD,0,0,0.0,1,1,TIER_3_HIGH_RISK,0.744,0,1,9,1
ord_75835854,cust_117670,1397.55,CARD,8,1,0.125,0,1,TIER_3_HIGH_RISK,0.442,0,3,22,1
ord_27547389,cust_637225,477.19,UPI,3,0,0.0,0,1,TIER_2,0.744,0,1,21,0
ord_93163963,cust_794497,2977.72,COD,8,0,0.0,0,1,TIER_3_HIGH_RISK,0.728,2,1,17,0
ord_36400322,cust_400196,554.43,COD,5,0,0.0,0,2,TIER_2,0.878,0,1,6,0
ord_92972373,cust_351953,1261.34,COD,5,1,0.2,0,1,TIER_1_METRO,0.88,0,2,9,0
ord_68524948,cust_776060,422.79,NETBANKING,4,0,0.0,0,1,TIER_1_METRO,0.831,0,3,8,0
ord_33238245,cust_676253,1116.76,UPI,2,0,0.0,0,1,TIER_3_HIGH_RISK,0.847,1,1,18,0
ord_93307993,cust_430453,870.6,COD,1,0,0.0,0,1,TIER_1_METRO,0.937,0,1,0,0
ord_14007324,cust_110086,410.3,UPI,1,0,0.0,0,1,TIER_2,0.609,0,2,21,0
ord_61819951,cust_351768,2799.43,UPI,9,0,0.0,0,1,TIER_3_HIGH_RISK,0.668,0,2,21,0
ord_25170521,cust_287213,4576.11,COD,2,0,0.0,0,1,TIER_2,0.736,0,1,9,1
ord_35098117,cust_913716,1128.17,UPI,14,0,0.0,0,2,TIER_1_METRO,0.763,1,1,1,0
ord_17919584,cust_423970,1145.17,NETBANKING,0,0,0.0,1,1,TIER_3_HIGH_RISK,0.558,0,1,9,0
ord_34710820,cust_235938,511.3,CARD,0,0,0.0,1,3,TIER_2,0.823,0,1,0,1
ord_88931275,cust_886401,1117.94,CARD,13,0,0.0,0,2,TIER_1_METRO,0.921,1,1,8,0
ord_95997358,cust_322047,353.45,COD,0,0,0.0,1,2,TIER_3_HIGH_RISK,0.487,0,1,4,1
ord_60565110,cust_243977,2882.29,COD,0,0,0.0,1,1,TIER_2,0.865,0,3,5,1
ord_30060832,cust_833442,2805.47,UPI,5,0,0.0,0,1,TIER_2,0.95,2,1,0,0
ord_51852146,cust_565196,2813.38,COD,12,0,0.0,0,1,TIER_1_METRO,0.933,0,1,23,0
ord_32992457,cust_791332,2128.6,COD,1,0,0.0,0,1,TIER_3_HIGH_RISK,0.723,0,1,10,1
ord_11013295,cust_804990,1114.94,UPI,1,0,0.0,0,1,TIER_3_HIGH_RISK,0.689,0,2,19,0
ord_73370581,cust_343533,1612.41,UPI,5,0,0.0,0,1,TIER_2,0.925,0,3,1,0
ord_80596122,cust_464449,1821.8,CARD,0,0,0.0,1,1,TIER_2,0.776,0,2,11,0
ord_92004633,cust_619071,1842.35,COD,12,0,0.0,0,1,TIER_2,0.887,0,2,11,0
ord_30346985,cust_796761,399.96,COD,0,0,0.0,1,1,TIER_1_METRO,0.948,0,1,9,1
ord_99476652,cust_687465,867.35,CARD,0,0,0.0,1,2,TIER_1_METRO,0.816,3,3,1,1
ord_85012933,cust_916708,6535.39,CARD,0,0,0.0,1,1,TIER_1_METRO,0.403,0,2,3,0
ord_21368856,cust_784116,369.7,NETBANKING,1,0,0.0,0,2,TIER_1_METRO,0.58,0,1,3,0
ord_57447968,cust_427759,1742.71,CARD,16,2,0.125,0,1,TIER_1_METRO,0.825,0,1,23,0
ord_71071026,cust_273795,520.96,CARD,2,0,0.0,0,1,TIER_1_METRO,0.701,1,5,20,0
ord_76120560,cust_326392,1553.87,UPI,1,0,0.0,0,1,TIER_1_METRO,0.839,0,3,21,0
ord_41084035,cust_844427,1937.67,UPI,0,0,0.0,1,1,TIER_1_METRO,0.763,0,1,0,0
ord_32311047,cust_789224,1398.0,COD,0,0,0.0,1,1,TIER_1_METRO,0.845,2,1,3,0
ord_16805995,cust_442192,1319.96,UPI,11,0,0.0,0,1,TIER_1_METRO,0.588,0,1,16,0
ord_79783850,cust_885968,1501.19,COD,22,0,0.0,0,1,TIER_2,0.79,2,1,15,0
ord_27828423,cust_391687,846.47,CARD,3,0,0.0,0,1,TIER_3_HIGH_RISK,0.553,1,2,23,0
ord_59231332,cust_515334,5310.83,UPI,0,0,0.0,1,2,TIER_3_HIGH_RISK,0.624,2,2,3,0
ord_66479049,cust_348945,4432.91,COD,4,0,0.0,0,1,TIER_2,0.756,0,4,20,0
ord_29221242,cust_701303,1091.49,UPI,10,1,0.1,0,1,TIER_1_METRO,0.897,0,1,20,0
ord_96922853,cust_204720,395.24,COD,21,3,0.1429,0,1,TIER_3_HIGH_RISK,0.698,2,2,0,1
ord_46981927,cust_965126,1148.87,COD,0,0,0.0,1,1,TIER_2,0.939,0,1,18,0
ord_36913900,cust_793308,492.37,CARD,0,0,0.0,1,2,TIER_3_HIGH_RISK,0.546,0,2,16,1
ord_72075469,cust_662498,643.78,UPI,13,0,0.0,0,1,TIER_3_HIGH_RISK,0.792,1,2,17,0
ord_98219307,cust_833177,1743.17,COD,0,0,0.0,1,5,TIER_3_HIGH_RISK,0.514,3,1,10,1
ord_66996736,cust_175379,2071.52,UPI,0,0,0.0,1,1,TIER_1_METRO,0.935,0,3,20,0
ord_44512811,cust_818550,1551.94,COD,9,1,0.1111,0,1,TIER_1_METRO,0.641,0,1,23,0
ord_87337555,cust_860392,5515.03,COD,8,0,0.0,0,1,TIER_1_METRO,0.866,1,1,12,0
ord_92376464,cust_679259,249.0,CARD,11,0,0.0,0,1,TIER_2,0.655,0,1,4,0
ord_27278806,cust_142510,1226.23,COD,3,0,0.0,0,1,TIER_3_HIGH_RISK,0.689,2,1,11,1
ord_31535028,cust_407522,6930.25,UPI,6,0,0.0,0,1,TIER_2,0.867,0,1,8,0
ord_43266319,cust_231458,594.86,UPI,0,0,0.0,1,1,TIER_1_METRO,0.531,0,1,19,0
ord_13541815,cust_907984,2094.76,COD,0,0,0.0,1,1,TIER_2,0.936,0,1,16,0
ord_53531276,cust_475735,276.96,UPI,0,0,0.0,1,1,TIER_1_METRO,0.586,0,1,8,0
ord_88052989,cust_449135,1357.43,CARD,4,2,0.5,0,1,TIER_2,0.61,1,2,5,0
ord_20082304,cust_492838,4732.35,UPI,7,0,0.0,0,1,TIER_1_METRO,0.806,0,1,5,0
ord_86835154,cust_181098,3909.22,UPI,6,1,0.1667,0,1,TIER_3_HIGH_RISK,0.584,0,3,4,0
ord_62005527,cust_218833,4533.26,UPI,6,0,0.0,0,1,TIER_2,0.929,0,1,18,0
ord_47706355,cust_855036,521.38,UPI,5,0,0.0,0,1,TIER_2,0.786,3,1,18,0
ord_17647442,cust_835427,1529.94,COD,8,0,0.0,0,2,TIER_2,0.785,0,1,4,0
ord_91186251,cust_130267,2050.52,COD,6,0,0.0,0,1,TIER_2,0.738,0,1,1,1
ord_70879244,cust_333041,570.52,COD,4,0,0.0,0,2,TIER_1_METRO,0.708,2,1,10,1
ord_70644657,cust_222994,5903.5,NETBANKING,9,0,0.0,0,1,TIER_1_METRO,0.839,0,1,3,0
ord_36757444,cust_625407,1589.41,COD,2,0,0.0,0,1,TIER_1_METRO,0.648,0,2,4,0
ord_66178284,cust_769462,1958.52,CARD,0,0,0.0,1,1,TIER_1_METRO,0.657,3,1,4,0
ord_76641454,cust_192469,806.17,COD,9,0,0.0,0,1,TIER_2,0.607,2,2,1,0
ord_87637786,cust_393172,1888.5,COD,0,0,0.0,1,1,TIER_3_HIGH_RISK,0.784,1,1,12,1
ord_72856981,cust_286502,987.72,UPI,8,0,0.0,0,1,TIER_3_HIGH_RISK,0.642,0,4,18,0
ord_27751903,cust_418513,1430.66,COD,0,0,0.0,1,1,TIER_3_HIGH_RISK,0.492,0,1,20,1
ord_69977558,cust_222942,1038.49,COD,0,0,0.0,1,2,TIER_1_METRO,0.978,0,1,22,1
ord_89521699,cust_897997,3673.25,COD,0,0,0.0,1,2,TIER_2,0.872,0,1,16,1
ord_18527835,cust_463604,249.0,UPI,6,0,0.0,0,1,TIER_1_METRO,0.892,0,1,3,0
ord_51760726,cust_999898,2594.58,CARD,0,0,0.0,1,1,TIER_1_METRO,0.812,1,1,7,0
ord_19929464,cust_194535,812.99,COD,0,0,0.0,1,1,TIER_2,0.843,2,2,3,0
ord_57784180,cust_726266,599.82,UPI,5,0,0.0,0,2,TIER_2,0.707,1,1,6,0
ord_66444322,cust_712363,3332.77,COD,0,0,0.0,1,1,TIER_1_METRO,0.892,0,2,1,0
ord_39538040,cust_119629,1014.69,COD,0,0,0.0,1,1,TIER_2,0.85,0,2,16,1
ord_83150359,cust_819366,1328.22,UPI,18,0,0.0,0,1,TIER_1_METRO,0.954,0,2,22,0
ord_98113314,cust_568492,7012.83,COD,4,0,0.0,0,1,TIER_1_METRO,0.649,2,2,22,0
ord_70348918,cust_816775,825.02,COD,2,1,0.5,0,1,TIER_3_HIGH_RISK,0.59,0,1,21,1
ord_62631083,cust_918076,686.36,UPI,0,0,0.0,1,2,TIER_2,0.853,0,2,15,1
ord_41351061,cust_541720,6240.02,COD,1,0,0.0,0,1,TIER_1_METRO,0.783,3,1,12,1
ord_34947744,cust_523574,1498.5,COD,0,0,0.0,1,1,TIER_2,0.887,0,5,3,0
ord_53004556,cust_550470,872.19,UPI,5,0,0.0,0,2,TIER_1_METRO,0.612,1,1,23,0
ord_14102553,cust_135919,926.02,UPI,5,0,0.0,0,1,TIER_1_METRO,0.854,0,1,8,0
ord_97127775,cust_513621,1456.51,UPI,4,0,0.0,0,1,TIER_2,0.508,2,3,16,0
ord_76564424,cust_230512,571.54,COD,6,0,0.0,0,1,TIER_2,0.828,0,1,14,0
ord_89371163,cust_721642,3534.74,COD,4,1,0.25,0,7,TIER_2,0.933,1,1,17,1
ord_29012021,cust_166686,969.74,CARD,0,0,0.0,1,1,TIER_2,0.5,0,2,23,0
ord_98474236,cust_523270,2550.26,UPI,5,0,0.0,0,1,TIER_3_HIGH_RISK,0.709,2,2,19,0
ord_12597480,cust_338198,780.52,COD,9,0,0.0,0,1,TIER_1_METRO,0.477,0,1,19,0
ord_28707656,cust_885484,1313.38,UPI,0,0,0.0,1,1,TIER_1_METRO,0.617,0,2,1,0
ord_28434369,cust_699176,754.18,COD,0,0,0.0,1,4,TIER_2,0.839,0,1,3,1
ord_80098339,cust_336444,2093.95,COD,9,0,0.0,0,1,TIER_2,0.786,1,1,1,0
ord_97648933,cust_872354,1691.53,UPI,6,1,0.1667,0,1,TIER_2,0.575,2,1,8,0
ord_31609907,cust_214441,249.0,COD,8,0,0.0,0,1,TIER_1_METRO,0.583,0,1,6,0
ord_87832543,cust_455281,1556.15,CARD,6,0,0.0,0,1,TIER_1_METRO,0.778,1,2,20,0
ord_26077579,cust_960761,543.01,UPI,0,0,0.0,1,1,TIER_1_METRO,0.76,1,2,14,0
ord_85448998,cust_685162,1143.11,COD,1,0,0.0,0,2,TIER_1_METRO,0.808,1,1,13,1
ord_98714056,cust_728296,835.08,UPI,18,0,0.0,0,1,TIER_3_HIGH_RISK,0.474,1,1,6,0
ord_95138637,cust_953951,615.13,CARD,9,0,0.0,0,1,TIER_3_HIGH_RISK,0.371,2,1,18,0
ord_19828366,cust_581875,1379.89,UPI,12,4,0.3333,0,1,TIER_1_METRO,0.945,0,2,7,0
ord_92572229,cust_740080,2544.28,COD,0,0,0.0,1,1,TIER_3_HIGH_RISK,0.635,0,1,19,1
ord_60028641,cust_757009,7586.79,COD,8,1,0.125,0,2,TIER_1_METRO,0.903,1,2,14,1
ord_85719543,cust_751110,1855.56,COD,6,0,0.0,0,1,TIER_1_METRO,0.921,2,1,9,0
ord_27950506,cust_543373,5182.2,COD,3,0,0.0,0,1,TIER_1_METRO,0.967,0,2,22,0
ord_95449905,cust_137097,1103.1,COD,0,0,0.0,1,4,TIER_1_METRO,0.821,1,1,15,1
ord_58055661,cust_970656,335.32,COD,7,1,0.1429,0,1,TIER_2,0.963,0,1,18,1
ord_70112120,cust_929017,249.0,COD,6,0,0.0,0,2,TIER_1_METRO,0.781,1,3,18,1
ord_78643715,cust_842818,264.5,UPI,0,0,0.0,1,2,TIER_2,0.882,0,3,19,0
ord_97383800,cust_849623,249.0,COD,11,2,0.1818,0,1,TIER_2,0.844,2,1,17,0
ord_12373139,cust_739658,913.43,CARD,13,2,0.1538,0,1,TIER_1_METRO,0.39,1,1,5,1
ord_47150868,cust_653130,546.39,UPI,1,0,0.0,0,4,TIER_3_HIGH_RISK,0.696,0,2,0,1
ord_34466478,cust_793917,579.36,COD,0,0,0.0,1,3,TIER_1_METRO,0.91,1,1,10,1
ord_23953367,cust_185333,580.81,COD,0,0,0.0,1,7,TIER_1_METRO,0.525,0,3,4,1
ord_66166212,cust_664482,822.34,UPI,0,0,0.0,1,1,TIER_1_METRO,0.684,1,1,22,0
ord_64535717,cust_702693,2343.61,NETBANKING,3,1,0.3333,0,1,TIER_3_HIGH_RISK,0.901,1,2,23,0
ord_39967940,cust_927637,429.76,CARD,7,1,0.1429,0,1,TIER_3_HIGH_RISK,0.548,2,1,22,1
ord_25900476,cust_911608,1557.28,UPI,11,0,0.0,0,4,TIER_1_METRO,0.781,2,1,22,0
ord_77840500,cust_362203,962.75,CARD,1,0,0.0,0,1,TIER_3_HIGH_RISK,0.444,1,1,8,0
ord_77201057,cust_325648,2232.43,UPI,4,0,0.0,0,1,TIER_1_METRO,0.426,1,1,23,0
ord_37009224,cust_728887,2930.44,UPI,3,0,0.0,0,2,TIER_2,0.92,0,1,11,0
ord_18585377,cust_133521,1753.75,UPI,2,0,0.0,0,1,TIER_1_METRO,0.778,0,1,11,1
ord_89394364,cust_416575,1733.7,UPI,19,0,0.0,0,1,TIER_1_METRO,0.697,1,1,0,0
ord_93663358,cust_562441,1927.45,UPI,0,0,0.0,1,1,TIER_1_METRO,0.892,1,1,7,0
ord_47632572,cust_213049,549.87,UPI,12,2,0.1667,0,1,TIER_3_HIGH_RISK,0.722,2,2,3,1
ord_34387289,cust_655289,666.48,COD,7,0,0.0,0,1,TIER_1_METRO,0.778,1,1,14,0
ord_84377986,cust_444901,940.37,UPI,0,0,0.0,1,2,TIER_1_METRO,0.873,2,2,16,0
ord_10077175,cust_167690,1855.38,UPI,0,0,0.0,1,1,TIER_1_METRO,0.689,1,1,14,0
ord_67734379,cust_462315,603.01,COD,0,0,0.0,1,1,TIER_1_METRO,0.918,2,1,17,0
ord_25590661,cust_250933,1930.2,UPI,3,0,0.0,0,1,TIER_1_METRO,0.795,0,2,15,0
ord_62991088,cust_471603,834.65,COD,0,0,0.0,1,1,TIER_1_METRO,0.79,3,1,15,1
ord_88798939,cust_768182,1625.1,UPI,0,0,0.0,1,1,TIER_3_HIGH_RISK,0.49,0,1,17,0
ord_33698370,cust_922685,1458.69,COD,5,1,0.2,0,1,TIER_2,0.423,2,2,2,0
ord_43294467,cust_844409,659.24,NETBANKING,3,0,0.0,0,3,TIER_1_METRO,0.635,0,1,18,1
ord_68713308,cust_912879,2859.5,COD,6,1,0.1667,0,2,TIER_2,0.638,0,1,23,0
ord_76394480,cust_405924,1359.12,CARD,4,2,0.5,0,2,TIER_3_HIGH_RISK,0.656,1,1,23,1
ord_72918696,cust_560287,2354.98,UPI,0,0,0.0,1,1,TIER_1_METRO,0.633,0,4,4,0
ord_45522919,cust_713749,771.89,CARD,7,0,0.0,0,1,TIER_1_METRO,0.795,1,1,14,0
ord_51040759,cust_378833,751.49,COD,0,0,0.0,1,1,TIER_3_HIGH_RISK,0.635,0,2,22,1
ord_61257745,cust_243363,503.98,UPI,2,0,0.0,0,1,TIER_2,0.932,1,1,22,0
ord_58294603,cust_386141,498.25,NETBANKING,0,0,0.0,1,2,TIER_3_HIGH_RISK,0.547,1,2,17,1
ord_13446010,cust_542501,7206.81,COD,8,0,0.0,0,1,TIER_1_METRO,0.794,2,2,23,0
ord_26620937,cust_993967,608.3,UPI,3,0,0.0,0,1,TIER_2,0.77,1,1,7,0
ord_99153462,cust_275657,919.9,UPI,0,0,0.0,1,1,TIER_2,0.688,0,1,18,1
ord_33683333,cust_265926,1017.94,CARD,8,2,0.25,0,1,TIER_2,0.734,0,1,20,0
ord_43431880,cust_127328,2197.98,COD,0,0,0.0,1,1,TIER_1_METRO,0.679,0,1,17,0
ord_24557759,cust_632757,1472.66,COD,12,0,0.0,0,1,TIER_1_METRO,0.764,3,1,10,0
ord_51752776,cust_685175,2809.73,UPI,4,1,0.25,0,1,TIER_2,0.682,0,1,9,0
ord_17283377,cust_147577,1540.96,COD,10,0,0.0,0,3,TIER_1_METRO,0.942,0,1,10,0
ord_65174259,cust_154306,1119.64,UPI,7,1,0.1429,0,1,TIER_2,0.705,0,2,1,0
ord_30360866,cust_792670,1402.09,COD,0,0,0.0,1,1,TIER_3_HIGH_RISK,0.644,1,1,5,1
ord_98362656,cust_692251,1171.57,COD,5,0,0.0,0,1,TIER_1_METRO,0.791,0,1,11,0
ord_18357956,cust_515699,2981.24,COD,0,0,0.0,1,1,TIER_1_METRO,0.886,0,1,9,0
ord_62015063,cust_307156,351.0,COD,0,0,0.0,1,1,TIER_3_HIGH_RISK,0.504,3,5,11,1
ord_19079860,cust_654768,340.54,COD,7,0,0.0,0,1,TIER_1_METRO,0.591,3,2,1,0
ord_79580185,cust_910050,2066.72,COD,1,0,0.0,0,1,TIER_3_HIGH_RISK,0.768,3,1,5,1
ord_68434940,cust_895965,1654.58,COD,6,0,0.0,0,1,TIER_2,0.747,1,1,0,0
ord_53026369,cust_957263,1684.06,CARD,8,0,0.0,0,1,TIER_3_HIGH_RISK,0.841,0,2,10,0
ord_98434083,cust_377173,444.18,COD,6,0,0.0,0,3,TIER_3_HIGH_RISK,0.788,1,2,23,1
ord_20520770,cust_521841,3936.03,UPI,2,1,0.5,0,1,TIER_3_HIGH_RISK,0.658,0,3,12,0
ord_44968551,cust_965362,940.87,COD,0,0,0.0,1,5,TIER_1_METRO,0.945,0,3,6,1
ord_16703560,cust_400660,671.37,CARD,2,0,0.0,0,1,TIER_2,0.928,0,2,14,0
ord_91921883,cust_720473,2322.53,COD,0,0,0.0,1,1,TIER_1_METRO,0.751,0,1,9,0
ord_54660996,cust_288307,1795.31,CARD,0,0,0.0,1,1,TIER_1_METRO,0.827,2,1,11,0
ord_53985572,cust_666805,353.83,COD,0,0,0.0,1,3,TIER_1_METRO,0.756,2,1,18,1
ord_29339821,cust_967891,1450.0,CARD,0,0,0.0,1,1,TIER_2,0.836,0,3,22,0
ord_10878835,cust_824605,3187.65,UPI,8,0,0.0,0,1,TIER_2,0.847,1,1,15,0
ord_48647224,cust_515915,1251.49,COD,18,0,0.0,0,7,TIER_1_METRO,0.954,2,2,23,0
ord_46515315,cust_149314,1173.2,COD,7,0,0.0,0,1,TIER_2,0.908,2,1,13,0
ord_47763126,cust_293198,962.2,UPI,3,0,0.0,0,2,TIER_2,0.584,0,2,1,0
ord_84449991,cust_109201,534.37,COD,20,1,0.05,0,1,TIER_2,0.92,1,1,21,0
ord_19618395,cust_814300,249.0,UPI,0,0,0.0,1,4,TIER_2,0.871,2,1,16,0
ord_63719638,cust_502016,4238.04,UPI,13,0,0.0,0,1,TIER_2,0.776,1,1,10,0
ord_52120305,cust_134024,1074.8,UPI,1,0,0.0,0,2,TIER_2,0.634,0,2,20,1
ord_57698365,cust_514643,1381.33,UPI,3,0,0.0,0,1,TIER_2,0.649,0,2,2,0
ord_86864536,cust_503727,1866.78,COD,5,0,0.0,0,1,TIER_1_METRO,0.677,0,1,8,0
ord_66501670,cust_435108,2691.95,COD,0,0,0.0,1,1,TIER_2,0.777,0,4,20,0
ord_96461588,cust_148110,2268.82,COD,12,0,0.0,0,2,TIER_1_METRO,0.656,0,1,19,0
ord_87657703,cust_317199,3543.19,NETBANKING,0,0,0.0,1,1,TIER_3_HIGH_RISK,0.796,2,3,15,0
ord_80047063,cust_310704,779.69,UPI,4,0,0.0,0,1,TIER_3_HIGH_RISK,0.483,0,1,21,0
ord_36791964,cust_916928,2337.08,COD,5,0,0.0,0,1,TIER_3_HIGH_RISK,0.536,1,2,14,0
ord_11578315,cust_580306,1907.92,UPI,2,0,0.0,0,1,TIER_2,0.891,0,1,20,0
ord_51351647,cust_190236,1213.28,UPI,0,0,0.0,1,3,TIER_1_METRO,0.792,1,1,18,0
ord_16913462,cust_972730,2687.23,UPI,0,0,0.0,1,1,TIER_3_HIGH_RISK,0.843,2,1,4,0
ord_73062742,cust_159269,1376.39,COD,0,0,0.0,1,1,TIER_3_HIGH_RISK,0.768,0,1,22,1
ord_14784973,cust_230293,2601.18,COD,12,1,0.0833,0,1,TIER_1_METRO,0.637,2,1,11,1
ord_68050102,cust_752182,468.13,COD,5,0,0.0,0,1,TIER_3_HIGH_RISK,0.446,0,1,7,0
ord_61791348,cust_123560,1365.43,CARD,0,0,0.0,1,2,TIER_1_METRO,0.987,0,1,11,0
ord_38694704,cust_378427,3448.44,COD,11,0,0.0,0,1,TIER_2,0.826,1,1,6,0
ord_47451369,cust_692513,1502.81,COD,8,1,0.125,0,2,TIER_2,0.809,1,1,22,1
ord_42788758,cust_144310,2087.22,CARD,14,1,0.0714,0,1,TIER_2,0.755,0,1,0,0
ord_84925050,cust_814473,461.65,COD,0,0,0.0,1,1,TIER_1_METRO,0.913,2,1,5,0
ord_59972694,cust_977163,3175.52,UPI,7,0,0.0,0,2,TIER_1_METRO,0.897,2,1,22,0
ord_44045431,cust_627831,1133.73,UPI,0,0,0.0,1,1,TIER_1_METRO,0.404,2,1,3,0
ord_42469247,cust_403391,601.01,COD,7,0,0.0,0,4,TIER_2,0.872,2,1,10,0
ord_54526276,cust_449829,2235.24,UPI,0,0,0.0,1,1,TIER_3_HIGH_RISK,0.624,2,1,11,0
ord_13093348,cust_872148,749.94,COD,17,0,0.0,0,1,TIER_1_METRO,0.78,0,2,7,0
ord_11035108,cust_152682,1649.54,COD,0,0,0.0,1,1,TIER_2,0.86,0,1,23,0
ord_46413676,cust_383142,616.14,UPI,10,0,0.0,0,1,TIER_1_METRO,0.843,3,1,18,0
ord_59007334,cust_920484,703.91,NETBANKING,0,0,0.0,1,1,TIER_1_METRO,0.791,2,1,17,0
ord_17912798,cust_155082,1530.94,COD,16,4,0.25,0,1,TIER_1_METRO,0.715,2,1,23,0
ord_58890527,cust_864302,664.79,UPI,0,0,0.0,1,1,TIER_2,0.735,0,3,8,0
ord_12933865,cust_181434,1942.84,UPI,0,0,0.0,1,2,TIER_2,0.791,0,3,7,0
ord_35188819,cust_105149,834.59,COD,10,0,0.0,0,1,TIER_2,0.769,1,1,1,0
ord_98595831,cust_271481,2102.19,COD,0,0,0.0,1,3,TIER_2,0.284,0,1,3,1
ord_20193081,cust_125960,1505.93,UPI,8,1,0.125,0,1,TIER_2,0.635,2,3,12,0
ord_10263369,cust_875614,4238.85,COD,1,0,0.0,0,1,TIER_2,0.772,1,4,1,1
ord_69642657,cust_622389,2016.13,UPI,0,0,0.0,1,1,TIER_1_METRO,0.907,0,8,20,0
ord_47452622,cust_747834,2103.6,COD,0,0,0.0,1,1,TIER_1_METRO,0.832,2,1,23,0
ord_59734045,cust_788739,689.33,COD,8,0,0.0,0,1,TIER_1_METRO,0.681,2,3,14,0
ord_77590057,cust_919282,1439.57,UPI,0,0,0.0,1,1,TIER_1_METRO,0.938,1,2,16,0
ord_15557821,cust_809090,1347.43,COD,5,0,0.0,0,1,TIER_2,0.655,0,1,11,0
ord_65689425,cust_367637,875.98,NETBANKING,5,1,0.2,0,1,TIER_1_METRO,0.696,1,1,19,1
ord_34334476,cust_672005,545.51,NETBANKING,13,0,0.0,0,1,TIER_2,0.945,1,1,22,0
ord_31419897,cust_786301,300.64,UPI,0,0,0.0,1,1,TIER_2,0.529,1,3,1,1
ord_50794346,cust_716225,393.53,COD,0,0,0.0,1,1,TIER_3_HIGH_RISK,0.707,1,2,10,1
ord_75027817,cust_281393,353.88,COD,13,1,0.0769,0,2,TIER_2,0.952,1,1,17,0
ord_81318093,cust_955169,875.86,COD,6,0,0.0,0,1,TIER_3_HIGH_RISK,0.672,0,2,2,0
ord_49331066,cust_818728,1964.03,UPI,0,0,0.0,1,1,TIER_1_METRO,0.651,0,1,12,0
ord_53928336,cust_589676,249.0,UPI,4,0,0.0,0,1,TIER_2,0.638,0,1,8,0
ord_59160571,cust_534617,1162.85,UPI,4,1,0.25,0,2,TIER_2,0.755,0,1,21,0
ord_22779593,cust_833167,974.52,UPI,0,0,0.0,1,2,TIER_2,0.863,0,1,8,0
ord_35981941,cust_312678,1064.16,COD,0,0,0.0,1,1,TIER_1_METRO,0.89,0,1,15,0
ord_49649993,cust_839937,343.94,UPI,5,0,0.0,0,1,TIER_1_METRO,0.77,2,1,2,0
ord_27089239,cust_276225,1644.9,UPI,14,1,0.0714,0,1,TIER_3_HIGH_RISK,0.813,1,2,22,0
ord_47281336,cust_380917,6016.48,COD,3,0,0.0,0,1,TIER_1_METRO,0.753,2,1,22,1
ord_86086778,cust_732230,268.09,COD,3,0,0.0,0,1,TIER_2,0.924,1,2,17,0
ord_24218200,cust_195619,4261.91,COD,0,0,0.0,1,1,TIER_2,0.739,0,2,7,1
ord_61847345,cust_128604,961.29,COD,12,0,0.0,0,1,TIER_2,0.755,2,1,10,0
ord_33139997,cust_993148,1318.07,COD,0,0,0.0,1,1,TIER_2,0.604,2,2,22,1
ord_20679043,cust_655435,2914.5,UPI,8,2,0.25,0,1,TIER_2,0.602,1,2,13,0
ord_92519279,cust_973772,772.08,CARD,0,0,0.0,1,1,TIER_3_HIGH_RISK,0.683,0,1,9,0
ord_78208441,cust_741424,2224.51,CARD,4,0,0.0,0,1,TIER_2,0.421,0,1,14,0
ord_99067457,cust_415596,940.67,CARD,14,1,0.0714,0,1,TIER_3_HIGH_RISK,0.591,1,1,14,1
ord_80253175,cust_946454,1708.85,UPI,0,0,0.0,1,1,TIER_3_HIGH_RISK,0.794,0,1,15,1
ord_17393979,cust_284492,662.77,COD,0,0,0.0,1,1,TIER_2,0.91,1,1,1,0
ord_37188467,cust_200050,3212.01,UPI,0,0,0.0,1,1,TIER_1_METRO,0.669,3,2,23,1
ord_30121659,cust_731395,3907.83,COD,0,0,0.0,1,1,TIER_2,0.753,2,1,6,0
ord_11190866,cust_923692,1177.44,NETBANKING,8,0,0.0,0,5,TIER_2,0.776,1,2,15,0
ord_75682867,cust_556395,1413.3,COD,4,0,0.0,0,4,TIER_2,0.754,3,2,1,0
ord_70361505,cust_360243,460.06,UPI,0,0,0.0,1,1,TIER_2,0.564,1,3,13,0
ord_13053407,cust_982854,1178.25,COD,0,0,0.0,1,1,TIER_3_HIGH_RISK,0.637,0,3,12,1
ord_84044638,cust_933884,666.56,COD,0,0,0.0,1,3,TIER_1_METRO,0.723,0,3,22,0
ord_83385984,cust_846478,557.38,UPI,0,0,0.0,1,3,TIER_1_METRO,0.92,0,1,19,0
ord_48727468,cust_229526,843.91,COD,0,0,0.0,1,3,TIER_2,0.719,0,1,10,1
ord_37054353,cust_645255,1715.58,COD,0,0,0.0,1,1,TIER_2,0.98,2,3,15,1
ord_36063245,cust_100903,773.89,COD,6,0,0.0,0,1,TIER_2,0.557,1,2,18,0
ord_87570023,cust_634400,577.93,COD,14,1,0.0714,0,1,TIER_2,0.638,3,1,23,1
ord_36779149,cust_584408,249.0,COD,7,0,0.0,0,1,TIER_2,0.976,0,1,23,0
ord_22485000,cust_428019,476.48,UPI,0,0,0.0,1,1,TIER_2,0.832,0,2,12,0
ord_46644439,cust_348553,300.48,COD,0,0,0.0,1,1,TIER_1_METRO,0.854,3,2,7,0
ord_78370266,cust_443990,1375.12,COD,5,0,0.0,0,1,TIER_1_METRO,0.968,2,2,23,0
ord_87897542,cust_778381,1827.82,COD,11,0,0.0,0,2,TIER_1_METRO,0.903,0,1,15,0
ord_27824013,cust_541174,3457.04,UPI,6,0,0.0,0,2,TIER_1_METRO,0.791,1,1,1,0
ord_51280792,cust_520822,5161.81,COD,0,0,0.0,1,1,TIER_1_METRO,0.89,0,1,0,0
ord_26045907,cust_563609,2284.59,COD,10,0,0.0,0,1,TIER_3_HIGH_RISK,0.348,0,1,7,0
ord_98546190,cust_595379,277.43,UPI,0,0,0.0,1,5,TIER_3_HIGH_RISK,0.849,0,1,8,1
ord_96355564,cust_406435,894.41,CARD,0,0,0.0,1,1,TIER_2,0.652,1,1,1,1
ord_56708163,cust_953192,2330.52,COD,0,0,0.0,1,1,TIER_1_METRO,0.563,0,2,4,1
ord_19456587,cust_208871,1509.75,UPI,11,3,0.2727,0,1,TIER_2,0.643,0,1,15,0
ord_23630084,cust_629087,1595.79,COD,0,0,0.0,1,1,TIER_1_METRO,0.552,1,1,20,1
ord_12681206,cust_315886,758.88,UPI,0,0,0.0,1,5,TIER_1_METRO,0.907,0,4,19,1
ord_14050338,cust_487606,778.71,COD,0,0,0.0,1,1,TIER_2,0.812,2,2,6,0
ord_38720008,cust_799830,831.72,UPI,0,0,0.0,1,1,TIER_2,0.836,0,2,5,0
ord_44650021,cust_623392,1907.19,COD,0,0,0.0,1,1,TIER_2,0.932,0,1,3,1
ord_20848338,cust_812506,1241.36,UPI,0,0,0.0,1,1,TIER_2,0.805,1,1,1,0
ord_73459004,cust_258025,776.09,COD,12,0,0.0,0,1,TIER_3_HIGH_RISK,0.9,0,2,7,1
ord_13298771,cust_371300,503.16,UPI,0,0,0.0,1,2,TIER_2,0.805,1,3,17,0
ord_70496281,cust_618036,800.9,COD,3,0,0.0,0,1,TIER_1_METRO,0.811,0,3,10,0
ord_14096920,cust_183404,1692.22,UPI,0,0,0.0,1,1,TIER_1_METRO,0.805,0,2,2,0
ord_65127465,cust_439126,355.19,UPI,0,0,0.0,1,1,TIER_3_HIGH_RISK,0.542,0,2,19,0
ord_12399009,cust_959856,1829.83,UPI,5,0,0.0,0,1,TIER_1_METRO,0.638,1,3,7,0
ord_37707220,cust_980757,1223.72,CARD,0,0,0.0,1,1,TIER_3_HIGH_RISK,0.807,0,2,12,0
ord_49681096,cust_196988,4675.85,CARD,0,0,0.0,1,1,TIER_3_HIGH_RISK,0.639,1,1,19,0
ord_39581501,cust_504138,1241.82,UPI,3,0,0.0,0,1,TIER_2,0.789,0,1,0,0
ord_83736599,cust_152633,1364.3,COD,12,0,0.0,0,1,TIER_1_METRO,0.743,1,1,22,0
ord_64610287,cust_775144,799.9,COD,4,1,0.25,0,1,TIER_2,0.926,0,4,3,1
ord_55112602,cust_691011,1178.24,COD,0,0,0.0,1,1,TIER_2,0.736,0,2,2,1
ord_63811239,cust_405758,1819.0,UPI,8,0,0.0,0,1,TIER_3_HIGH_RISK,0.879,0,1,9,0
ord_10803328,cust_843472,905.21,CARD,0,0,0.0,1,1,TIER_1_METRO,0.711,0,1,18,0
ord_55014515,cust_682753,2368.48,UPI,5,0,0.0,0,1,TIER_1_METRO,0.872,0,1,14,0
ord_80560209,cust_782501,1131.33,CARD,4,0,0.0,0,1,TIER_2,0.749,0,1,7,0
ord_29612525,cust_114570,919.19,COD,4,0,0.0,0,1,TIER_2,0.912,2,2,19,1
ord_78265792,cust_243723,1270.93,CARD,17,5,0.2941,0,1,TIER_1_METRO,0.668,2,3,16,0
ord_11686279,cust_406437,510.17,UPI,0,0,0.0,1,1,TIER_1_METRO,0.662,0,4,14,0
ord_11141452,cust_470371,805.6,UPI,0,0,0.0,1,2,TIER_1_METRO,0.959,0,1,0,0
ord_17017718,cust_532982,943.75,COD,0,0,0.0,1,1,TIER_2,0.889,2,1,14,0
ord_79339517,cust_243499,1083.79,COD,3,0,0.0,0,1,TIER_2,0.769,1,3,5,1
ord_49517564,cust_884891,1442.14,COD,10,0,0.0,0,1,TIER_2,0.664,0,1,1,0
ord_30704568,cust_107312,811.65,CARD,1,0,0.0,0,1,TIER_1_METRO,0.615,2,4,21,0
ord_40635609,cust_987542,1027.08,COD,0,0,0.0,1,1,TIER_3_HIGH_RISK,0.633,0,1,10,1
ord_92068862,cust_603869,1729.3,UPI,0,0,0.0,1,1,TIER_1_METRO,0.802,0,1,20,0
ord_98589935,cust_800924,412.15,UPI,7,0,0.0,0,1,TIER_2,0.451,0,3,21,0
ord_25586926,cust_385539,1114.4,CARD,0,0,0.0,1,2,TIER_2,0.818,0,1,1,0
ord_44877356,cust_938977,2867.02,COD,4,0,0.0,0,1,TIER_1_METRO,0.602,0,1,7,0
ord_81087566,cust_641301,1225.56,COD,4,0,0.0,0,1,TIER_1_METRO,0.573,0,1,0,0
ord_36427192,cust_503150,925.55,UPI,6,0,0.0,0,1,TIER_1_METRO,0.606,2,1,4,0
ord_99578263,cust_747429,1116.64,COD,6,0,0.0,0,1,TIER_1_METRO,0.807,0,3,10,0
ord_63226755,cust_374357,580.05,UPI,14,0,0.0,0,3,TIER_2,0.75,0,2,11,0
ord_62425435,cust_702119,605.06,CARD,9,0,0.0,0,1,TIER_1_METRO,0.921,1,1,23,0
ord_29239113,cust_145485,391.65,UPI,6,0,0.0,0,1,TIER_2,0.744,0,2,14,0
ord_82033055,cust_199332,1055.88,COD,2,0,0.0,0,1,TIER_1_METRO,0.628,2,1,3,0
ord_86011148,cust_999804,1296.05,UPI,21,0,0.0,0,1,TIER_2,0.821,0,3,22,0
ord_80606695,cust_322368,1454.9,COD,4,0,0.0,0,1,TIER_3_HIGH_RISK,0.463,1,2,16,1
ord_86180458,cust_644903,9572.64,COD,0,0,0.0,1,2,TIER_3_HIGH_RISK,0.718,1,4,13,1
ord_70036717,cust_142680,988.22,CARD,0,0,0.0,1,2,TIER_1_METRO,0.719,2,1,21,0
ord_83767051,cust_751355,682.02,UPI,0,0,0.0,1,1,TIER_1_METRO,0.917,0,2,9,0
ord_28980104,cust_637145,852.55,COD,20,1,0.05,0,1,TIER_1_METRO,0.703,1,1,3,0
ord_67421126,cust_903765,1013.34,COD,0,0,0.0,1,2,TIER_2,0.491,0,1,5,1
ord_55353996,cust_737069,16952.14,UPI,6,0,0.0,0,1,TIER_1_METRO,0.847,1,2,10,0
ord_16837388,cust_841001,2222.03,COD,9,4,0.4444,0,2,TIER_1_METRO,0.93,0,5,18,0
ord_80108966,cust_983238,803.26,NETBANKING,9,1,0.1111,0,1,TIER_1_METRO,0.751,0,1,22,0
ord_10693464,cust_190932,333.27,NETBANKING,0,0,0.0,1,1,TIER_2,0.909,3,2,19,1
ord_78861017,cust_877331,1340.85,COD,2,0,0.0,0,1,TIER_1_METRO,0.919,0,1,11,0
ord_86618252,cust_441016,649.41,CARD,0,0,0.0,1,1,TIER_3_HIGH_RISK,0.78,2,1,3,1
ord_24024141,cust_307733,2133.37,COD,0,0,0.0,1,1,TIER_1_METRO,0.377,0,1,8,0
ord_88432484,cust_320581,2109.31,UPI,14,1,0.0714,0,3,TIER_3_HIGH_RISK,0.647,0,8,14,1
ord_86795291,cust_226866,1645.84,COD,1,0,0.0,0,2,TIER_3_HIGH_RISK,0.783,0,1,1,1
ord_39827146,cust_769419,821.58,COD,0,0,0.0,1,1,TIER_1_METRO,0.818,0,2,10,0
ord_30802697,cust_823137,2834.97,NETBANKING,0,0,0.0,1,1,TIER_3_HIGH_RISK,0.672,2,1,6,1
ord_64301059,cust_237104,1497.4,CARD,3,0,0.0,0,1,TIER_1_METRO,0.932,0,1,18,0
ord_86780696,cust_901851,528.17,COD,16,0,0.0,0,1,TIER_3_HIGH_RISK,0.683,0,3,11,0
ord_92188677,cust_433060,1834.79,COD,6,0,0.0,0,2,TIER_1_METRO,0.627,0,1,2,0
ord_77001666,cust_341851,2674.16,CARD,1,0,0.0,0,1,TIER_1_METRO,0.786,0,1,0,0
ord_69956920,cust_241072,1275.02,UPI,2,0,0.0,0,1,TIER_3_HIGH_RISK,0.628,0,2,1,0
ord_47616748,cust_113882,1092.77,UPI,0,0,0.0,1,1,TIER_3_HIGH_RISK,0.543,0,1,11,1
ord_81979671,cust_116820,1037.61,COD,4,0,0.0,0,1,TIER_2,0.783,1,8,3,0
ord_14928476,cust_584699,8463.67,COD,0,0,0.0,1,2,TIER_1_METRO,0.635,2,2,19,0
ord_26150865,cust_277248,1085.53,COD,16,0,0.0,0,1,TIER_1_METRO,0.775,0,1,18,0
ord_15628573,cust_530037,6251.42,COD,6,0,0.0,0,1,TIER_1_METRO,0.603,2,2,8,0
ord_40825554,cust_292792,2135.02,UPI,0,0,0.0,1,1,TIER_1_METRO,0.597,1,1,14,0
ord_35214698,cust_694213,468.31,UPI,9,1,0.1111,0,3,TIER_1_METRO,0.97,0,1,4,0
ord_59793355,cust_244848,591.14,UPI,0,0,0.0,1,2,TIER_2,0.826,0,1,23,0
ord_69501864,cust_410404,1788.03,COD,12,0,0.0,0,1,TIER_1_METRO,0.723,1,1,0,0
ord_87264524,cust_134422,932.04,NETBANKING,0,0,0.0,1,1,TIER_2,0.884,0,1,4,0
ord_94634772,cust_157326,4259.44,COD,3,0,0.0,0,2,TIER_2,0.908,0,1,3,1
ord_19850941,cust_541752,1438.04,COD,2,0,0.0,0,1,TIER_1_METRO,0.875,2,1,14,0
ord_79568486,cust_664215,666.68,UPI,4,0,0.0,0,1,TIER_1_METRO,0.932,1,1,15,0
ord_49766147,cust_132784,1510.89,COD,4,0,0.0,0,1,TIER_2,0.563,1,1,4,0
ord_87637406,cust_850959,1886.74,COD,1,0,0.0,0,1,TIER_1_METRO,0.869,0,1,16,0
ord_76263587,cust_823670,1280.09,CARD,7,0,0.0,0,1,TIER_3_HIGH_RISK,0.683,0,1,1,0
ord_81020010,cust_218278,1149.58,COD,4,0,0.0,0,2,TIER_2,0.704,0,1,10,0
ord_68501463,cust_176023,817.78,UPI,0,0,0.0,1,2,TIER_1_METRO,0.946,0,2,13,0
ord_23022704,cust_628832,466.31,COD,1,0,0.0,0,1,TIER_1_METRO,0.896,2,8,8,0
ord_79335081,cust_466754,387.7,UPI,9,3,0.3333,0,3,TIER_1_METRO,0.917,0,3,15,0
ord_24410703,cust_595741,10212.28,UPI,0,0,0.0,1,1,TIER_2,0.758,2,1,21,0
ord_38362071,cust_966195,1621.32,COD,4,0,0.0,0,1,TIER_3_HIGH_RISK,0.246,0,1,17,0
ord_41664126,cust_464523,795.69,COD,8,0,0.0,0,1,TIER_2,0.393,0,2,19,0
ord_80941842,cust_683188,816.64,COD,2,2,1.0,0,1,TIER_1_METRO,0.816,3,2,20,1
ord_75439794,cust_395766,872.98,UPI,3,0,0.0,0,1,TIER_2,0.872,0,1,13,0
ord_10029725,cust_833815,1057.03,UPI,15,0,0.0,0,5,TIER_1_METRO,0.803,2,2,5,0
ord_94558066,cust_974523,383.38,COD,12,2,0.1667,0,1,TIER_3_HIGH_RISK,0.714,1,1,6,0
ord_37511826,cust_183574,1931.28,UPI,12,0,0.0,0,3,TIER_2,0.592,0,2,21,0
ord_98196598,cust_591338,1974.34,COD,0,0,0.0,1,1,TIER_1_METRO,0.928,1,5,23,0
ord_14499311,cust_545581,1359.43,COD,0,0,0.0,1,5,TIER_1_METRO,0.672,3,2,22,1
ord_82521183,cust_770659,797.37,COD,20,0,0.0,0,1,TIER_3_HIGH_RISK,0.691,0,2,21,1
ord_53534960,cust_928634,626.3,COD,7,0,0.0,0,1,TIER_1_METRO,0.689,2,1,10,0
ord_99132960,cust_979427,1013.53,UPI,13,0,0.0,0,1,TIER_1_METRO,0.924,1,1,17,0
ord_53570727,cust_739584,2473.92,UPI,6,0,0.0,0,1,TIER_1_METRO,0.423,2,1,15,0
ord_89371242,cust_125583,1574.23,UPI,5,0,0.0,0,1,TIER_1_METRO,0.934,2,1,0,0
ord_21149697,cust_945763,457.69,UPI,6,0,0.0,0,1,TIER_1_METRO,0.773,1,5,2,0
ord_54491145,cust_794618,907.52,UPI,0,0,0.0,1,4,TIER_3_HIGH_RISK,0.538,0,1,14,1
ord_10029813,cust_540087,719.47,COD,0,0,0.0,1,1,TIER_2,0.869,1,1,8,0
ord_40234634,cust_582974,1204.46,COD,5,0,0.0,0,1,TIER_3_HIGH_RISK,0.71,0,1,2,0
ord_57044727,cust_825959,444.77,COD,0,0,0.0,1,1,TIER_2,0.944,2,1,21,1
ord_17752342,cust_198991,1127.35,CARD,9,0,0.0,0,4,TIER_1_METRO,0.68,1,1,13,0
ord_80207936,cust_994186,3375.51,UPI,0,0,0.0,1,2,TIER_2,0.748,0,2,12,0
ord_94362457,cust_261334,1971.5,COD,1,0,0.0,0,1,TIER_1_METRO,0.889,0,3,13,0
ord_12848439,cust_921993,1657.5,COD,10,0,0.0,0,2,TIER_2,0.677,0,1,11,0
ord_90319043,cust_943651,1909.16,UPI,4,0,0.0,0,1,TIER_3_HIGH_RISK,0.602,1,1,11,0
ord_48807239,cust_315523,1005.57,UPI,8,0,0.0,0,1,TIER_1_METRO,0.901,2,1,3,0
ord_11364981,cust_560957,1155.19,COD,20,0,0.0,0,1,TIER_2,0.618,2,1,13,1
ord_64091482,cust_423670,675.56,UPI,8,0,0.0,0,1,TIER_1_METRO,0.66,0,1,0,0
ord_14650215,cust_406677,558.54,UPI,7,0,0.0,0,2,TIER_1_METRO,0.773,0,1,17,0
ord_39649386,cust_766409,1687.18,COD,0,0,0.0,1,5,TIER_2,0.687,0,1,19,1
ord_28292935,cust_926949,1186.66,CARD,0,0,0.0,1,2,TIER_2,0.429,3,2,4,1
ord_64222350,cust_128615,993.89,UPI,0,0,0.0,1,1,TIER_3_HIGH_RISK,0.529,1,1,5,0
ord_16789177,cust_253676,1995.09,COD,9,1,0.1111,0,4,TIER_1_METRO,0.949,0,1,19,1
ord_49672745,cust_718644,617.84,COD,0,0,0.0,1,1,TIER_3_HIGH_RISK,0.743,1,1,1,0
ord_69901853,cust_825375,2299.63,CARD,0,0,0.0,1,1,TIER_2,0.778,2,1,19,0
ord_74134752,cust_537715,2061.28,COD,7,0,0.0,0,2,TIER_3_HIGH_RISK,0.65,1,1,15,1
ord_56253533,cust_230119,1084.29,COD,11,0,0.0,0,1,TIER_2,0.736,2,1,0,0
ord_76147880,cust_273277,1050.33,CARD,10,0,0.0,0,2,TIER_1_METRO,0.931,1,1,21,0
ord_12604325,cust_295985,1240.15,COD,2,0,0.0,0,1,TIER_2,0.516,0,2,20,1
ord_68666398,cust_886260,1059.21,UPI,2,0,0.0,0,1,TIER_1_METRO,0.881,1,2,12,0
ord_28867867,cust_638093,991.6,COD,0,0,0.0,1,2,TIER_1_METRO,0.7,0,1,10,0
ord_17069222,cust_476903,796.41,COD,0,0,0.0,1,1,TIER_2,0.62,0,2,3,0
ord_31755450,cust_244622,3612.43,COD,4,0,0.0,0,1,TIER_2,0.778,0,1,21,0
ord_25340110,cust_168008,909.48,UPI,2,1,0.5,0,1,TIER_1_METRO,0.659,0,1,19,1
ord_14035851,cust_685128,809.42,COD,11,0,0.0,0,1,TIER_3_HIGH_RISK,0.732,0,4,4,1
ord_42121887,cust_955191,709.32,CARD,5,1,0.2,0,1,TIER_2,0.699,1,1,13,0
ord_33706103,cust_409431,632.31,UPI,2,0,0.0,0,1,TIER_1_METRO,0.811,1,3,5,0
ord_95718840,cust_363929,3142.29,COD,0,0,0.0,1,1,TIER_1_METRO,0.835,0,1,5,1
ord_65223954,cust_303206,1129.66,COD,6,0,0.0,0,3,TIER_1_METRO,0.601,0,1,13,0
ord_81209185,cust_456477,1185.88,COD,7,0,0.0,0,1,TIER_3_HIGH_RISK,0.591,1,2,3,1
ord_75408693,cust_754942,2600.39,COD,21,1,0.0476,0,1,TIER_2,0.72,0,1,17,0
ord_94996050,cust_379684,2458.18,COD,7,0,0.0,0,4,TIER_1_METRO,0.925,0,2,18,1
ord_33787347,cust_746110,1169.2,CARD,5,2,0.4,0,1,TIER_2,0.635,1,2,6,0
ord_24528821,cust_904348,1158.39,CARD,7,0,0.0,0,4,TIER_3_HIGH_RISK,0.783,0,4,23,0
ord_20274621,cust_419664,2986.36,COD,0,0,0.0,1,3,TIER_2,0.567,1,2,19,1
ord_85677302,cust_959076,2394.18,UPI,18,2,0.1111,0,2,TIER_1_METRO,0.84,0,1,3,0
ord_57878943,cust_118201,289.54,UPI,0,0,0.0,1,1,TIER_1_METRO,0.945,0,1,4,0
ord_40573747,cust_280112,686.41,UPI,8,0,0.0,0,3,TIER_2,0.842,0,1,0,0
ord_78722424,cust_618327,673.63,COD,0,0,0.0,1,1,TIER_1_METRO,0.76,3,1,21,1
ord_74971107,cust_772445,3907.01,UPI,0,0,0.0,1,2,TIER_1_METRO,0.845,0,2,9,0
ord_25272118,cust_572830,1365.3,COD,6,0,0.0,0,1,TIER_1_METRO,0.888,2,1,12,0
ord_54510632,cust_517236,396.56,COD,0,0,0.0,1,1,TIER_3_HIGH_RISK,0.789,0,1,22,1
ord_63972789,cust_564495,2138.85,UPI,0,0,0.0,1,1,TIER_2,0.778,1,1,14,0
ord_91880157,cust_547246,846.32,COD,13,0,0.0,0,2,TIER_3_HIGH_RISK,0.887,0,2,8,1
ord_95287131,cust_652073,2089.04,COD,11,1,0.0909,0,2,TIER_2,0.816,0,3,22,1
ord_41356085,cust_688845,1844.34,COD,9,0,0.0,0,1,TIER_2,0.579,3,1,2,1
ord_62987688,cust_865923,449.06,COD,7,0,0.0,0,1,TIER_1_METRO,0.669,0,8,10,0
ord_70781695,cust_447161,1019.45,CARD,3,0,0.0,0,1,TIER_2,0.701,1,1,10,1
ord_44080389,cust_544912,460.74,UPI,11,0,0.0,0,1,TIER_3_HIGH_RISK,0.714,0,4,13,0
ord_86807487,cust_687582,2440.68,COD,0,0,0.0,1,1,TIER_1_METRO,0.747,0,2,5,0
ord_23101446,cust_930822,1098.23,COD,3,0,0.0,0,1,TIER_2,0.691,0,2,16,1
ord_45141974,cust_143558,3031.81,CARD,12,2,0.1667,0,1,TIER_1_METRO,0.845,0,1,13,0
ord_71536101,cust_722826,458.35,UPI,11,0,0.0,0,1,TIER_3_HIGH_RISK,0.882,1,1,15,0
ord_12781652,cust_704955,2692.92,UPI,6,0,0.0,0,1,TIER_2,0.796,0,1,0,0
ord_10448345,cust_270491,249.0,COD,8,1,0.125,0,1,TIER_3_HIGH_RISK,0.519,2,1,11,1
ord_46635794,cust_400146,923.04,CARD,4,0,0.0,0,1,TIER_3_HIGH_RISK,0.628,0,1,9,0
ord_45338642,cust_420956,545.01,UPI,0,0,0.0,1,3,TIER_3_HIGH_RISK,0.438,0,1,7,1
ord_15923808,cust_463920,812.99,COD,9,0,0.0,0,1,TIER_1_METRO,0.901,2,2,21,0
ord_66278765,cust_251863,539.32,CARD,0,0,0.0,1,1,TIER_3_HIGH_RISK,0.796,2,1,8,0
ord_31859073,cust_830606,1518.32,UPI,24,0,0.0,0,1,TIER_1_METRO,0.574,0,4,8,0
ord_54638031,cust_749958,2763.52,NETBANKING,0,0,0.0,1,1,TIER_1_METRO,0.775,3,4,0,0
ord_76469096,cust_419649,309.51,CARD,0,0,0.0,1,1,TIER_3_HIGH_RISK,0.777,0,1,19,0
ord_41927921,cust_862405,1258.49,UPI,3,1,0.3333,0,1,TIER_2,0.801,2,1,1,0
ord_31864581,cust_660392,2019.85,CARD,0,0,0.0,1,1,TIER_2,0.828,0,1,10,1
ord_32475701,cust_801101,1759.81,COD,0,0,0.0,1,1,TIER_3_HIGH_RISK,0.52,1,2,0,1
ord_27366045,cust_598338,769.08,UPI,7,0,0.0,0,2,TIER_2,0.539,0,1,21,0
ord_42181087,cust_296092,1176.69,UPI,1,0,0.0,0,2,TIER_2,0.955,2,1,1,1
ord_25927403,cust_739135,523.75,UPI,0,0,0.0,1,1,TIER_3_HIGH_RISK,0.592,0,1,10,0
ord_99817241,cust_387871,895.95,COD,7,1,0.1429,0,1,TIER_2,0.705,1,1,17,1
ord_45270980,cust_749467,3131.4,UPI,0,0,0.0,1,1,TIER_1_METRO,0.697,3,1,5,0
ord_99118270,cust_803407,775.92,NETBANKING,14,0,0.0,0,1,TIER_1_METRO,0.618,0,1,16,0
ord_12050053,cust_187513,1481.78,COD,2,0,0.0,0,1,TIER_2,0.68,0,1,12,0
ord_48404656,cust_773061,466.12,COD,10,1,0.1,0,2,TIER_1_METRO,0.778,0,2,3,1
ord_14631004,cust_569259,749.79,COD,9,0,0.0,0,1,TIER_1_METRO,0.809,0,2,19,0
ord_77985475,cust_762331,640.55,COD,4,0,0.0,0,2,TIER_2,0.905,0,2,11,0
ord_84998649,cust_164936,2120.83,COD,6,0,0.0,0,1,TIER_2,0.812,1,2,14,0
ord_46120868,cust_936115,472.53,NETBANKING,0,0,0.0,1,1,TIER_1_METRO,0.499,0,1,23,0
ord_59875088,cust_507202,2670.36,CARD,0,0,0.0,1,1,TIER_3_HIGH_RISK,0.28,0,3,1,0
ord_57623905,cust_506914,862.79,COD,4,0,0.0,0,1,TIER_1_METRO,0.726,0,1,1,0
ord_78967641,cust_511037,984.43,CARD,14,0,0.0,0,1,TIER_2,0.756,1,4,15,0
ord_23609569,cust_593936,1728.59,COD,0,0,0.0,1,2,TIER_3_HIGH_RISK,0.509,0,1,3,1
ord_87908384,cust_541317,836.57,UPI,0,0,0.0,1,2,TIER_1_METRO,0.966,2,1,10,0
ord_96826584,cust_663465,1025.24,COD,5,0,0.0,0,1,TIER_2,0.805,1,3,17,0
ord_61562444,cust_666980,1427.31,COD,1,0,0.0,0,1,TIER_3_HIGH_RISK,0.681,0,1,2,1
ord_13341861,cust_947649,853.66,UPI,0,0,0.0,1,1,TIER_1_METRO,0.676,3,3,10,1
ord_45650069,cust_404995,816.42,UPI,6,0,0.0,0,2,TIER_2,0.799,0,1,3,0
ord_55844447,cust_195672,4412.96,CARD,0,0,0.0,1,1,TIER_3_HIGH_RISK,0.554,0,1,0,0
ord_72532335,cust_555383,1392.35,UPI,1,0,0.0,0,1,TIER_2,0.526,0,1,4,0
ord_54432707,cust_963735,1119.93,COD,2,0,0.0,0,4,TIER_3_HIGH_RISK,0.53,0,1,0,1
ord_96916566,cust_749914,3696.99,NETBANKING,7,1,0.1429,0,1,TIER_2,0.881,0,3,3,0
ord_80366847,cust_111320,2278.32,UPI,5,0,0.0,0,1,TIER_3_HIGH_RISK,0.556,0,2,16,0
ord_57994791,cust_363498,1288.15,COD,6,0,0.0,0,2,TIER_2,0.416,2,2,16,0
ord_31725803,cust_682853,2262.34,UPI,4,0,0.0,0,2,TIER_2,0.888,0,1,7,0
ord_19311487,cust_719657,1205.34,UPI,5,0,0.0,0,2,TIER_1_METRO,0.799,0,2,0,0
ord_95612414,cust_102781,710.44,COD,0,0,0.0,1,1,TIER_3_HIGH_RISK,0.558,0,3,10,1
ord_41770093,cust_842138,886.82,COD,0,0,0.0,1,1,TIER_2,0.708,0,1,3,0
ord_46146254,cust_948667,2180.77,COD,0,0,0.0,1,1,TIER_1_METRO,0.806,0,4,8,0
ord_16087494,cust_989920,3158.7,COD,1,0,0.0,0,1,TIER_2,0.976,1,2,4,0
ord_50739629,cust_611769,1299.83,COD,0,0,0.0,1,1,TIER_2,0.564,0,4,1,0
ord_29004157,cust_209337,3614.38,UPI,3,0,0.0,0,1,TIER_3_HIGH_RISK,0.533,0,4,0,0
ord_28254698,cust_931299,1730.34,COD,0,0,0.0,1,1,TIER_3_HIGH_RISK,0.416,3,1,22,1
ord_23859696,cust_529067,3495.83,UPI,7,0,0.0,0,1,TIER_2,0.801,1,1,23,0
ord_41138855,cust_262814,3558.93,UPI,0,0,0.0,1,1,TIER_1_METRO,0.792,1,1,1,0
ord_61659302,cust_601670,1055.19,UPI,9,0,0.0,0,1,TIER_3_HIGH_RISK,0.756,0,1,9,0
ord_81240343,cust_375087,990.18,COD,4,0,0.0,0,1,TIER_3_HIGH_RISK,0.522,0,2,15,0
ord_18665394,cust_399459,1201.53,UPI,0,0,0.0,1,1,TIER_2,0.803,2,1,19,0
ord_46642118,cust_658549,1887.92,COD,0,0,0.0,1,3,TIER_1_METRO,0.829,1,1,16,1
ord_14532688,cust_205696,574.42,CARD,15,0,0.0,0,1,TIER_2,0.447,1,2,2,0
ord_41489680,cust_416668,940.24,COD,0,0,0.0,1,2,TIER_3_HIGH_RISK,0.859,2,8,10,1
ord_71428090,cust_761765,1298.4,COD,0,0,0.0,1,3,TIER_2,0.878,3,2,17,1
ord_59825495,cust_926064,909.97,COD,12,0,0.0,0,1,TIER_2,0.855,0,1,12,0
ord_21224905,cust_141284,353.85,COD,0,0,0.0,1,1,TIER_1_METRO,0.705,1,1,22,1
ord_23552664,cust_704789,1123.18,COD,0,0,0.0,1,2,TIER_1_METRO,0.87,0,2,11,0
ord_78117178,cust_806658,1934.72,UPI,17,0,0.0,0,1,TIER_1_METRO,0.755,0,1,7,0
ord_28494570,cust_685356,1721.35,COD,0,0,0.0,1,1,TIER_3_HIGH_RISK,0.69,2,2,7,1
ord_93173193,cust_333689,1890.54,UPI,5,0,0.0,0,1,TIER_1_METRO,0.872,0,2,2,0
ord_67849484,cust_999321,2573.06,UPI,0,0,0.0,1,1,TIER_1_METRO,0.52,0,1,15,0
ord_65777727,cust_628658,1618.56,COD,5,1,0.2,0,1,TIER_2,0.95,0,2,1,1
ord_14617663,cust_118290,2021.03,NETBANKING,0,0,0.0,1,4,TIER_1_METRO,0.4,0,1,0,0
ord_44671806,cust_778929,2837.13,UPI,3,1,0.3333,0,1,TIER_1_METRO,0.743,1,1,2,0
ord_14474843,cust_802551,1007.14,CARD,10,0,0.0,0,1,TIER_2,0.861,0,5,17,0
ord_44958762,cust_136375,742.5,CARD,0,0,0.0,1,2,TIER_1_METRO,0.924,1,2,20,0
ord_88510011,cust_389669,4288.0,CARD,1,0,0.0,0,1,TIER_2,0.64,0,1,3,0
ord_17491990,cust_741447,2373.16,COD,10,0,0.0,0,1,TIER_1_METRO,0.974,0,1,7,0
ord_75676594,cust_648774,4549.04,COD,0,0,0.0,1,1,TIER_1_METRO,0.944,2,1,6,1
ord_52433953,cust_431885,558.72,CARD,10,0,0.0,0,1,TIER_2,0.812,2,1,11,0
ord_91492269,cust_208644,856.57,COD,4,0,0.0,0,1,TIER_2,0.975,0,1,19,0
ord_12870581,cust_268482,1245.03,CARD,6,0,0.0,0,1,TIER_2,0.913,0,1,20,0
ord_78393246,cust_639303,856.73,COD,13,1,0.0769,0,1,TIER_1_METRO,0.499,0,2,10,0
ord_75113119,cust_202885,741.93,COD,12,0,0.0,0,4,TIER_2,0.558,0,2,4,1
ord_36395160,cust_144158,2180.68,COD,9,0,0.0,0,1,TIER_3_HIGH_RISK,0.477,1,2,22,0
ord_46674242,cust_564657,2231.71,UPI,4,0,0.0,0,1,TIER_3_HIGH_RISK,0.747,3,1,6,0
ord_35554414,cust_428333,1458.91,COD,0,0,0.0,1,1,TIER_1_METRO,0.858,1,1,15,1
ord_18877241,cust_850707,945.57,UPI,0,0,0.0,1,1,TIER_1_METRO,0.855,0,1,6,0
ord_81382351,cust_565196,770.59,COD,10,0,0.0,0,1,TIER_3_HIGH_RISK,0.58,0,3,0,0
ord_75256994,cust_184269,984.34,UPI,7,1,0.1429,0,5,TIER_1_METRO,0.74,0,1,16,0
ord_49769056,cust_390449,750.81,COD,4,0,0.0,0,1,TIER_1_METRO,0.868,2,1,2,0
ord_99386386,cust_493727,1446.52,COD,0,0,0.0,1,2,TIER_2,0.355,2,2,12,1
ord_18329442,cust_843987,481.22,COD,0,0,0.0,1,1,TIER_2,0.783,1,1,5,0
ord_33593741,cust_816631,1154.44,COD,0,0,0.0,1,1,TIER_1_METRO,0.759,0,1,7,1
ord_99884303,cust_643961,938.89,COD,11,0,0.0,0,4,TIER_2,0.924,1,2,18,1
ord_57423958,cust_751201,2571.76,UPI,0,0,0.0,1,1,TIER_2,0.785,0,1,18,0
ord_87064525,cust_910944,623.16,COD,0,0,0.0,1,3,TIER_2,0.492,2,2,1,1
ord_47938864,cust_532934,1456.9,UPI,0,0,0.0,1,1,TIER_3_HIGH_RISK,0.729,2,1,11,1
ord_66684948,cust_750643,843.27,UPI,0,0,0.0,1,2,TIER_1_METRO,0.85,1,1,11,0
ord_41227450,cust_736904,973.16,COD,2,0,0.0,0,5,TIER_1_METRO,0.963,1,2,7,0
ord_18946694,cust_628622,799.5,UPI,0,0,0.0,1,1,TIER_2,0.903,0,2,4,0
ord_29167127,cust_426603,3245.1,COD,4,0,0.0,0,1,TIER_2,0.871,0,8,9,0
ord_37696893,cust_664821,858.16,UPI,20,5,0.25,0,1,TIER_3_HIGH_RISK,0.599,1,1,11,0
ord_79391237,cust_913878,1285.37,UPI,18,0,0.0,0,1,TIER_1_METRO,0.81,1,5,19,0
ord_47233452,cust_173072,882.0,UPI,9,1,0.1111,0,2,TIER_2,0.571,0,1,6,0
ord_11760511,cust_421375,1819.77,COD,3,0,0.0,0,1,TIER_2,0.839,0,1,2,1
ord_36560140,cust_903369,838.6,COD,0,0,0.0,1,1,TIER_1_METRO,0.626,1,1,0,0
ord_66628313,cust_519208,1181.54,COD,4,0,0.0,0,1,TIER_2,0.853,1,1,18,0
ord_84827606,cust_583338,6400.38,CARD,12,7,0.5833,0,1,TIER_1_METRO,0.88,2,1,14,0
ord_30137708,cust_213104,799.49,COD,5,0,0.0,0,1,TIER_2,0.888,1,1,5,0
ord_27637729,cust_229447,2100.9,CARD,0,0,0.0,1,4,TIER_2,0.779,0,1,16,1
ord_77964681,cust_660477,1007.04,COD,0,0,0.0,1,1,TIER_3_HIGH_RISK,0.598,1,3,21,1
ord_20124284,cust_507741,622.05,CARD,0,0,0.0,1,4,TIER_2,0.635,1,1,3,1
ord_82777707,cust_759077,748.95,CARD,9,0,0.0,0,1,TIER_3_HIGH_RISK,0.419,0,1,20,0
ord_65989955,cust_104708,1067.72,UPI,6,0,0.0,0,3,TIER_1_METRO,0.821,0,4,22,0
ord_16336356,cust_948158,1005.72,UPI,8,0,0.0,0,1,TIER_3_HIGH_RISK,0.663,2,1,18,0
ord_19793227,cust_434275,1218.75,NETBANKING,17,4,0.2353,0,1,TIER_3_HIGH_RISK,0.591,0,1,12,0
ord_98512123,cust_534860,919.04,COD,0,0,0.0,1,1,TIER_3_HIGH_RISK,0.725,1,2,7,0
ord_31442986,cust_472559,1340.07,UPI,0,0,0.0,1,1,TIER_3_HIGH_RISK,0.657,0,2,2,0
ord_66755475,cust_450161,285.11,UPI,0,0,0.0,1,1,TIER_3_HIGH_RISK,0.786,1,1,1,0
ord_34440805,cust_740245,1060.88,UPI,2,0,0.0,0,2,TIER_2,0.842,1,1,0,1
ord_49135247,cust_908500,2346.74,COD,12,0,0.0,0,1,TIER_2,0.782,1,1,19,0
ord_36762677,cust_966050,1403.39,COD,0,0,0.0,1,4,TIER_1_METRO,0.447,2,3,4,1
ord_21301119,cust_668286,2101.12,CARD,3,0,0.0,0,1,TIER_2,0.576,0,1,1,1
ord_68270822,cust_785099,3089.78,UPI,0,0,0.0,1,1,TIER_1_METRO,0.733,0,2,15,0
ord_59335065,cust_425709,829.35,UPI,0,0,0.0,1,5,TIER_1_METRO,0.705,3,2,17,1
ord_13668280,cust_355628,526.5,COD,0,0,0.0,1,1,TIER_1_METRO,0.899,3,3,11,0
ord_32596028,cust_376914,1222.36,COD,0,0,0.0,1,1,TIER_2,0.897,0,2,22,1
ord_76834972,cust_223482,365.82,UPI,10,0,0.0,0,1,TIER_1_METRO,0.908,0,2,17,0
ord_70422713,cust_546894,1402.69,UPI,4,2,0.5,0,1,TIER_1_METRO,0.806,1,1,22,0
ord_28141080,cust_343747,622.47,UPI,14,0,0.0,0,1,TIER_3_HIGH_RISK,0.446,0,1,5,0
ord_88951845,cust_587976,1704.7,CARD,5,0,0.0,0,1,TIER_2,0.711,0,1,23,0
ord_11656671,cust_818687,333.68,COD,6,2,0.3333,0,1,TIER_3_HIGH_RISK,0.673,2,4,8,1
ord_90400939,cust_290409,2012.48,UPI,0,0,0.0,1,1,TIER_2,0.613,0,2,13,0
ord_86033299,cust_266587,2222.48,UPI,10,0,0.0,0,2,TIER_1_METRO,0.893,0,1,9,0
ord_88730310,cust_402417,2509.6,COD,10,1,0.1,0,7,TIER_3_HIGH_RISK,0.812,2,2,1,1
ord_66656406,cust_479673,1118.64,CARD,4,0,0.0,0,1,TIER_1_METRO,0.733,1,2,22,0
ord_44781535,cust_741489,444.65,CARD,10,0,0.0,0,4,TIER_2,0.883,1,1,0,0
ord_64095280,cust_835268,2037.44,UPI,22,3,0.1364,0,1,TIER_1_METRO,0.81,1,8,10,0
ord_53381573,cust_219374,249.0,COD,3,0,0.0,0,1,TIER_2,0.814,0,1,16,0
ord_35462332,cust_601554,1401.82,UPI,4,0,0.0,0,1,TIER_2,0.665,2,2,12,0
ord_94591419,cust_890404,831.9,COD,0,0,0.0,1,1,TIER_3_HIGH_RISK,0.803,1,2,8,1
ord_61716173,cust_948671,1184.3,UPI,7,0,0.0,0,1,TIER_2,0.71,1,2,16,0
ord_28737371,cust_309239,3608.52,COD,1,0,0.0,0,1,TIER_3_HIGH_RISK,0.721,0,1,8,1
ord_24764960,cust_217255,768.69,UPI,13,0,0.0,0,1,TIER_3_HIGH_RISK,0.801,0,1,2,0
ord_93860395,cust_371639,1568.52,COD,19,0,0.0,0,1,TIER_2,0.721,2,1,23,0
ord_33544531,cust_250468,2631.21,COD,3,0,0.0,0,1,TIER_1_METRO,0.849,2,3,12,0
ord_87652169,cust_497152,925.41,UPI,0,0,0.0,1,1,TIER_1_METRO,0.875,0,1,9,0
ord_73467518,cust_122474,582.62,COD,13,0,0.0,0,1,TIER_2,0.813,0,1,4,0
ord_60736559,cust_792664,509.35,UPI,6,0,0.0,0,1,TIER_1_METRO,0.969,0,3,15,0
ord_92323319,cust_577258,1318.23,CARD,4,0,0.0,0,4,TIER_1_METRO,0.898,0,2,17,0
ord_93552126,cust_172246,544.18,CARD,2,0,0.0,0,4,TIER_2,0.784,1,1,16,1
ord_91079560,cust_628621,614.0,UPI,7,0,0.0,0,1,TIER_3_HIGH_RISK,0.754,0,1,19,0
ord_57607527,cust_660804,2694.22,UPI,2,0,0.0,0,2,TIER_1_METRO,0.778,0,2,1,0
ord_34269034,cust_782177,523.1,NETBANKING,5,0,0.0,0,1,TIER_1_METRO,0.815,0,2,4,0
ord_11116271,cust_289243,3819.32,UPI,0,0,0.0,1,1,TIER_1_METRO,0.702,0,1,3,0
ord_68857661,cust_461040,940.58,COD,0,0,0.0,1,1,TIER_1_METRO,0.758,0,1,16,0
ord_54738553,cust_318216,1650.27,UPI,4,0,0.0,0,1,TIER_3_HIGH_RISK,0.793,1,2,17,0
ord_82656495,cust_739105,866.96,UPI,4,0,0.0,0,1,TIER_2,0.96,0,1,15,0
ord_68926640,cust_250061,1827.76,COD,0,0,0.0,1,1,TIER_1_METRO,0.886,2,3,16,1
ord_33378784,cust_668615,1007.56,COD,0,0,0.0,1,2,TIER_2,0.748,1,1,4,0
ord_90128218,cust_514496,440.24,COD,0,0,0.0,1,1,TIER_1_METRO,0.858,0,2,3,0
ord_91344162,cust_656000,544.78,NETBANKING,4,0,0.0,0,1,TIER_1_METRO,0.973,0,2,18,0
ord_91283762,cust_814814,490.27,CARD,19,3,0.1579,0,1,TIER_1_METRO,0.87,0,1,10,0
ord_32696804,cust_525618,695.03,COD,17,2,0.1176,0,1,TIER_2,0.852,0,1,21,0
ord_24709150,cust_417032,1309.7,CARD,9,0,0.0,0,2,TIER_1_METRO,0.927,0,3,17,0
ord_63479392,cust_785025,792.2,COD,0,0,0.0,1,1,TIER_1_METRO,0.78,1,1,23,1
ord_97655030,cust_716839,1547.66,COD,0,0,0.0,1,1,TIER_3_HIGH_RISK,0.588,0,1,8,0
ord_47014486,cust_350766,1418.15,UPI,0,0,0.0,1,1,TIER_1_METRO,0.797,1,3,7,0
ord_38854322,cust_136392,506.76,COD,0,0,0.0,1,1,TIER_2,0.951,0,3,15,1
ord_42250847,cust_669205,723.52,COD,0,0,0.0,1,1,TIER_3_HIGH_RISK,0.825,0,2,4,1
ord_91619860,cust_213043,1640.1,COD,14,0,0.0,0,1,TIER_3_HIGH_RISK,0.71,1,2,22,0
ord_93149280,cust_915462,2672.55,CARD,4,0,0.0,0,1,TIER_1_METRO,0.75,0,8,10,0
ord_70292109,cust_271317,1687.79,UPI,9,0,0.0,0,2,TIER_1_METRO,0.701,0,1,4,0
ord_65459660,cust_266449,765.02,UPI,0,0,0.0,1,1,TIER_1_METRO,0.687,0,5,21,0
ord_85260360,cust_329810,781.4,UPI,5,1,0.2,0,4,TIER_1_METRO,0.839,2,1,13,1
ord_41952342,cust_712485,2962.79,UPI,14,0,0.0,0,1,TIER_3_HIGH_RISK,0.609,1,1,10,0
ord_56628943,cust_440897,2088.36,UPI,0,0,0.0,1,1,TIER_1_METRO,0.855,0,3,20,0
ord_14889084,cust_396206,249.0,UPI,1,0,0.0,0,3,TIER_2,0.88,0,1,9,0
ord_49206376,cust_225812,1105.78,CARD,9,0,0.0,0,2,TIER_1_METRO,0.717,0,1,12,0
ord_97764631,cust_336847,1794.48,UPI,4,0,0.0,0,3,TIER_3_HIGH_RISK,0.387,0,2,20,1
ord_87182596,cust_324350,1918.36,UPI,3,0,0.0,0,1,TIER_2,0.892,1,2,22,0
ord_14962317,cust_195933,1801.79,COD,12,0,0.0,0,1,TIER_2,0.765,0,2,16,0
ord_37090738,cust_152330,818.98,NETBANKING,10,0,0.0,0,1,TIER_1_METRO,0.732,0,1,1,0
ord_71220767,cust_758596,2422.4,UPI,1,0,0.0,0,1,TIER_1_METRO,0.621,0,1,6,0
ord_89594423,cust_217782,1812.65,UPI,0,0,0.0,1,1,TIER_1_METRO,0.688,1,1,8,0
ord_11722907,cust_166780,2011.79,UPI,3,0,0.0,0,4,TIER_2,0.94,0,1,12,0
ord_33066465,cust_781326,3235.02,COD,0,0,0.0,1,2,TIER_2,0.822,0,1,18,1
ord_87160390,cust_471021,1427.89,UPI,0,0,0.0,1,1,TIER_2,0.823,0,2,11,0
ord_62596367,cust_313869,578.25,COD,4,0,0.0,0,2,TIER_2,0.843,0,1,23,0
ord_56984860,cust_528387,1961.67,COD,0,0,0.0,1,1,TIER_2,0.611,1,3,5,0
ord_24812736,cust_991566,1934.0,COD,6,1,0.1667,0,1,TIER_1_METRO,0.525,1,1,2,1
ord_74643066,cust_169776,1376.11,COD,0,0,0.0,1,1,TIER_1_METRO,0.812,1,2,18,0
ord_85255701,cust_223935,1347.78,CARD,2,0,0.0,0,1,TIER_1_METRO,0.72,2,1,2,0
ord_80445324,cust_103321,1080.38,CARD,13,0,0.0,0,1,TIER_1_METRO,0.769,0,1,16,0
ord_40131276,cust_210091,542.39,UPI,11,0,0.0,0,2,TIER_2,0.851,0,1,2,0
ord_18731896,cust_445009,353.8,UPI,0,0,0.0,1,5,TIER_1_METRO,0.86,0,1,9,1
ord_64717184,cust_838423,658.03,UPI,2,0,0.0,0,1,TIER_1_METRO,0.963,1,2,18,0
ord_37899688,cust_912026,1313.99,UPI,12,0,0.0,0,1,TIER_2,0.774,2,4,1,0
ord_12554131,cust_189376,893.17,UPI,2,0,0.0,0,1,TIER_2,0.471,0,2,2,0
ord_11342643,cust_113891,1872.77,CARD,0,0,0.0,1,5,TIER_1_METRO,0.862,1,2,14,1
ord_76310151,cust_790421,476.81,COD,0,0,0.0,1,1,TIER_3_HIGH_RISK,0.606,2,1,13,1
ord_55807748,cust_665672,2535.98,CARD,10,0,0.0,0,2,TIER_1_METRO,0.696,1,1,17,0
ord_25429051,cust_703858,1026.74,COD,0,0,0.0,1,1,TIER_3_HIGH_RISK,0.647,1,5,10,1
ord_55038050,cust_974837,841.24,COD,7,0,0.0,0,1,TIER_3_HIGH_RISK,0.686,0,1,23,0
ord_36401120,cust_171918,937.99,COD,6,1,0.1667,0,1,TIER_1_METRO,0.953,1,2,10,1
ord_10814422,cust_166778,1540.27,UPI,3,1,0.3333,0,1,TIER_2,0.771,0,1,18,0
ord_36854296,cust_759103,1386.26,UPI,11,0,0.0,0,1,TIER_1_METRO,0.749,0,2,19,0
ord_59913224,cust_736925,316.91,NETBANKING,5,0,0.0,0,1,TIER_2,0.694,0,2,2,0
ord_74149408,cust_886448,249.89,UPI,0,0,0.0,1,3,TIER_3_HIGH_RISK,0.843,1,1,20,1
ord_63613589,cust_550587,1418.26,COD,5,0,0.0,0,1,TIER_1_METRO,0.503,2,1,7,0
ord_81392531,cust_846963,945.57,UPI,0,0,0.0,1,1,TIER_2,0.52,0,1,7,0
ord_91322370,cust_815424,375.79,UPI,5,0,0.0,0,1,TIER_3_HIGH_RISK,0.291,1,1,10,0
ord_21756878,cust_454593,554.14,COD,6,1,0.1667,0,1,TIER_2,0.572,1,2,3,1
ord_66442312,cust_130845,309.37,CARD,4,0,0.0,0,2,TIER_3_HIGH_RISK,0.341,0,8,2,0
ord_38298929,cust_616614,364.76,UPI,4,0,0.0,0,1,TIER_3_HIGH_RISK,0.6,2,1,11,0
ord_64971496,cust_575521,725.93,COD,4,1,0.25,0,1,TIER_1_METRO,0.548,0,2,22,0
ord_15805333,cust_387933,1615.78,UPI,2,0,0.0,0,1,TIER_2,0.611,1,3,15,0
ord_60462526,cust_427414,1904.91,UPI,8,0,0.0,0,2,TIER_2,0.892,0,1,19,0
ord_70043429,cust_412878,857.82,COD,6,0,0.0,0,1,TIER_2,0.652,0,1,14,0
ord_47316107,cust_674529,680.52,CARD,0,0,0.0,1,1,TIER_3_HIGH_RISK,0.788,0,1,22,0
ord_72575544,cust_860437,701.35,COD,6,0,0.0,0,2,TIER_3_HIGH_RISK,0.786,2,1,1,1
ord_24500948,cust_715534,401.7,UPI,19,0,0.0,0,3,TIER_1_METRO,0.895,3,2,19,0
ord_96464762,cust_564944,749.14,COD,0,0,0.0,1,1,TIER_2,0.935,1,2,9,1
ord_21074355,cust_635518,2200.05,COD,0,0,0.0,1,1,TIER_2,0.808,0,5,6,1
ord_67413553,cust_547543,2216.74,UPI,10,4,0.4,0,3,TIER_1_METRO,0.946,1,1,4,0
ord_62187215,cust_660948,1954.78,UPI,0,0,0.0,1,1,TIER_1_METRO,0.789,1,5,23,0
ord_43458471,cust_663385,822.79,COD,14,0,0.0,0,1,TIER_1_METRO,0.655,0,1,11,0
ord_83671208,cust_684352,9017.22,UPI,10,1,0.1,0,1,TIER_1_METRO,0.762,0,2,22,0
ord_31646139,cust_629680,768.82,UPI,2,1,0.5,0,1,TIER_2,0.908,1,1,14,0
ord_36778642,cust_453085,504.0,UPI,6,2,0.3333,0,1,TIER_3_HIGH_RISK,0.778,0,1,23,0
ord_54280248,cust_400670,4985.99,CARD,0,0,0.0,1,1,TIER_2,0.783,0,1,21,0
ord_18820939,cust_269271,336.97,UPI,0,0,0.0,1,1,TIER_2,0.963,0,1,6,0
ord_51151145,cust_523499,1251.73,COD,0,0,0.0,1,1,TIER_1_METRO,0.824,0,1,11,0
ord_54729321,cust_914356,2178.19,NETBANKING,8,0,0.0,0,1,TIER_2,0.879,0,1,14,0
ord_90710501,cust_336641,1533.6,UPI,0,0,0.0,1,1,TIER_2,0.549,0,1,23,0
ord_88367311,cust_766933,1375.89,UPI,0,0,0.0,1,1,TIER_2,0.941,0,1,7,0
ord_88140533,cust_605027,1205.43,UPI,0,0,0.0,1,1,TIER_2,0.866,0,1,18,0
ord_97618597,cust_608965,946.9,UPI,6,0,0.0,0,4,TIER_2,0.652,1,2,16,0
ord_36395783,cust_129854,1345.77,COD,2,0,0.0,0,1,TIER_2,0.646,0,2,21,0
ord_32510629,cust_594925,686.98,COD,0,0,0.0,1,2,TIER_1_METRO,0.827,0,1,23,1
ord_82591435,cust_307070,1310.9,COD,0,0,0.0,1,1,TIER_1_METRO,0.753,1,3,8,0
ord_31094509,cust_379103,689.13,UPI,0,0,0.0,1,1,TIER_3_HIGH_RISK,0.829,1,2,14,0
ord_80929752,cust_918454,2064.44,COD,4,1,0.25,0,1,TIER_2,0.82,0,5,0,1
ord_44968906,cust_245765,3257.93,UPI,10,0,0.0,0,3,TIER_1_METRO,0.509,1,2,9,0
ord_79836714,cust_621471,734.23,COD,5,0,0.0,0,1,TIER_1_METRO,0.739,1,2,5,0
ord_43522480,cust_289932,744.49,COD,11,0,0.0,0,1,TIER_3_HIGH_RISK,0.679,0,4,15,0
ord_51753855,cust_357091,889.51,UPI,1,0,0.0,0,1,TIER_1_METRO,0.979,0,5,10,0
ord_50425111,cust_745148,672.28,COD,4,0,0.0,0,1,TIER_1_METRO,0.828,0,1,17,0
ord_25745940,cust_759414,972.53,COD,0,0,0.0,1,1,TIER_2,0.725,2,1,13,0
ord_89293706,cust_629567,2371.14,NETBANKING,0,0,0.0,1,1,TIER_1_METRO,0.981,0,1,19,0
ord_95029727,cust_956334,2389.35,UPI,0,0,0.0,1,2,TIER_2,0.756,0,1,11,1
ord_67159223,cust_121094,1520.81,UPI,0,0,0.0,1,1,TIER_1_METRO,0.889,0,1,4,0
ord_39092273,cust_675883,1070.2,COD,9,0,0.0,0,1,TIER_1_METRO,0.678,0,1,6,0
ord_23747550,cust_735489,1004.57,COD,5,1,0.2,0,1,TIER_1_METRO,0.941,0,1,20,1
ord_83506850,cust_775087,2949.0,UPI,3,0,0.0,0,5,TIER_2,0.758,2,2,3,0
ord_66306198,cust_752515,703.09,UPI,0,0,0.0,1,1,TIER_3_HIGH_RISK,0.782,0,1,12,0
ord_90566548,cust_392867,3206.74,UPI,3,0,0.0,0,1,TIER_1_METRO,0.77,0,2,12,0
ord_48761620,cust_286185,1211.63,COD,0,0,0.0,1,1,TIER_1_METRO,0.868,0,1,6,0
ord_13741196,cust_115791,930.41,CARD,2,0,0.0,0,1,TIER_3_HIGH_RISK,0.751,3,3,11,1
ord_98782879,cust_373445,1060.23,UPI,10,1,0.1,0,4,TIER_1_METRO,0.896,0,1,22,0
ord_93976173,cust_949977,1072.73,COD,10,0,0.0,0,1,TIER_3_HIGH_RISK,0.739,1,1,7,0
ord_67405223,cust_122766,1321.65,NETBANKING,0,0,0.0,1,1,TIER_2,0.932,0,3,11,0
ord_73603569,cust_516962,1742.73,UPI,4,1,0.25,0,1,TIER_3_HIGH_RISK,0.302,0,1,17,1
ord_64594952,cust_641007,6396.03,CARD,14,1,0.0714,0,1,TIER_2,0.892,1,4,12,0
ord_72754884,cust_902744,4933.72,UPI,5,0,0.0,0,1,TIER_3_HIGH_RISK,0.351,0,2,13,0
ord_70044703,cust_143525,3324.47,UPI,5,0,0.0,0,1,TIER_3_HIGH_RISK,0.451,0,1,22,0
ord_64156505,cust_324978,975.98,COD,0,0,0.0,1,2,TIER_2,0.705,2,1,18,1
ord_57596201,cust_100189,249.0,COD,0,0,0.0,1,1,TIER_2,0.957,1,1,7,1
ord_83004746,cust_910239,2936.59,COD,0,0,0.0,1,1,TIER_3_HIGH_RISK,0.516,0,1,8,1
ord_53434665,cust_885244,798.12,UPI,3,0,0.0,0,2,TIER_2,0.917,1,1,0,0
ord_10975112,cust_243659,514.24,COD,3,0,0.0,0,1,TIER_3_HIGH_RISK,0.792,2,2,8,0
ord_27977748,cust_811199,899.74,COD,3,0,0.0,0,1,TIER_2,0.701,0,1,6,0
ord_19869865,cust_600841,472.33,COD,0,0,0.0,1,1,TIER_3_HIGH_RISK,0.556,1,1,12,1
ord_26169764,cust_165231,932.17,NETBANKING,0,0,0.0,1,1,TIER_3_HIGH_RISK,0.437,1,1,3,0
ord_46068046,cust_479015,759.74,COD,3,0,0.0,0,2,TIER_2,0.364,0,1,15,0
ord_73034454,cust_781548,1683.71,CARD,0,0,0.0,1,5,TIER_1_METRO,0.821,2,2,13,1
ord_96714420,cust_414867,1525.15,UPI,0,0,0.0,1,1,TIER_2,0.942,0,2,17,0
ord_77230565,cust_421044,1176.17,UPI,0,0,0.0,1,1,TIER_2,0.759,0,3,12,0
ord_12929386,cust_816748,3392.24,COD,6,1,0.1667,0,2,TIER_3_HIGH_RISK,0.492,0,1,6,1
ord_67352128,cust_362084,2035.98,COD,2,0,0.0,0,3,TIER_1_METRO,0.734,1,2,21,0
ord_61411148,cust_973846,1039.59,COD,7,1,0.1429,0,1,TIER_1_METRO,0.732,0,2,3,1
ord_56054858,cust_829783,367.22,COD,9,0,0.0,0,1,TIER_2,0.888,1,2,10,0
ord_67396048,cust_776689,1840.8,UPI,4,0,0.0,0,1,TIER_3_HIGH_RISK,0.279,0,1,22,0
ord_95530253,cust_951215,1238.35,UPI,13,2,0.1538,0,1,TIER_3_HIGH_RISK,0.773,1,5,22,0
ord_27697416,cust_605193,915.98,UPI,0,0,0.0,1,4,TIER_1_METRO,0.838,1,2,18,0
ord_15384935,cust_188567,4969.38,COD,13,3,0.2308,0,1,TIER_2,0.847,0,1,17,0
ord_23346122,cust_451406,1188.0,COD,2,0,0.0,0,1,TIER_1_METRO,0.826,0,3,0,1
ord_15032403,cust_684337,1351.35,UPI,17,0,0.0,0,5,TIER_2,0.855,0,1,12,0
ord_25234145,cust_685639,409.82,UPI,0,0,0.0,1,1,TIER_2,0.937,0,1,18,0
ord_93759838,cust_906696,8796.73,CARD,10,0,0.0,0,2,TIER_1_METRO,0.793,0,2,1,0
ord_21256100,cust_561614,532.12,COD,0,0,0.0,1,3,TIER_1_METRO,0.786,1,3,6,1
ord_38207970,cust_863389,1390.16,COD,2,0,0.0,0,1,TIER_2,0.494,1,1,8,0
ord_90039901,cust_868290,876.96,CARD,0,0,0.0,1,1,TIER_2,0.883,0,2,4,0
ord_23725266,cust_152195,886.0,UPI,0,0,0.0,1,1,TIER_3_HIGH_RISK,0.604,0,1,12,0
ord_40663820,cust_415239,712.54,UPI,5,1,0.2,0,1,TIER_2,0.805,0,1,20,0
ord_92723310,cust_795684,925.78,UPI,3,0,0.0,0,1,TIER_1_METRO,0.811,1,1,13,0
ord_95081424,cust_616529,1252.54,COD,12,1,0.0833,0,1,TIER_1_METRO,0.75,3,1,17,1
ord_72423631,cust_499949,1705.07,COD,7,1,0.1429,0,1,TIER_1_METRO,0.747,3,1,12,1
ord_54910237,cust_300741,1575.16,UPI,0,0,0.0,1,1,TIER_2,0.948,0,1,1,1
ord_92031883,cust_356680,1367.7,COD,0,0,0.0,1,1,TIER_3_HIGH_RISK,0.615,2,1,4,1
ord_96044794,cust_107882,4322.17,UPI,1,0,0.0,0,1,TIER_2,0.72,2,4,7,0
ord_63007836,cust_552483,556.44,UPI,0,0,0.0,1,3,TIER_1_METRO,0.857,2,1,19,1
ord_35243940,cust_110372,1474.89,CARD,0,0,0.0,1,2,TIER_2,0.775,0,2,12,0
ord_21765788,cust_353116,1609.93,UPI,0,0,0.0,1,1,TIER_2,0.796,0,1,6,1
ord_11383875,cust_332730,363.61,COD,10,0,0.0,0,1,TIER_1_METRO,0.905,2,1,18,0
ord_82385337,cust_611133,912.13,NETBANKING,0,0,0.0,1,2,TIER_3_HIGH_RISK,0.67,0,1,13,0
ord_74043810,cust_124718,3285.74,COD,4,0,0.0,0,1,TIER_2,0.786,0,2,2,0
ord_65156923,cust_835158,1865.65,UPI,5,0,0.0,0,1,TIER_2,0.896,2,2,17,0
ord_10605409,cust_124935,488.46,UPI,3,0,0.0,0,5,TIER_1_METRO,0.863,2,4,12,0
ord_19929645,cust_637942,871.35,COD,5,0,0.0,0,2,TIER_3_HIGH_RISK,0.691,1,2,1,1
ord_13527110,cust_579120,1463.71,UPI,5,1,0.2,0,1,TIER_2,0.741,0,2,9,0
ord_45513047,cust_480445,455.48,CARD,0,0,0.0,1,5,TIER_2,0.853,0,2,22,0
ord_24516676,cust_349126,989.53,COD,0,0,0.0,1,1,TIER_1_METRO,0.98,0,3,16,0
ord_38114456,cust_989936,2170.19,UPI,8,0,0.0,0,1,TIER_2,0.825,0,1,12,0
ord_84645629,cust_907819,913.81,CARD,5,0,0.0,0,2,TIER_2,0.836,0,1,9,0
ord_68652090,cust_784661,1059.38,COD,0,0,0.0,1,1,TIER_3_HIGH_RISK,0.575,0,2,5,1
ord_55069853,cust_685745,402.35,COD,10,2,0.2,0,1,TIER_2,0.643,2,1,9,0
ord_12791338,cust_650337,1686.78,UPI,8,0,0.0,0,1,TIER_2,0.829,1,2,12,0
ord_39350724,cust_351958,450.49,UPI,3,0,0.0,0,1,TIER_3_HIGH_RISK,0.859,0,1,17,0
ord_37357811,cust_822237,2949.7,UPI,4,1,0.25,0,1,TIER_2,0.914,2,1,14,0
ord_17875639,cust_603166,540.45,UPI,5,0,0.0,0,1,TIER_3_HIGH_RISK,0.494,0,2,8,0
ord_82346128,cust_431296,1151.8,UPI,2,0,0.0,0,1,TIER_1_METRO,0.827,2,2,22,0
ord_62677766,cust_419342,1207.37,UPI,12,1,0.0833,0,1,TIER_2,0.9,0,1,12,0
ord_99239449,cust_160530,1016.74,COD,4,0,0.0,0,3,TIER_3_HIGH_RISK,0.529,0,1,12,1
ord_69504448,cust_469625,469.71,COD,0,0,0.0,1,1,TIER_3_HIGH_RISK,0.678,0,1,3,1
ord_78098985,cust_493661,4039.59,COD,8,1,0.125,0,2,TIER_3_HIGH_RISK,0.551,2,2,15,1
ord_15303943,cust_718740,624.69,UPI,6,1,0.1667,0,5,TIER_1_METRO,0.966,0,1,5,0
ord_27548495,cust_377599,902.73,NETBANKING,0,0,0.0,1,1,TIER_2,0.944,0,1,2,0
ord_57799231,cust_562661,649.38,UPI,6,1,0.1667,0,1,TIER_3_HIGH_RISK,0.541,0,1,22,0
ord_28295776,cust_123358,894.54,COD,4,0,0.0,0,1,TIER_2,0.978,2,1,14,0
ord_93964920,cust_349526,3050.18,COD,3,1,0.3333,0,1,TIER_1_METRO,0.571,0,2,18,0
ord_49455158,cust_818449,1266.69,CARD,2,0,0.0,0,1,TIER_1_METRO,0.894,1,1,6,0
ord_64594211,cust_726414,1245.94,UPI,1,0,0.0,0,1,TIER_2,0.741,3,1,15,0
ord_33279699,cust_256454,3094.54,CARD,15,3,0.2,0,2,TIER_2,0.681,0,2,10,0
ord_60422654,cust_700807,6325.73,UPI,0,0,0.0,1,3,TIER_3_HIGH_RISK,0.602,2,2,9,1
ord_91498955,cust_390678,792.47,COD,3,0,0.0,0,2,TIER_2,0.806,0,1,10,0
ord_23925413,cust_886170,452.39,UPI,8,2,0.25,0,1,TIER_2,0.832,2,2,8,0
ord_84982355,cust_684770,694.27,COD,0,0,0.0,1,1,TIER_2,0.721,3,1,16,1
ord_53964403,cust_556427,471.16,UPI,0,0,0.0,1,2,TIER_3_HIGH_RISK,0.842,0,2,15,0
ord_54539536,cust_989109,1074.97,CARD,0,0,0.0,1,1,TIER_3_HIGH_RISK,0.365,0,2,14,0
ord_89720141,cust_202255,1683.68,COD,4,0,0.0,0,1,TIER_2,0.667,2,2,14,0
ord_97367796,cust_492848,1894.03,COD,7,0,0.0,0,1,TIER_1_METRO,0.809,0,1,22,0
ord_40550539,cust_285123,719.57,COD,6,1,0.1667,0,2,TIER_2,0.92,0,4,10,1
ord_25592059,cust_439809,701.94,UPI,28,0,0.0,0,1,TIER_1_METRO,0.944,0,1,10,0
ord_47921641,cust_756994,655.69,UPI,9,2,0.2222,0,1,TIER_3_HIGH_RISK,0.782,0,1,8,0
ord_18821437,cust_709699,734.78,COD,11,0,0.0,0,1,TIER_1_METRO,0.587,0,1,7,0
ord_85081232,cust_192526,3489.71,CARD,3,1,0.3333,0,1,TIER_3_HIGH_RISK,0.625,0,1,18,1
ord_39764622,cust_209806,265.8,COD,0,0,0.0,1,1,TIER_3_HIGH_RISK,0.535,0,2,15,1
ord_16508526,cust_524642,1026.31,UPI,6,0,0.0,0,1,TIER_1_METRO,0.759,0,1,21,0
ord_89760611,cust_394203,1962.64,COD,7,1,0.1429,0,1,TIER_1_METRO,0.774,0,1,7,0
ord_60061053,cust_181292,3106.83,COD,28,0,0.0,0,1,TIER_3_HIGH_RISK,0.881,2,1,0,1
ord_96738037,cust_920240,6218.62,NETBANKING,5,0,0.0,0,1,TIER_2,0.76,2,2,18,0
ord_19953821,cust_570452,811.13,COD,7,0,0.0,0,1,TIER_1_METRO,0.831,0,1,8,0
ord_88327906,cust_496490,690.37,UPI,11,4,0.3636,0,1,TIER_2,0.484,0,4,9,1
ord_86531658,cust_331730,1003.9,COD,5,1,0.2,0,3,TIER_2,0.788,0,1,17,1
ord_98870006,cust_345398,1617.51,UPI,0,0,0.0,1,2,TIER_1_METRO,0.954,2,1,10,0
ord_11428127,cust_459838,860.51,COD,0,0,0.0,1,1,TIER_2,0.675,0,1,9,1
ord_53464233,cust_572224,1670.67,UPI,5,1,0.2,0,1,TIER_1_METRO,0.897,1,1,22,0
ord_26177172,cust_895265,1759.01,COD,0,0,0.0,1,1,TIER_2,0.934,2,1,17,1
ord_35657039,cust_582996,5586.61,UPI,3,0,0.0,0,1,TIER_2,0.803,0,1,12,0
ord_45261362,cust_902512,1992.77,UPI,8,0,0.0,0,1,TIER_1_METRO,0.961,2,2,9,0
ord_65701663,cust_348706,1795.94,UPI,13,0,0.0,0,1,TIER_1_METRO,0.607,0,2,17,0
ord_73146677,cust_581633,427.18,COD,0,0,0.0,1,1,TIER_2,0.734,2,2,16,0
ord_52972556,cust_936097,1020.53,COD,0,0,0.0,1,1,TIER_1_METRO,0.918,0,1,16,0
ord_59382042,cust_481595,629.0,UPI,0,0,0.0,1,1,TIER_1_METRO,0.788,0,3,0,0
ord_36821567,cust_498496,2016.6,UPI,3,0,0.0,0,1,TIER_2,0.956,1,1,5,0
ord_18567962,cust_761753,4754.11,COD,0,0,0.0,1,2,TIER_3_HIGH_RISK,0.747,0,1,0,1
ord_90074928,cust_790538,921.28,UPI,6,0,0.0,0,1,TIER_2,0.873,2,1,17,0
ord_44987846,cust_671163,400.69,UPI,5,1,0.2,0,1,TIER_2,0.95,1,1,14,0
ord_22076798,cust_608469,2731.38,COD,4,0,0.0,0,1,TIER_2,0.785,0,1,8,0
ord_87737036,cust_865272,2023.55,COD,24,0,0.0,0,2,TIER_3_HIGH_RISK,0.824,1,1,2,0
ord_56206264,cust_711795,1199.84,CARD,4,0,0.0,0,1,TIER_1_METRO,0.868,2,2,9,0
ord_64869006,cust_247745,553.04,UPI,17,5,0.2941,0,1,TIER_1_METRO,0.825,0,2,9,0
ord_32878786,cust_820406,739.3,COD,3,0,0.0,0,2,TIER_1_METRO,0.652,0,1,2,0
ord_48362595,cust_609068,1496.93,UPI,6,0,0.0,0,1,TIER_1_METRO,0.746,1,2,15,0
ord_33278769,cust_735843,1310.43,CARD,1,0,0.0,0,2,TIER_1_METRO,0.656,0,2,16,0
ord_89040107,cust_331831,278.5,COD,0,0,0.0,1,1,TIER_2,0.835,1,1,18,1
ord_91642415,cust_238519,1332.25,COD,0,0,0.0,1,1,TIER_3_HIGH_RISK,0.698,2,2,11,1
ord_78958259,cust_713178,5971.12,COD,0,0,0.0,1,1,TIER_1_METRO,0.722,2,3,18,0
ord_17017955,cust_587800,1366.34,CARD,0,0,0.0,1,1,TIER_1_METRO,0.937,1,1,6,0
ord_14268173,cust_254969,2170.48,UPI,6,0,0.0,0,1,TIER_2,0.963,0,1,22,0
ord_93330561,cust_742467,469.81,UPI,0,0,0.0,1,2,TIER_2,0.901,1,1,5,0
ord_30088365,cust_509462,249.0,CARD,1,0,0.0,0,1,TIER_2,0.745,3,1,19,0
ord_74449270,cust_997369,1838.14,NETBANKING,0,0,0.0,1,1,TIER_1_METRO,0.81,1,4,15,0
ord_12670492,cust_824568,768.22,COD,9,0,0.0,0,1,TIER_1_METRO,0.713,2,4,17,1
ord_58915413,cust_170904,372.39,COD,0,0,0.0,1,1,TIER_1_METRO,0.938,0,1,4,0
ord_63957955,cust_587045,1823.75,CARD,14,0,0.0,0,1,TIER_2,0.759,0,5,0,0
ord_91335369,cust_367766,3563.79,UPI,0,0,0.0,1,1,TIER_3_HIGH_RISK,0.497,1,2,4,0
ord_71957160,cust_854561,326.84,COD,0,0,0.0,1,1,TIER_2,0.658,0,1,7,0
ord_77831017,cust_440399,962.08,COD,5,0,0.0,0,1,TIER_1_METRO,0.597,1,1,9,0
ord_93312421,cust_437044,726.94,COD,3,2,0.6667,0,1,TIER_1_METRO,0.632,0,1,21,1
ord_74473608,cust_605871,742.51,UPI,8,1,0.125,0,2,TIER_2,0.843,0,1,21,0
ord_20347737,cust_430035,2135.72,COD,3,0,0.0,0,1,TIER_2,0.766,0,2,8,0
ord_91743035,cust_186728,430.55,COD,9,1,0.1111,0,1,TIER_1_METRO,0.961,1,1,2,0
ord_61913178,cust_868278,1416.99,NETBANKING,0,0,0.0,1,1,TIER_1_METRO,0.962,0,1,2,0
ord_72468785,cust_273873,1711.68,CARD,0,0,0.0,1,2,TIER_2,0.607,0,3,17,0
ord_88694986,cust_914234,2864.35,UPI,17,0,0.0,0,1,TIER_2,0.578,2,1,4,0
ord_64856769,cust_878755,907.02,NETBANKING,2,0,0.0,0,1,TIER_2,0.932,2,3,0,0
ord_12744804,cust_367993,5612.77,COD,0,0,0.0,1,1,TIER_3_HIGH_RISK,0.791,0,2,17,1
ord_46926887,cust_866781,514.63,COD,7,0,0.0,0,1,TIER_2,0.848,2,1,9,0
ord_26077985,cust_646881,528.89,COD,0,0,0.0,1,1,TIER_2,0.613,1,2,20,1
ord_42738154,cust_140149,1068.63,NETBANKING,0,0,0.0,1,1,TIER_1_METRO,0.554,0,3,11,0
ord_66620918,cust_370248,1609.71,UPI,0,0,0.0,1,1,TIER_3_HIGH_RISK,0.541,0,1,16,0
ord_50358759,cust_524817,543.32,UPI,0,0,0.0,1,1,TIER_1_METRO,0.815,1,1,1,0
ord_37192023,cust_466014,362.74,UPI,10,0,0.0,0,1,TIER_2,0.682,1,3,13,0
ord_76346710,cust_423420,1220.05,COD,3,0,0.0,0,3,TIER_3_HIGH_RISK,0.378,1,1,16,1
ord_45580542,cust_499046,595.48,COD,0,0,0.0,1,2,TIER_1_METRO,0.738,0,1,12,0
ord_21252265,cust_394331,1067.88,COD,12,0,0.0,0,1,TIER_3_HIGH_RISK,0.561,0,1,13,0
ord_47921639,cust_495654,706.55,COD,9,0,0.0,0,1,TIER_2,0.905,0,2,13,0
ord_10476684,cust_748081,1825.86,NETBANKING,0,0,0.0,1,1,TIER_2,0.867,0,3,11,0
ord_63445182,cust_997898,1371.12,COD,7,0,0.0,0,1,TIER_1_METRO,0.917,1,1,20,0
ord_57270353,cust_976227,1325.88,CARD,4,0,0.0,0,1,TIER_1_METRO,0.933,0,1,3,0
ord_61472089,cust_484090,1109.7,COD,7,0,0.0,0,1,TIER_2,0.804,2,2,17,0
ord_21551409,cust_407157,2248.96,UPI,0,0,0.0,1,1,TIER_2,0.735,0,1,11,0
ord_21061060,cust_843521,470.8,COD,2,0,0.0,0,3,TIER_1_METRO,0.407,0,1,19,1
ord_45908279,cust_881570,915.75,COD,7,0,0.0,0,1,TIER_1_METRO,0.936,0,1,4,0
ord_71580593,cust_600010,1741.39,UPI,0,0,0.0,1,1,TIER_3_HIGH_RISK,0.592,0,1,12,0
ord_61463262,cust_318565,501.34,COD,0,0,0.0,1,1,TIER_1_METRO,0.975,0,1,1,0
ord_35451115,cust_521541,1277.74,COD,0,0,0.0,1,1,TIER_2,0.795,2,2,18,0
ord_90256454,cust_192663,606.56,COD,7,0,0.0,0,1,TIER_1_METRO,0.561,0,1,10,0
ord_38645390,cust_801916,453.19,NETBANKING,9,0,0.0,0,2,TIER_2,0.787,0,1,7,0
ord_74308318,cust_206086,943.02,COD,8,0,0.0,0,1,TIER_1_METRO,0.746,2,2,11,0
ord_76913257,cust_458255,1899.59,COD,0,0,0.0,1,1,TIER_1_METRO,0.707,0,1,11,0
ord_30101240,cust_490802,965.46,UPI,7,0,0.0,0,1,TIER_2,0.773,0,5,8,0
ord_65642473,cust_535456,2781.77,NETBANKING,0,0,0.0,1,1,TIER_3_HIGH_RISK,0.827,1,3,12,0
ord_49987407,cust_766716,3325.29,COD,3,0,0.0,0,3,TIER_3_HIGH_RISK,0.752,1,1,21,1
ord_44021442,cust_432187,386.74,CARD,4,0,0.0,0,1,TIER_3_HIGH_RISK,0.16,2,2,18,1
ord_92184132,cust_489512,1890.93,COD,2,0,0.0,0,1,TIER_1_METRO,0.715,0,1,14,0
ord_48887321,cust_238148,1418.5,COD,13,0,0.0,0,1,TIER_1_METRO,0.561,0,1,21,0
ord_11749736,cust_367587,833.62,COD,0,0,0.0,1,1,TIER_2,0.507,1,1,16,1
ord_56626914,cust_770774,512.1,UPI,8,1,0.125,0,5,TIER_3_HIGH_RISK,0.63,0,2,15,1
ord_34561413,cust_662568,2182.75,UPI,0,0,0.0,1,1,TIER_2,0.886,0,1,6,0
ord_50473321,cust_233107,502.08,UPI,4,0,0.0,0,1,TIER_1_METRO,0.851,1,1,18,0
ord_92384528,cust_143585,445.87,UPI,0,0,0.0,1,1,TIER_2,0.97,1,1,21,0
ord_28455791,cust_508542,936.27,UPI,4,0,0.0,0,1,TIER_2,0.926,0,1,13,0
ord_41738784,cust_241902,1764.35,CARD,3,0,0.0,0,2,TIER_2,0.985,1,1,22,0
ord_83745572,cust_456691,1479.95,UPI,8,1,0.125,0,2,TIER_2,0.648,2,3,23,1
ord_70910677,cust_802338,1681.77,CARD,0,0,0.0,1,1,TIER_3_HIGH_RISK,0.813,0,4,19,0
ord_59509069,cust_323289,1286.78,COD,15,0,0.0,0,1,TIER_2,0.742,1,1,16,0
ord_75339754,cust_609444,249.0,CARD,0,0,0.0,1,1,TIER_1_METRO,0.84,0,1,12,0
ord_30231923,cust_204122,6458.18,CARD,10,0,0.0,0,1,TIER_1_METRO,0.901,1,5,5,0
ord_71119402,cust_454489,652.36,COD,1,0,0.0,0,3,TIER_1_METRO,0.888,0,4,13,0
ord_15666912,cust_580693,928.09,COD,9,0,0.0,0,4,TIER_3_HIGH_RISK,0.172,3,3,21,1
ord_10432184,cust_986801,547.0,COD,6,0,0.0,0,2,TIER_1_METRO,0.582,1,1,9,1
ord_94023119,cust_852798,2899.45,UPI,17,2,0.1176,0,2,TIER_1_METRO,0.632,0,1,15,0
ord_81389514,cust_608365,730.02,COD,6,0,0.0,0,2,TIER_1_METRO,0.984,2,2,2,1
ord_13335160,cust_571777,4012.37,COD,7,0,0.0,0,1,TIER_3_HIGH_RISK,0.761,2,1,6,0
ord_27353135,cust_808854,889.88,COD,6,0,0.0,0,1,TIER_2,0.981,0,1,9,0
ord_57472463,cust_328907,2119.87,UPI,4,1,0.25,0,1,TIER_2,0.933,0,2,7,0
ord_12801818,cust_847424,1009.44,UPI,10,0,0.0,0,3,TIER_1_METRO,0.645,0,1,20,0
ord_86386965,cust_248579,1359.34,CARD,4,0,0.0,0,1,TIER_3_HIGH_RISK,0.387,1,1,10,0
ord_60530689,cust_244679,318.66,NETBANKING,0,0,0.0,1,1,TIER_2,0.768,0,1,5,0
ord_65306693,cust_209398,2640.17,COD,3,0,0.0,0,1,TIER_2,0.688,0,1,0,1
ord_34926981,cust_698673,1086.46,COD,7,0,0.0,0,2,TIER_2,0.555,0,1,15,0
ord_23579173,cust_602870,2420.53,COD,4,0,0.0,0,1,TIER_2,0.756,0,1,8,0
ord_50150781,cust_300755,606.44,COD,27,2,0.0741,0,1,TIER_1_METRO,0.825,0,2,18,0
ord_35238671,cust_175440,1437.15,UPI,0,0,0.0,1,7,TIER_1_METRO,0.708,0,1,18,1
ord_91688737,cust_323410,911.97,UPI,0,0,0.0,1,1,TIER_1_METRO,0.688,0,2,13,0
ord_88056716,cust_632582,1770.57,CARD,18,0,0.0,0,1,TIER_2,0.898,2,1,15,0
ord_26210635,cust_687344,377.19,UPI,6,0,0.0,0,1,TIER_2,0.776,1,1,11,0
ord_12627014,cust_278751,1971.39,UPI,0,0,0.0,1,1,TIER_2,0.863,0,2,8,0
ord_66748708,cust_190728,1655.56,COD,0,0,0.0,1,1,TIER_3_HIGH_RISK,0.594,0,1,9,1
ord_64581698,cust_224240,1589.12,CARD,0,0,0.0,1,2,TIER_2,0.953,1,1,20,0
ord_21861743,cust_701856,456.74,CARD,0,0,0.0,1,1,TIER_2,0.666,0,2,17,1
ord_80958046,cust_734191,1383.77,CARD,0,0,0.0,1,1,TIER_3_HIGH_RISK,0.733,0,2,22,0
ord_92969331,cust_343470,1465.46,UPI,4,0,0.0,0,1,TIER_1_METRO,0.83,0,2,4,0
ord_63093290,cust_666417,1008.03,UPI,0,0,0.0,1,1,TIER_1_METRO,0.934,0,1,12,0
ord_87734507,cust_235513,1131.22,UPI,0,0,0.0,1,1,TIER_1_METRO,0.883,1,1,21,0
ord_43691077,cust_231235,2681.27,COD,0,0,0.0,1,1,TIER_1_METRO,0.94,0,2,2,0
ord_38272916,cust_199152,1110.28,COD,11,2,0.1818,0,1,TIER_2,0.914,0,2,8,0
ord_22866619,cust_381872,272.22,UPI,0,0,0.0,1,1,TIER_1_METRO,0.858,0,1,1,0
ord_62676239,cust_637421,302.22,COD,18,3,0.1667,0,1,TIER_1_METRO,0.745,3,1,21,0
ord_65961553,cust_611801,554.8,UPI,16,5,0.3125,0,1,TIER_3_HIGH_RISK,0.341,0,1,22,0
ord_74302341,cust_668225,746.17,CARD,0,0,0.0,1,1,TIER_2,0.501,0,1,4,1
ord_27713448,cust_503189,1346.66,UPI,0,0,0.0,1,1,TIER_2,0.919,0,1,17,0
ord_13110691,cust_792150,614.99,COD,3,0,0.0,0,1,TIER_1_METRO,0.76,3,1,2,0
ord_37579735,cust_754654,1610.52,UPI,1,0,0.0,0,1,TIER_2,0.783,2,1,17,0
ord_54067405,cust_970037,758.91,UPI,2,0,0.0,0,5,TIER_1_METRO,0.875,0,2,12,1
ord_20563214,cust_186796,757.9,COD,0,0,0.0,1,5,TIER_2,0.821,0,4,21,1
ord_92434203,cust_388384,2367.95,UPI,15,0,0.0,0,1,TIER_2,0.87,0,2,20,0
ord_53762279,cust_195140,306.91,COD,4,0,0.0,0,1,TIER_3_HIGH_RISK,0.833,0,2,7,0
ord_85912072,cust_502576,1345.71,COD,3,0,0.0,0,4,TIER_2,0.817,0,1,23,1
ord_16216618,cust_115740,923.13,UPI,10,0,0.0,0,1,TIER_3_HIGH_RISK,0.88,1,1,17,0
ord_23773042,cust_750777,2645.03,CARD,3,0,0.0,0,1,TIER_3_HIGH_RISK,0.638,0,1,3,0
ord_96884931,cust_226170,2867.52,COD,1,0,0.0,0,2,TIER_1_METRO,0.842,1,2,10,1
ord_74910193,cust_188898,1350.47,UPI,0,0,0.0,1,2,TIER_2,0.807,2,2,7,0
ord_76900930,cust_387204,2009.83,COD,2,0,0.0,0,1,TIER_2,0.72,0,3,18,0
ord_71399500,cust_158933,1271.01,COD,7,1,0.1429,0,2,TIER_1_METRO,0.967,1,1,15,1
ord_41349379,cust_648196,443.1,UPI,4,0,0.0,0,1,TIER_1_METRO,0.78,1,2,12,0
ord_96379410,cust_446336,1395.79,UPI,8,0,0.0,0,1,TIER_2,0.709,2,2,16,0
ord_46432549,cust_987889,385.19,COD,0,0,0.0,1,1,TIER_2,0.754,1,2,3,0
ord_62584289,cust_257642,759.05,CARD,2,0,0.0,0,2,TIER_2,0.799,0,2,6,0
ord_57637042,cust_987582,726.81,UPI,5,1,0.2,0,1,TIER_2,0.612,1,1,14,1
ord_21690251,cust_222082,700.7,COD,3,0,0.0,0,1,TIER_2,0.819,0,2,22,0
ord_21669729,cust_998122,1825.21,UPI,9,0,0.0,0,2,TIER_1_METRO,0.341,2,1,10,0
ord_31614133,cust_943354,1056.21,UPI,0,0,0.0,1,1,TIER_1_METRO,0.891,0,1,21,0
ord_93853589,cust_683053,894.34,UPI,4,0,0.0,0,2,TIER_1_METRO,0.862,1,1,6,0
ord_94077467,cust_792803,697.61,CARD,0,0,0.0,1,1,TIER_2,0.839,3,1,6,0
ord_26616198,cust_315648,1022.25,UPI,15,0,0.0,0,1,TIER_2,0.866,1,2,12,0
ord_18203492,cust_453198,10746.42,COD,0,0,0.0,1,3,TIER_2,0.462,0,4,18,1
ord_77720732,cust_732013,298.09,CARD,17,0,0.0,0,1,TIER_1_METRO,0.671,1,2,4,0
ord_94729603,cust_866159,857.13,COD,10,0,0.0,0,1,TIER_2,0.901,2,3,18,0
ord_60571295,cust_778514,4567.18,UPI,0,0,0.0,1,7,TIER_1_METRO,0.911,1,1,21,1
ord_25258732,cust_132803,298.17,UPI,3,0,0.0,0,1,TIER_2,0.324,0,1,7,0
ord_50249665,cust_901508,786.16,COD,20,0,0.0,0,1,TIER_2,0.856,3,1,19,0
ord_63899323,cust_185141,846.15,UPI,15,3,0.2,0,1,TIER_2,0.706,0,1,22,0
ord_30521013,cust_137739,1009.66,CARD,0,0,0.0,1,1,TIER_3_HIGH_RISK,0.663,2,1,13,1
ord_22998378,cust_373370,3030.85,UPI,0,0,0.0,1,1,TIER_2,0.851,1,2,6,0
ord_53045531,cust_495151,1514.71,UPI,6,0,0.0,0,1,TIER_3_HIGH_RISK,0.775,0,2,13,0
ord_24223887,cust_753420,588.16,COD,0,0,0.0,1,1,TIER_1_METRO,0.789,0,3,10,0
ord_30787302,cust_137535,1620.39,COD,0,0,0.0,1,2,TIER_1_METRO,0.725,0,1,20,0
ord_40183393,cust_311670,3901.98,COD,2,0,0.0,0,1,TIER_2,0.879,1,1,2,0
ord_52351489,cust_558760,637.12,COD,16,0,0.0,0,1,TIER_3_HIGH_RISK,0.764,0,1,23,0
ord_68925418,cust_309074,2596.9,COD,10,2,0.2,0,1,TIER_3_HIGH_RISK,0.749,0,2,18,1
ord_37571338,cust_810827,1362.62,COD,0,0,0.0,1,1,TIER_2,0.926,0,2,17,1
ord_94732542,cust_292702,1258.09,UPI,0,0,0.0,1,1,TIER_1_METRO,0.941,0,1,20,0
ord_62264105,cust_713007,1388.04,COD,2,0,0.0,0,2,TIER_1_METRO,0.893,0,2,17,1
ord_24192912,cust_582505,1618.67,COD,0,0,0.0,1,1,TIER_3_HIGH_RISK,0.756,1,1,7,1
ord_77135369,cust_353007,1465.63,COD,0,0,0.0,1,1,TIER_2,0.771,2,5,1,1
ord_62520057,cust_352903,2381.92,COD,0,0,0.0,1,1,TIER_2,0.778,0,1,21,1
ord_19622823,cust_170053,378.05,COD,0,0,0.0,1,1,TIER_2,0.685,0,3,7,0
ord_58815958,cust_173285,583.43,COD,5,0,0.0,0,1,TIER_3_HIGH_RISK,0.557,0,3,17,1
ord_28644522,cust_910614,432.96,UPI,5,0,0.0,0,1,TIER_1_METRO,0.675,1,4,0,0
ord_87354231,cust_780849,3397.81,COD,0,0,0.0,1,4,TIER_2,0.953,0,5,6,1
ord_54467095,cust_291755,2104.51,COD,3,0,0.0,0,1,TIER_1_METRO,0.789,3,2,10,0
ord_75215546,cust_132400,717.25,COD,0,0,0.0,1,1,TIER_1_METRO,0.493,2,1,19,0
ord_61599948,cust_373298,1592.55,COD,5,0,0.0,0,1,TIER_3_HIGH_RISK,0.55,1,1,22,0
ord_84090304,cust_892047,1582.61,UPI,6,1,0.1667,0,4,TIER_1_METRO,0.954,3,1,6,0
ord_20086627,cust_124136,518.81,NETBANKING,0,0,0.0,1,1,TIER_2,0.794,0,2,17,0
ord_66974237,cust_769842,2028.59,COD,4,0,0.0,0,1,TIER_1_METRO,0.896,2,2,14,0
ord_41239860,cust_688310,1250.9,COD,10,0,0.0,0,1,TIER_1_METRO,0.867,0,1,13,0
ord_30440505,cust_461046,2654.78,UPI,11,0,0.0,0,1,TIER_1_METRO,0.862,0,2,8,0
ord_41259822,cust_779678,815.33,UPI,4,0,0.0,0,1,TIER_2,0.734,1,1,16,0
ord_79426200,cust_517011,757.12,CARD,0,0,0.0,1,2,TIER_2,0.957,0,4,20,0
ord_42145513,cust_112976,647.32,COD,0,0,0.0,1,1,TIER_1_METRO,0.336,0,3,12,0
ord_10795415,cust_113292,2034.42,UPI,0,0,0.0,1,1,TIER_1_METRO,0.749,2,2,12,0
ord_94489183,cust_176620,2562.17,UPI,0,0,0.0,1,1,TIER_3_HIGH_RISK,0.893,0,1,7,0
ord_56695565,cust_845076,2858.42,UPI,1,0,0.0,0,1,TIER_2,0.641,0,1,0,1
ord_17602495,cust_117645,1551.43,COD,0,0,0.0,1,2,TIER_3_HIGH_RISK,0.67,1,2,5,1
ord_48499046,cust_859509,4671.7,COD,21,0,0.0,0,1,TIER_2,0.938,2,1,16,0
ord_40691270,cust_203467,1900.82,COD,0,0,0.0,1,1,TIER_1_METRO,0.776,1,3,2,0
ord_17059559,cust_724310,1652.44,COD,0,0,0.0,1,1,TIER_3_HIGH_RISK,0.4,0,3,20,0
ord_66193692,cust_690246,1445.05,COD,5,0,0.0,0,1,TIER_3_HIGH_RISK,0.616,1,2,0,0
ord_28624415,cust_367401,1007.71,UPI,1,0,0.0,0,1,TIER_1_METRO,0.924,0,1,17,0
ord_24421668,cust_762582,1344.36,NETBANKING,5,0,0.0,0,1,TIER_1_METRO,0.719,0,5,1,0
ord_15905950,cust_553925,2189.92,COD,28,0,0.0,0,1,TIER_3_HIGH_RISK,0.813,0,1,15,0
ord_73362116,cust_742531,1279.07,UPI,2,0,0.0,0,1,TIER_1_METRO,0.903,0,1,6,0
ord_97035863,cust_648713,2462.06,UPI,7,0,0.0,0,1,TIER_3_HIGH_RISK,0.64,0,1,10,0
ord_64046176,cust_245942,3015.73,COD,3,0,0.0,0,2,TIER_1_METRO,0.761,1,1,7,0
ord_59701515,cust_536060,394.04,UPI,0,0,0.0,1,2,TIER_1_METRO,0.915,1,2,3,0
ord_92493325,cust_951611,4582.42,COD,6,0,0.0,0,3,TIER_1_METRO,0.511,0,1,16,0
ord_86176890,cust_725536,2189.32,COD,5,0,0.0,0,2,TIER_1_METRO,0.528,3,1,15,0
ord_47204318,cust_258264,1011.02,COD,2,0,0.0,0,3,TIER_1_METRO,0.877,2,1,12,0
ord_77049102,cust_167696,249.0,CARD,0,0,0.0,1,1,TIER_1_METRO,0.839,0,1,3,0
ord_66133999,cust_527612,3761.05,COD,11,3,0.2727,0,1,TIER_2,0.97,1,2,6,1
ord_11418060,cust_726300,1554.07,CARD,1,0,0.0,0,1,TIER_2,0.982,1,4,21,0
ord_40053022,cust_529111,905.68,NETBANKING,0,0,0.0,1,2,TIER_2,0.728,3,1,19,1
ord_36276833,cust_802640,249.0,COD,6,1,0.1667,0,1,TIER_1_METRO,0.598,2,1,9,0
ord_91488646,cust_261446,665.5,COD,0,0,0.0,1,1,TIER_2,0.969,1,1,21,1
ord_95964888,cust_969733,653.5,UPI,0,0,0.0,1,1,TIER_2,0.965,1,1,11,0
ord_35832599,cust_951556,728.38,COD,11,0,0.0,0,1,TIER_1_METRO,0.894,0,1,19,0
ord_92804048,cust_564443,1970.13,COD,0,0,0.0,1,1,TIER_1_METRO,0.6,0,2,21,0
ord_19693533,cust_250423,1202.37,CARD,0,0,0.0,1,1,TIER_2,0.865,2,1,17,0
ord_75135035,cust_368860,1779.93,UPI,8,0,0.0,0,1,TIER_3_HIGH_RISK,0.586,1,1,14,0
ord_50385139,cust_142530,533.2,UPI,8,0,0.0,0,1,TIER_1_METRO,0.773,1,1,16,0
ord_83224626,cust_425328,6394.27,COD,5,0,0.0,0,1,TIER_3_HIGH_RISK,0.877,1,2,20,1
ord_49678201,cust_286571,959.27,UPI,0,0,0.0,1,1,TIER_1_METRO,0.762,1,4,20,1
ord_44093077,cust_974024,424.69,UPI,10,0,0.0,0,1,TIER_2,0.825,0,1,19,0
ord_20431929,cust_232001,570.37,COD,21,3,0.1429,0,2,TIER_2,0.946,3,3,15,0
ord_70782618,cust_758672,2850.91,UPI,6,0,0.0,0,2,TIER_3_HIGH_RISK,0.627,2,1,10,0
ord_52783311,cust_464475,249.69,COD,8,0,0.0,0,1,TIER_2,0.756,1,1,1,0
ord_93325625,cust_262352,1808.01,UPI,3,0,0.0,0,1,TIER_1_METRO,0.936,1,1,1,0
ord_19678391,cust_877422,2194.76,UPI,5,0,0.0,0,1,TIER_3_HIGH_RISK,0.824,1,1,1,0
ord_19137344,cust_106732,3682.75,UPI,10,1,0.1,0,3,TIER_1_METRO,0.661,1,8,21,0
ord_20589887,cust_980131,972.27,CARD,6,1,0.1667,0,1,TIER_2,0.806,1,1,20,0
ord_14058848,cust_333259,490.19,CARD,16,3,0.1875,0,2,TIER_3_HIGH_RISK,0.629,0,1,11,1
ord_85560256,cust_711807,895.43,COD,5,0,0.0,0,2,TIER_2,0.72,2,1,18,0
ord_87141179,cust_572913,650.51,UPI,11,1,0.0909,0,1,TIER_3_HIGH_RISK,0.732,3,2,5,0
ord_43812949,cust_395103,708.71,COD,0,0,0.0,1,4,TIER_1_METRO,0.616,0,1,8,1
ord_15627745,cust_989912,2110.6,UPI,0,0,0.0,1,5,TIER_1_METRO,0.615,0,1,20,1
ord_60346789,cust_273403,1020.11,COD,0,0,0.0,1,1,TIER_2,0.546,2,1,0,0
ord_53333570,cust_559353,2712.23,CARD,0,0,0.0,1,1,TIER_1_METRO,0.666,0,4,8,0
ord_29024896,cust_541923,313.4,COD,0,0,0.0,1,1,TIER_1_METRO,0.767,2,5,15,0
ord_19053883,cust_227310,414.69,CARD,1,0,0.0,0,1,TIER_1_METRO,0.811,2,1,4,0
ord_88452035,cust_971243,700.35,CARD,2,0,0.0,0,4,TIER_3_HIGH_RISK,0.508,0,1,10,1
ord_96687822,cust_622222,1529.39,COD,4,0,0.0,0,1,TIER_1_METRO,0.839,0,1,17,0
ord_71501716,cust_213846,1083.13,COD,4,0,0.0,0,1,TIER_1_METRO,0.862,0,2,1,0
ord_52751102,cust_997465,969.08,COD,5,0,0.0,0,1,TIER_2,0.454,0,2,19,0
ord_54273384,cust_823277,720.47,COD,2,0,0.0,0,2,TIER_2,0.588,2,1,13,1
ord_35928614,cust_475513,1559.93,COD,0,0,0.0,1,1,TIER_3_HIGH_RISK,0.815,0,4,23,1
ord_75758489,cust_818655,10187.34,UPI,10,0,0.0,0,2,TIER_1_METRO,0.859,0,1,17,0
ord_34566499,cust_152784,3928.45,UPI,7,0,0.0,0,1,TIER_1_METRO,0.836,0,1,11,0
ord_55769490,cust_547842,1071.74,UPI,13,0,0.0,0,1,TIER_1_METRO,0.621,0,2,4,0
ord_39892058,cust_469462,896.69,COD,1,1,1.0,0,1,TIER_3_HIGH_RISK,0.474,1,1,23,1
ord_23721078,cust_765197,700.45,UPI,0,0,0.0,1,1,TIER_1_METRO,0.764,0,2,7,0
ord_44613597,cust_820964,799.25,COD,8,0,0.0,0,1,TIER_1_METRO,0.708,0,3,7,0
ord_78120794,cust_679701,1695.05,CARD,2,0,0.0,0,1,TIER_1_METRO,0.764,0,3,16,0
ord_15467977,cust_997561,1479.98,UPI,0,0,0.0,1,1,TIER_2,0.887,0,3,2,1
ord_43012055,cust_721618,426.72,COD,0,0,0.0,1,1,TIER_1_METRO,0.434,0,3,21,1
ord_11765317,cust_504042,3003.25,UPI,0,0,0.0,1,2,TIER_2,0.753,3,2,21,0
ord_43268890,cust_389400,1351.85,COD,10,0,0.0,0,5,TIER_2,0.469,1,5,22,1
ord_80015732,cust_991417,2877.57,UPI,8,0,0.0,0,1,TIER_1_METRO,0.819,2,1,13,0
ord_90227396,cust_563871,1490.62,UPI,21,1,0.0476,0,3,TIER_3_HIGH_RISK,0.342,0,1,9,0
ord_18167707,cust_893917,1759.75,COD,5,0,0.0,0,4,TIER_1_METRO,0.694,0,1,14,1
ord_86904291,cust_312361,1113.61,CARD,15,0,0.0,0,1,TIER_2,0.815,0,1,2,0
ord_99152742,cust_851679,1000.28,UPI,0,0,0.0,1,1,TIER_2,0.784,2,1,9,1
ord_26678093,cust_254837,2051.01,COD,0,0,0.0,1,2,TIER_2,0.862,2,1,18,1
ord_30671672,cust_639899,253.67,COD,10,0,0.0,0,1,TIER_3_HIGH_RISK,0.708,0,1,7,0
ord_70050986,cust_801791,805.22,CARD,0,0,0.0,1,1,TIER_1_METRO,0.769,1,1,10,1
ord_92148149,cust_783450,1402.75,UPI,4,0,0.0,0,2,TIER_1_METRO,0.787,0,1,4,0
ord_93754878,cust_576663,626.69,COD,0,0,0.0,1,1,TIER_1_METRO,0.931,1,1,13,1
ord_46446344,cust_514521,3486.45,CARD,0,0,0.0,1,2,TIER_2,0.864,0,4,14,0
ord_57818749,cust_632560,348.74,COD,7,0,0.0,0,1,TIER_2,0.841,1,1,11,1
ord_36249509,cust_648736,614.45,COD,0,0,0.0,1,5,TIER_1_METRO,0.976,1,4,3,1
ord_85628656,cust_466296,2968.0,UPI,10,1,0.1,0,1,TIER_1_METRO,0.631,0,2,3,0
ord_47282093,cust_281298,1026.67,COD,9,0,0.0,0,1,TIER_2,0.746,0,1,2,0
ord_77529752,cust_638182,625.86,COD,10,0,0.0,0,1,TIER_2,0.742,0,2,15,0
ord_87707325,cust_217926,2699.78,COD,1,0,0.0,0,1,TIER_1_METRO,0.746,2,1,14,0
ord_14713199,cust_557283,1761.86,UPI,0,0,0.0,1,1,TIER_3_HIGH_RISK,0.798,0,2,4,0
ord_54300721,cust_730363,1841.36,COD,0,0,0.0,1,1,TIER_1_METRO,0.667,2,1,0,0
ord_17704625,cust_159092,1632.84,COD,10,0,0.0,0,1,TIER_2,0.705,1,1,22,1
ord_46513466,cust_694331,1210.27,COD,1,0,0.0,0,1,TIER_1_METRO,0.738,2,2,5,1
ord_17456985,cust_946430,2572.15,UPI,1,0,0.0,0,2,TIER_1_METRO,0.939,0,1,8,0
ord_29729934,cust_783440,2204.32,COD,3,0,0.0,0,2,TIER_1_METRO,0.825,1,2,16,0
ord_56875246,cust_682016,343.33,COD,18,2,0.1111,0,2,TIER_1_METRO,0.904,1,1,19,1
ord_97999004,cust_149647,2797.36,UPI,0,0,0.0,1,1,TIER_1_METRO,0.871,0,2,21,0
ord_27196719,cust_462928,5238.57,UPI,5,1,0.2,0,1,TIER_2,0.818,0,1,4,0
ord_28926199,cust_502894,630.1,COD,1,0,0.0,0,1,TIER_1_METRO,0.788,0,3,11,0
ord_72182821,cust_812111,2158.31,UPI,1,0,0.0,0,1,TIER_1_METRO,0.672,2,2,1,0
ord_86288117,cust_346797,556.66,UPI,3,0,0.0,0,2,TIER_1_METRO,0.644,0,1,5,0
ord_30681938,cust_341630,354.52,COD,1,0,0.0,0,1,TIER_2,0.708,2,1,2,0
ord_84144519,cust_483021,4299.18,COD,0,0,0.0,1,1,TIER_1_METRO,0.772,0,2,13,1
ord_92765014,cust_550470,1310.52,COD,7,0,0.0,0,1,TIER_2,0.846,3,2,18,0
ord_94196043,cust_880136,349.87,UPI,7,0,0.0,0,1,TIER_2,0.96,0,1,9,0
ord_73666354,cust_632661,1835.13,UPI,3,0,0.0,0,1,TIER_2,0.761,2,1,23,0
ord_99805666,cust_189074,469.1,UPI,5,0,0.0,0,1,TIER_1_METRO,0.773,0,2,9,0
ord_41397110,cust_325877,4840.03,COD,11,2,0.1818,0,1,TIER_2,0.822,0,1,18,1
ord_21045787,cust_255579,1499.29,CARD,2,0,0.0,0,2,TIER_1_METRO,0.916,0,1,1,0
ord_42754671,cust_901341,889.59,UPI,0,0,0.0,1,1,TIER_2,0.505,0,1,13,1
ord_58730049,cust_618982,1646.0,COD,0,0,0.0,1,1,TIER_2,0.768,1,1,21,1
ord_85918473,cust_553413,1205.93,CARD,1,0,0.0,0,1,TIER_2,0.69,0,5,21,0
ord_67601271,cust_563447,567.83,UPI,3,1,0.3333,0,2,TIER_2,0.877,0,2,23,0
ord_62232248,cust_761818,1756.52,COD,12,0,0.0,0,1,TIER_2,0.852,0,1,5,0
ord_73934265,cust_746520,604.03,COD,4,1,0.25,0,1,TIER_1_METRO,0.832,1,2,15,0
ord_95818891,cust_972362,4560.25,COD,0,0,0.0,1,1,TIER_1_METRO,0.885,0,1,10,1
ord_54685691,cust_436972,311.19,CARD,0,0,0.0,1,1,TIER_1_METRO,0.824,1,1,6,0
ord_15643473,cust_169468,1366.18,COD,4,0,0.0,0,2,TIER_1_METRO,0.852,0,3,12,0
ord_83487886,cust_860872,2722.01,UPI,1,0,0.0,0,4,TIER_1_METRO,0.908,1,2,21,0
ord_34944791,cust_198856,1379.19,UPI,1,0,0.0,0,1,TIER_3_HIGH_RISK,0.89,0,1,14,0
ord_56053730,cust_783570,1109.47,UPI,6,0,0.0,0,1,TIER_2,0.706,0,1,2,0
ord_97815685,cust_349699,1670.23,COD,15,3,0.2,0,1,TIER_3_HIGH_RISK,0.768,0,1,16,1
ord_61296836,cust_905298,3055.26,UPI,0,0,0.0,1,2,TIER_2,0.934,0,1,5,0
ord_97457467,cust_613062,826.4,UPI,0,0,0.0,1,2,TIER_3_HIGH_RISK,0.683,0,1,6,0
ord_40613058,cust_196429,2827.14,COD,4,0,0.0,0,1,TIER_2,0.618,0,2,21,0
ord_96000416,cust_697816,495.18,UPI,6,0,0.0,0,1,TIER_2,0.987,0,3,7,0
ord_14236901,cust_805170,658.91,UPI,0,0,0.0,1,1,TIER_1_METRO,0.954,0,4,7,0
ord_77197644,cust_505096,262.66,COD,5,0,0.0,0,1,TIER_2,0.969,1,2,22,0
ord_48560290,cust_239244,1270.46,UPI,1,0,0.0,0,1,TIER_2,0.636,0,1,18,0
ord_18744047,cust_233823,1654.01,CARD,17,1,0.0588,0,1,TIER_1_METRO,0.843,0,1,16,0
ord_98093722,cust_853045,1985.98,COD,0,0,0.0,1,1,TIER_1_METRO,0.702,0,2,6,0
ord_14030272,cust_861608,1332.8,UPI,4,1,0.25,0,1,TIER_2,0.723,1,1,4,1
ord_20187823,cust_379116,2619.74,UPI,1,0,0.0,0,1,TIER_1_METRO,0.781,0,1,3,0
ord_92181046,cust_946801,420.74,UPI,9,0,0.0,0,1,TIER_1_METRO,0.877,1,1,17,0
ord_21368954,cust_199830,1036.3,CARD,0,0,0.0,1,1,TIER_1_METRO,0.766,0,3,19,0
ord_75147039,cust_394887,1320.28,COD,4,0,0.0,0,1,TIER_1_METRO,0.504,0,1,11,0
ord_24246173,cust_357023,1058.92,COD,9,1,0.1111,0,1,TIER_1_METRO,0.914,0,1,23,1
ord_17389434,cust_742757,528.3,CARD,10,0,0.0,0,3,TIER_1_METRO,0.886,0,1,3,0
ord_59358349,cust_156305,576.05,NETBANKING,3,0,0.0,0,1,TIER_3_HIGH_RISK,0.546,0,1,14,1
ord_51036858,cust_666713,1402.0,NETBANKING,0,0,0.0,1,1,TIER_1_METRO,0.983,1,8,3,0
ord_87568041,cust_254220,2342.35,UPI,4,0,0.0,0,1,TIER_3_HIGH_RISK,0.504,1,2,8,0
ord_60479826,cust_835224,1201.98,CARD,0,0,0.0,1,2,TIER_2,0.908,0,1,15,0
ord_77917165,cust_539268,1471.39,UPI,4,0,0.0,0,1,TIER_3_HIGH_RISK,0.782,1,2,2,0
ord_82246820,cust_284943,500.15,COD,0,0,0.0,1,1,TIER_2,0.895,0,1,13,0
ord_13275654,cust_406534,556.91,CARD,0,0,0.0,1,1,TIER_1_METRO,0.665,3,1,9,0
ord_97695777,cust_833898,3776.36,UPI,0,0,0.0,1,1,TIER_2,0.717,0,1,0,1
ord_55017835,cust_293050,1526.72,COD,0,0,0.0,1,1,TIER_3_HIGH_RISK,0.376,0,3,11,1
ord_53767020,cust_714727,328.99,UPI,4,0,0.0,0,1,TIER_2,0.83,0,1,4,0
ord_90548410,cust_709472,1279.61,COD,5,0,0.0,0,1,TIER_1_METRO,0.743,0,8,18,0
ord_77613519,cust_386243,799.62,COD,0,0,0.0,1,1,TIER_2,0.65,0,2,6,1
ord_70598522,cust_244707,834.62,COD,0,0,0.0,1,3,TIER_2,0.827,0,1,21,1
ord_33183099,cust_713582,1115.49,COD,8,0,0.0,0,1,TIER_3_HIGH_RISK,0.703,0,2,15,0
ord_49016162,cust_257400,659.16,COD,8,0,0.0,0,2,TIER_1_METRO,0.423,0,1,4,0
ord_36039937,cust_633473,396.87,CARD,15,3,0.2,0,1,TIER_2,0.608,0,2,13,0
ord_52725573,cust_290563,1966.11,CARD,0,0,0.0,1,1,TIER_1_METRO,0.516,1,1,4,0
ord_83170646,cust_893477,3164.56,COD,16,0,0.0,0,1,TIER_1_METRO,0.441,0,1,4,0
ord_59745662,cust_706151,2109.95,COD,6,0,0.0,0,1,TIER_2,0.742,0,3,19,0
ord_55993847,cust_450484,3228.56,COD,8,0,0.0,0,2,TIER_2,0.66,0,2,21,0
ord_30462320,cust_379360,1467.37,COD,4,0,0.0,0,3,TIER_2,0.717,0,4,15,0
ord_59562381,cust_133043,902.73,COD,11,0,0.0,0,1,TIER_3_HIGH_RISK,0.851,0,1,21,0
ord_33484187,cust_857131,379.2,CARD,0,0,0.0,1,4,TIER_2,0.471,0,1,9,1
ord_45457556,cust_421367,592.17,COD,0,0,0.0,1,1,TIER_1_METRO,0.801,0,3,6,0
ord_60106235,cust_705265,656.88,UPI,0,0,0.0,1,1,TIER_1_METRO,0.958,0,1,22,0
ord_57331945,cust_245384,1903.55,NETBANKING,0,0,0.0,1,1,TIER_1_METRO,0.763,0,1,18,0
ord_82817929,cust_140770,5342.48,UPI,0,0,0.0,1,1,TIER_1_METRO,0.956,2,4,16,0
